candle_date,expansion_ts,expansion_dir,chain_found,next_candle_date,next_first_hit_ts,next_first_hit_level,next_first_hit_px,minutes_from_expansion
2025-05-02,2025-05-02 11:15:00-04:00,1,True,2025-05-05,2025-05-04 19:45:00-04:00,L75,20053.75,3390.0
2025-05-05,2025-05-05 10:54:00-04:00,1,True,2025-05-06,2025-05-06 04:17:00-04:00,L100,19875.25,1043.0
2025-05-06,2025-05-06 10:45:00-04:00,1,True,2025-05-07,2025-05-06 10:45:00-04:00,L75,19924.25,0.0
2025-05-07,2025-05-07 14:06:00-04:00,-1,True,2025-05-08,2025-05-07 21:07:00-04:00,L0,20067.25,421.0
2025-05-08,2025-05-08 11:28:00-04:00,1,True,2025-05-09,2025-05-08 11:40:00-04:00,L50,20238.0,12.0
2025-05-09,2025-05-09 10:21:00-04:00,-1,True,2025-05-12,2025-05-12 03:00:00-04:00,L0,20745.5,3879.0
2025-05-12,2025-05-12 12:43:00-04:00,1,True,2025-05-13,2025-05-13 08:30:00-04:00,L0,21033.5,1187.0
2025-05-13,2025-05-13 09:52:00-04:00,1,True,2025-05-14,2025-05-13 11:25:00-04:00,L0,21280.0,93.0
2025-05-14,2025-05-14 12:32:00-04:00,1,True,2025-05-15,2025-05-14 13:17:00-04:00,L100,21323.0,45.0
2025-05-15,2025-05-15 11:17:00-04:00,1,True,2025-05-16,2025-05-15 11:21:00-04:00,L25,21414.25,4.0
2025-05-16,2025-05-16 10:35:00-04:00,-1,True,2025-05-19,2025-05-16 10:35:00-04:00,L100,21385.5,0.0
2025-05-19,2025-05-19 10:07:00-04:00,1,True,2025-05-20,2025-05-19 10:07:00-04:00,L100,21432.75,0.0
2025-05-20,2025-05-21 02:38:00-04:00,-1,True,2025-05-21,2025-05-21 07:57:00-04:00,L0,21351.0,319.0
2025-05-21,2025-05-21 10:50:00-04:00,1,True,2025-05-22,2025-05-21 13:29:00-04:00,L100,21203.5,159.0
2025-05-22,2025-05-22 09:53:00-04:00,1,True,2025-05-23,2025-05-23 07:44:00-04:00,L100,20944.75,1311.0
2025-05-23,2025-05-23 10:25:00-04:00,1,True,2025-05-26,2025-05-26 09:33:00-04:00,L50,21300.0,4268.0
2025-05-26,2025-05-26 09:55:00-04:00,-1,True,2025-05-27,2025-05-26 09:55:00-04:00,L100,21278.25,0.0
2025-05-27,2025-05-27 10:00:00-04:00,1,True,2025-05-28,2025-05-27 13:57:00-04:00,L0,21474.5,237.0
2025-05-28,2025-05-28 15:40:00-04:00,-1,True,2025-05-29,2025-05-28 16:38:00-04:00,L0,21488.0,58.0
2025-05-29,2025-05-29 10:07:00-04:00,-1,True,2025-05-30,2025-05-29 11:59:00-04:00,L100,21349.0,112.0
2025-05-30,2025-05-30 10:12:00-04:00,1,True,2025-06-02,2025-05-30 10:12:00-04:00,L0,21374.75,0.0
2025-06-02,2025-06-02 09:53:00-04:00,-1,True,2025-06-03,2025-06-02 16:12:00-04:00,L0,21556.5,379.0
2025-06-03,2025-06-03 10:51:00-04:00,1,True,2025-06-04,2025-06-03 13:18:00-04:00,L0,21751.25,147.0
2025-06-04,2025-06-04 10:00:00-04:00,-1,True,2025-06-05,2025-06-04 10:00:00-04:00,L25,21723.25,0.0
2025-06-05,2025-06-05 10:46:00-04:00,1,True,2025-06-06,2025-06-05 10:46:00-04:00,L75,21854.75,0.0
2025-06-06,2025-06-06 11:17:00-04:00,-1,True,2025-06-09,2025-06-06 11:17:00-04:00,L100,21808.5,0.0
2025-06-09,2025-06-09 10:10:00-04:00,1,True,2025-06-10,2025-06-09 10:12:00-04:00,L25,21845.75,2.0
2025-06-10,2025-06-10 12:28:00-04:00,1,True,2025-06-11,2025-06-10 12:28:00-04:00,L0,21905.5,0.0
2025-06-11,2025-06-11 10:26:00-04:00,1,True,2025-06-12,2025-06-11 14:02:00-04:00,L100,21887.25,216.0
2025-06-12,2025-06-12 10:14:00-04:00,1,True,2025-06-13,2025-06-12 20:00:00-04:00,L50,21755.25,586.0
2025-06-13,2025-06-13 10:10:00-04:00,-1,True,2025-06-16,2025-06-13 11:51:00-04:00,L0,21839.75,101.0
2025-06-16,2025-06-16 10:00:00-04:00,1,True,2025-06-17,2025-06-16 18:47:00-04:00,L100,21851.5,527.0
2025-06-17,2025-06-17 10:12:00-04:00,1,True,2025-06-18,2025-06-17 13:30:00-04:00,L100,21787.0,198.0
2025-06-18,2025-06-18 10:12:00-04:00,1,True,2025-06-19,2025-06-19 09:38:00-04:00,L100,21510.0,1406.0
2025-06-19,2025-06-19 18:00:00-04:00,1,True,2025-06-23,2025-06-20 09:28:00-04:00,L50,21876.75,928.0
2025-06-23,2025-06-23 10:06:00-04:00,1,True,2025-06-24,2025-06-24 02:01:00-04:00,L0,22308.5,955.0
2025-06-24,2025-06-24 11:12:00-04:00,1,True,2025-06-25,2025-06-25 09:30:00-04:00,L0,22517.75,1338.0
2025-06-25,2025-06-25 10:50:00-04:00,-1,True,2025-06-26,2025-06-25 10:50:00-04:00,L0,22480.25,0.0
2025-06-26,2025-06-26 10:31:00-04:00,1,True,2025-06-27,2025-06-27 02:32:00-04:00,L0,22731.25,961.0
2025-06-27,2025-06-27 09:56:00-04:00,1,True,2025-06-30,2025-06-27 10:03:00-04:00,L0,22797.75,7.0
2025-06-30,2025-06-30 12:04:00-04:00,1,True,2025-07-01,2025-06-30 13:05:00-04:00,L100,22830.75,61.0
2025-07-01,2025-07-01 10:28:00-04:00,-1,True,2025-07-02,2025-07-01 10:37:00-04:00,L100,22728.25,9.0
2025-07-02,2025-07-02 10:15:00-04:00,1,True,2025-07-03,2025-07-03 09:30:00-04:00,L75,22968.75,1395.0
2025-07-03,2025-07-03 09:58:00-04:00,1,True,2025-07-04,2025-07-04 04:15:00-04:00,L75,22927.5,1097.0
2025-07-04,2025-07-06 18:00:00-04:00,1,True,2025-07-07,2025-07-06 18:00:00-04:00,L100,22996.5,0.0
2025-07-07,2025-07-07 12:43:00-04:00,-1,True,2025-07-08,2025-07-07 12:43:00-04:00,L0,22881.75,0.0
2025-07-08,2025-07-08 09:59:00-04:00,-1,True,2025-07-09,2025-07-09 09:40:00-04:00,L0,23054.5,1421.0
2025-07-09,2025-07-09 10:31:00-04:00,-1,True,2025-07-10,2025-07-09 10:31:00-04:00,L25,23001.25,0.0
2025-07-10,2025-07-10 09:58:00-04:00,-1,True,2025-07-11,2025-07-10 09:59:00-04:00,L100,22960.0,1.0
2025-07-11,2025-07-11 13:07:00-04:00,1,True,2025-07-14,2025-07-11 15:06:00-04:00,L100,22935.5,119.0
2025-07-14,2025-07-14 11:01:00-04:00,1,True,2025-07-15,2025-07-14 21:51:00-04:00,L0,23145.25,650.0
2025-07-15,2025-07-15 12:57:00-04:00,-1,True,2025-07-16,2025-07-15 16:03:00-04:00,L100,23030.25,186.0
2025-07-16,2025-07-16 11:17:00-04:00,-1,True,2025-07-17,2025-07-17 02:06:00-04:00,L25,23123.0,889.0
2025-07-17,2025-07-17 10:32:00-04:00,1,True,2025-07-18,2025-07-17 12:23:00-04:00,L0,23265.5,111.0
2025-07-18,2025-07-18 10:06:00-04:00,-1,True,2025-07-21,2025-07-21 09:42:00-04:00,L25,23346.0,4296.0
2025-07-21,2025-07-22 03:55:00-04:00,-1,True,2025-07-22,2025-07-22 04:00:00-04:00,L100,23279.75,5.0
2025-07-22,2025-07-22 09:53:00-04:00,-1,True,2025-07-23,2025-07-22 09:53:00-04:00,L0,23142.25,0.0
2025-07-23,2025-07-23 13:43:00-04:00,1,True,2025-07-24,2025-07-23 16:02:00-04:00,L50,23376.5,139.0
2025-07-24,2025-07-25 12:13:00-04:00,1,True,2025-07-25,2025-07-30 15:00:00-04:00,L100,23389.75,7367.0
2025-07-25,2025-07-25 10:11:00-04:00,1,True,2025-07-28,2025-07-25 12:26:00-04:00,L0,23467.0,135.0
2025-07-28,2025-07-29 03:42:00-04:00,1,True,2025-07-29,2025-07-29 03:44:00-04:00,L0,23574.75,2.0
2025-07-29,2025-07-29 10:53:00-04:00,-1,True,2025-07-30,2025-07-29 10:53:00-04:00,L100,23522.5,0.0
2025-07-30,2025-07-30 14:56:00-04:00,-1,True,2025-07-31,2025-07-30 16:02:00-04:00,L0,23556.0,66.0
2025-07-31,2025-07-31 10:58:00-04:00,-1,True,2025-08-01,2025-08-01 09:43:00-04:00,L100,22941.5,1365.0
2025-08-01,2025-08-01 11:44:00-04:00,1,True,2025-08-04,2025-08-04 09:43:00-04:00,L0,23187.25,4199.0
2025-08-04,2025-08-04 12:00:00-04:00,1,True,2025-08-05,2025-08-04 18:00:00-04:00,L0,23339.75,360.0
2025-08-05,2025-08-05 10:13:00-04:00,-1,True,2025-08-06,2025-08-05 10:36:00-04:00,L100,23245.25,23.0
2025-08-06,2025-08-06 11:10:00-04:00,1,True,2025-08-07,2025-08-07 04:28:00-04:00,L0,23572.0,1038.0
2025-08-07,2025-08-07 10:55:00-04:00,-1,True,2025-08-08,2025-08-08 09:42:00-04:00,L25,23610.5,1367.0
2025-08-08,2025-08-08 10:27:00-04:00,1,True,2025-08-11,2025-08-08 14:00:00-04:00,L0,23715.25,213.0
2025-08-11,2025-08-11 10:12:00-04:00,1,True,2025-08-12,2025-08-11 10:12:00-04:00,L75,23749.0,0.0
2025-08-12,2025-08-12 11:16:00-04:00,1,True,2025-08-13,2025-08-13 08:48:00-04:00,L0,24025.75,1292.0
2025-08-13,2025-08-13 10:00:00-04:00,-1,True,2025-08-14,2025-08-13 10:47:00-04:00,L100,23934.5,47.0
2025-08-14,2025-08-14 10:31:00-04:00,1,True,2025-08-15,2025-08-15 09:31:00-04:00,L100,23853.0,1380.0
2025-08-15,2025-08-19 09:32:00-04:00,-1,True,2025-08-18,2025-08-28 13:30:00-04:00,L0,23762.0,13198.0
2025-08-18,2025-08-18 11:29:00-04:00,-1,True,2025-08-19,2025-08-19 09:33:00-04:00,L100,23682.0,1324.0
2025-08-19,2025-08-19 10:42:00-04:00,-1,True,2025-08-20,2025-08-20 09:44:00-04:00,L100,23322.75,1382.0
2025-08-20,2025-08-20 09:53:00-04:00,-1,True,2025-08-21,2025-08-20 09:53:00-04:00,L25,23187.0,0.0
2025-08-21,2025-08-22 10:00:00-04:00,1,True,2025-08-22,2025-08-22 10:00:00-04:00,L100,23457.75,0.0
2025-08-22,2025-08-22 10:01:00-04:00,1,True,2025-08-25,2025-08-22 10:01:00-04:00,L75,23480.25,0.0
2025-08-25,2025-08-25 10:05:00-04:00,1,True,2025-08-26,2025-08-25 15:59:00-04:00,L100,23495.5,354.0
2025-08-26,2025-08-26 15:22:00-04:00,1,True,2025-08-27,2025-08-27 09:31:00-04:00,L100,23552.5,1089.0
2025-08-27,2025-08-27 10:15:00-04:00,1,True,2025-08-28,2025-08-27 14:16:00-04:00,L0,23656.25,241.0
2025-08-28,2025-08-28 12:28:00-04:00,1,True,2025-08-29,2025-08-29 09:39:00-04:00,L100,23596.5,1271.0
2025-08-29,2025-08-29 10:05:00-04:00,-1,True,2025-09-01,2025-08-29 10:05:00-04:00,L0,23466.0,0.0
2025-09-01,2025-09-01 11:22:00-04:00,1,True,2025-09-02,2025-09-02 08:02:00-04:00,L100,23194.5,1240.0
2025-09-02,2025-09-02 11:35:00-04:00,-1,True,2025-09-03,2025-09-02 16:10:00-04:00,L0,23353.75,275.0
2025-09-03,2025-09-03 10:20:00-04:00,1,True,2025-09-04,2025-09-03 10:25:00-04:00,L0,23461.5,5.0
2025-09-04,2025-09-04 13:04:00-04:00,1,True,2025-09-05,2025-09-05 08:30:00-04:00,L0,23748.25,1166.0
2025-09-05,2025-09-05 10:09:00-04:00,-1,True,2025-09-08,2025-09-08 09:34:00-04:00,L25,23820.25,4285.0
2025-09-08,2025-09-08 15:12:00-04:00,-1,True,2025-09-09,2025-09-08 18:35:00-04:00,L0,23822.75,203.0
2025-09-09,2025-09-09 10:27:00-04:00,-1,True,2025-09-10,2025-09-09 16:43:00-04:00,L0,23914.0,376.0
2025-09-10,2025-09-10 10:24:00-04:00,1,True,2025-09-11,2025-09-10 10:28:00-04:00,L100,23965.0,4.0
2025-09-11,2025-09-11 10:45:00-04:00,1,True,2025-09-12,2025-09-11 10:45:00-04:00,L0,24002.0,0.0
2025-09-12,2025-09-12 10:21:00-04:00,1,True,2025-09-15,2025-09-15 09:31:00-04:00,L0,24203.75,4270.0
2025-09-15,2025-09-15 11:00:00-04:00,1,True,2025-09-16,2025-09-15 15:57:00-04:00,L0,24301.75,297.0
2025-09-16,2025-09-16 11:02:00-04:00,-1,True,2025-09-17,2025-09-16 12:03:00-04:00,L100,24262.5,61.0
2025-09-17,2025-09-17 10:43:00-04:00,-1,True,2025-09-18,2025-09-17 22:16:00-04:00,L0,24356.0,693.0
2025-09-18,2025-09-18 10:03:00-04:00,1,True,2025-09-22,2025-09-21 18:00:00-04:00,L75,24857.5,4797.0
2025-09-22,2025-09-22 10:21:00-04:00,1,True,2025-09-23,2025-09-22 12:11:00-04:00,L0,24949.25,110.0
2025-09-23,2025-09-23 12:56:00-04:00,-1,True,2025-09-24,2025-09-23 13:36:00-04:00,L75,24832.5,40.0
2025-09-24,2025-09-24 11:34:00-04:00,-1,True,2025-09-25,2025-09-25 09:36:00-04:00,L75,24487.75,1322.0
2025-09-25,2025-09-25 10:10:00-04:00,1,True,2025-09-26,2025-09-25 10:42:00-04:00,L0,24642.75,32.0
2025-09-26,2025-09-26 10:24:00-04:00,-1,True,2025-09-29,2025-09-29 09:43:00-04:00,L0,24901.5,4279.0
2025-09-29,2025-09-29 11:15:00-04:00,-1,True,2025-09-30,2025-09-29 13:03:00-04:00,L100,24805.25,108.0
2025-09-30,2025-09-30 14:48:00-04:00,1,True,2025-10-01,2025-09-30 14:55:00-04:00,L100,24843.0,7.0
2025-10-01,2025-10-01 11:45:00-04:00,1,True,2025-10-02,2025-10-01 14:39:00-04:00,L0,25024.75,174.0
2025-10-02,2025-10-02 15:02:00-04:00,1,True,2025-10-03,2025-10-02 20:11:00-04:00,L0,25132.25,309.0
2025-10-03,2025-10-03 09:58:00-04:00,-1,True,2025-10-06,2025-10-03 11:21:00-04:00,L0,25137.5,83.0
2025-10-06,2025-10-06 11:57:00-04:00,1,True,2025-10-07,2025-10-06 13:25:00-04:00,L0,25227.0,88.0
2025-10-07,2025-10-07 10:35:00-04:00,-1,True,2025-10-08,2025-10-07 11:03:00-04:00,L75,25158.75,28.0
2025-10-08,2025-10-08 10:01:00-04:00,1,True,2025-10-09,2025-10-08 11:50:00-04:00,L0,25255.25,109.0
2025-10-09,2025-10-09 12:58:00-04:00,-1,True,2025-10-10,2025-10-09 20:02:00-04:00,L0,25342.0,424.0
2025-10-10,2025-10-10 10:57:00-04:00,-1,True,2025-10-13,2025-10-10 11:24:00-04:00,L100,24823.5,27.0
2025-10-13,2025-10-13 11:31:00-04:00,1,True,2025-10-14,2025-10-14 06:47:00-04:00,L100,24512.5,1156.0
2025-10-14,2025-10-14 10:04:00-04:00,1,True,2025-10-15,2025-10-14 12:37:00-04:00,L0,24904.5,153.0
2025-10-15,2025-10-15 10:07:00-04:00,1,True,2025-10-16,2025-10-15 10:07:00-04:00,L50,25083.0,0.0
2025-10-16,2025-10-16 11:45:00-04:00,-1,True,2025-10-17,2025-10-16 12:32:00-04:00,L75,24759.75,47.0
2025-10-17,2025-10-17 12:03:00-04:00,1,True,2025-10-20,2025-10-20 09:31:00-04:00,L0,25175.5,4168.0
2025-10-20,2025-10-20 10:29:00-04:00,1,True,2025-10-21,2025-10-21 03:07:00-04:00,L100,25266.0,998.0
2025-10-21,2025-10-21 11:47:00-04:00,1,True,2025-10-22,2025-10-21 13:01:00-04:00,L100,25269.5,74.0
2025-10-22,2025-10-22 10:23:00-04:00,-1,True,2025-10-23,2025-10-22 10:28:00-04:00,L100,25139.75,5.0
2025-10-23,2025-10-23 10:38:00-04:00,1,True,2025-10-24,2025-10-24 08:30:00-04:00,L50,25506.25,1312.0
2025-10-24,2025-10-26 18:00:00-04:00,1,True,2025-10-27,2025-10-27 05:43:00-04:00,L0,25824.25,703.0
2025-10-27,2025-10-27 11:01:00-04:00,1,True,2025-10-28,2025-10-28 09:03:00-04:00,L25,26047.5,1322.0
2025-10-28,2025-10-28 12:46:00-04:00,1,True,2025-10-29,2025-10-29 02:09:00-04:00,L0,26268.75,803.0
2025-10-29,2025-10-29 11:33:00-04:00,-1,True,2025-10-30,2025-10-29 14:39:00-04:00,L100,26081.75,186.0
2025-10-30,2025-10-30 20:28:00-04:00,1,True,2025-10-31,2025-10-31 09:40:00-04:00,L100,26146.25,792.0
2025-10-31,2025-10-31 10:46:00-04:00,1,True,2025-11-03,2025-10-31 10:46:00-04:00,L75,26175.0,0.0
2025-11-03,2025-11-03 10:15:00-05:00,-1,True,2025-11-04,2025-11-04 01:08:00-05:00,L100,25780.75,893.0
2025-11-04,2025-11-04 09:53:00-05:00,1,True,2025-11-05,2025-11-04 13:20:00-05:00,L100,25621.75,207.0
2025-11-05,2025-11-05 10:41:00-05:00,1,True,2025-11-06,2025-11-05 11:14:00-05:00,L100,25679.0,33.0
2025-11-06,2025-11-06 09:57:00-05:00,-1,True,2025-11-07,2025-11-07 09:36:00-05:00,L100,25001.0,1419.0
2025-11-07,2025-11-07 10:44:00-05:00,-1,True,2025-11-10,2025-11-10 09:39:00-05:00,L0,25611.5,4255.0
2025-11-10,2025-11-10 10:50:00-05:00,-1,True,2025-11-11,2025-11-10 10:50:00-05:00,L0,25578.0,0.0
2025-11-11,2025-11-11 10:30:00-05:00,-1,True,2025-11-12,2025-11-11 11:22:00-05:00,L0,25572.25,52.0
2025-11-12,2025-11-13 09:00:00-05:00,-1,True,2025-11-13,2025-11-13 09:40:00-05:00,L100,25362.75,40.0
2025-11-13,2025-11-13 10:54:00-05:00,-1,True,2025-11-14,2025-11-14 03:41:00-05:00,L100,24908.5,1007.0
2025-11-14,2025-11-14 10:28:00-05:00,1,True,2025-11-17,2025-11-14 10:46:00-05:00,L0,25152.5,18.0
2025-11-17,2025-11-17 10:33:00-05:00,-1,True,2025-11-18,2025-11-17 15:03:00-05:00,L100,24741.75,270.0
2025-11-18,2025-11-18 10:01:00-05:00,-1,True,2025-11-19,2025-11-18 12:43:00-05:00,L0,24706.5,162.0
2025-11-19,2025-11-19 09:53:00-05:00,1,True,2025-11-20,2025-11-19 21:02:00-05:00,L0,25159.75,669.0
2025-11-20,2025-11-20 11:05:00-05:00,-1,True,2025-11-21,2025-11-20 14:04:00-05:00,L100,24236.25,179.0
2025-11-21,2025-11-21 11:58:00-05:00,1,True,2025-11-24,2025-11-24 09:32:00-05:00,L25,24636.25,4174.0
2025-11-24,2025-11-24 10:35:00-05:00,1,True,2025-11-25,2025-11-25 09:43:00-05:00,L100,24724.0,1388.0
2025-11-25,2025-11-25 10:44:00-05:00,1,True,2025-11-26,2025-11-26 02:35:00-05:00,L0,25232.25,951.0
2025-11-26,2025-11-26 09:56:00-05:00,-1,True,2025-11-27,2025-11-26 11:05:00-05:00,L0,25295.25,69.0
2025-11-27,2025-11-27 18:00:00-05:00,1,True,2025-11-28,2025-11-27 19:05:00-05:00,L0,25337.0,65.0
2025-11-28,2025-11-30 18:00:00-05:00,1,True,2025-12-01,2025-11-30 19:45:00-05:00,L100,25329.75,105.0
2025-12-01,2025-12-01 11:42:00-05:00,1,True,2025-12-02,2025-12-02 09:36:00-05:00,L50,25586.0,1314.0
2025-12-02,2025-12-02 11:13:00-05:00,-1,True,2025-12-03,2025-12-02 11:22:00-05:00,L75,25499.25,9.0
2025-12-03,2025-12-03 10:33:00-05:00,1,True,2025-12-04,2025-12-03 10:33:00-05:00,L0,25563.25,0.0
2025-12-04,2025-12-04 19:37:00-05:00,1,True,2025-12-05,2025-12-04 21:28:00-05:00,L0,25705.25,111.0
2025-12-05,2025-12-05 09:54:00-05:00,1,True,2025-12-08,2025-12-05 09:54:00-05:00,L75,25794.75,0.0
2025-12-08,2025-12-08 11:01:00-05:00,-1,True,2025-12-09,2025-12-08 11:01:00-05:00,L100,25633.75,0.0
2025-12-09,2025-12-09 10:43:00-05:00,1,True,2025-12-10,2025-12-09 10:43:00-05:00,L100,25677.0,0.0
2025-12-10,2025-12-10 10:36:00-05:00,-1,True,2025-12-11,2025-12-10 10:36:00-05:00,L100,25584.0,0.0
2025-12-11,2025-12-11 14:19:00-05:00,1,True,2025-12-12,2025-12-12 04:41:00-05:00,L100,25579.0,862.0
2025-12-12,2025-12-12 10:08:00-05:00,-1,True,2025-12-15,2025-12-12 10:30:00-05:00,L100,25320.0,22.0
2025-12-15,2025-12-15 10:00:00-05:00,-1,True,2025-12-16,2025-12-15 10:24:00-05:00,L75,25079.25,24.0
2025-12-16,2025-12-17 05:13:00-05:00,1,True,2025-12-17,2025-12-17 09:36:00-05:00,L100,25108.0,263.0
2025-12-17,2025-12-17 10:44:00-05:00,-1,True,2025-12-18,2025-12-17 10:48:00-05:00,L0,24928.0,4.0
2025-12-18,2025-12-18 10:26:00-05:00,1,True,2025-12-22,2025-12-21 20:05:00-05:00,L0,25685.25,4899.0
2025-12-22,2025-12-23 08:37:00-05:00,-1,True,2025-12-23,2025-12-23 09:31:00-05:00,L50,25732.5,54.0
2025-12-23,2025-12-23 09:56:00-05:00,-1,True,2025-12-24,2025-12-23 14:02:00-05:00,L0,25778.25,246.0
2025-12-24,2025-12-24 10:47:00-05:00,1,True,2025-12-26,2025-12-25 19:26:00-05:00,L0,25905.75,1959.0
2025-12-26,2025-12-26 09:55:00-05:00,-1,True,2025-12-29,2025-12-29 02:14:00-05:00,L100,25794.25,3859.0
2025-12-29,2025-12-29 10:51:00-05:00,-1,True,2025-12-30,2025-12-29 10:51:00-05:00,L0,25676.0,0.0
2025-12-30,2025-12-30 19:53:00-05:00,-1,True,2025-12-31,2025-12-30 19:53:00-05:00,L75,25611.75,0.0
2025-12-31,2025-12-31 14:34:00-05:00,-1,True,2026-01-02,2026-01-02 03:14:00-05:00,L0,25688.75,2200.0
2026-01-02,2026-01-02 10:14:00-05:00,-1,True,2026-01-05,2026-01-02 10:14:00-05:00,L50,25604.0,0.0
2026-01-05,2026-01-05 11:49:00-05:00,1,True,2026-01-06,2026-01-05 11:49:00-05:00,L75,25701.5,0.0
2026-01-06,2026-01-06 12:38:00-05:00,1,True,2026-01-07,2026-01-06 18:01:00-05:00,L0,25839.75,323.0
2026-01-07,2026-01-07 10:51:00-05:00,1,True,2026-01-08,2026-01-08 01:22:00-05:00,L100,25682.0,871.0
2026-01-08,2026-01-09 06:34:00-05:00,1,True,2026-01-09,2026-01-09 06:34:00-05:00,L75,25756.25,0.0
2026-01-09,2026-01-09 11:08:00-05:00,1,True,2026-01-12,2026-01-09 11:08:00-05:00,L100,25870.5,0.0
2026-01-12,2026-01-12 10:56:00-05:00,1,True,2026-01-13,2026-01-12 11:16:00-05:00,L0,25950.5,20.0
2026-01-13,2026-01-13 10:09:00-05:00,-1,True,2026-01-14,2026-01-14 09:31:00-05:00,L100,25684.75,1402.0
2026-01-14,2026-01-14 10:44:00-05:00,-1,True,2026-01-15,2026-01-15 08:40:00-05:00,L0,25890.25,1316.0
2026-01-15,2026-01-15 14:05:00-05:00,-1,True,2026-01-16,2026-01-15 14:05:00-05:00,L75,25838.5,0.0
2026-01-16,2026-01-16 09:56:00-05:00,-1,True,2026-01-19,2026-01-19 04:57:00-05:00,L100,25282.75,4021.0
2026-01-19,2026-01-19 09:55:00-05:00,1,True,2026-01-20,2026-01-19 09:55:00-05:00,L50,25293.0,0.0
2026-01-20,2026-01-20 11:29:00-05:00,1,True,2026-01-21,2026-01-20 13:29:00-05:00,L100,25247.75,120.0
2026-01-21,2026-01-21 09:55:00-05:00,1,True,2026-01-22,2026-01-21 14:42:00-05:00,L0,25556.25,287.0
2026-01-22,2026-01-23 10:25:00-05:00,1,True,2026-01-23,2026-01-25 18:00:00-05:00,L0,25472.75,3335.0
2026-01-23,2026-01-23 10:02:00-05:00,1,True,2026-01-26,2026-01-23 10:48:00-05:00,L0,25802.5,46.0
2026-01-26,2026-01-26 10:46:00-05:00,1,True,2026-01-27,2026-01-26 21:36:00-05:00,L0,25959.25,650.0
2026-01-27,2026-01-27 09:53:00-05:00,1,True,2026-01-28,2026-01-28 00:10:00-05:00,L0,26228.0,857.0
2026-01-28,2026-01-28 11:22:00-05:00,-1,True,2026-01-29,2026-01-28 16:03:00-05:00,L100,26015.0,281.0
2026-01-29,2026-01-29 10:00:00-05:00,-1,True,2026-01-30,2026-01-29 10:00:00-05:00,L0,25808.75,0.0
2026-01-30,2026-01-30 11:50:00-05:00,-1,True,2026-02-02,2026-01-30 11:58:00-05:00,L100,25761.5,8.0
2026-02-02,2026-02-02 10:05:00-05:00,1,True,2026-02-03,2026-02-02 10:05:00-05:00,L100,25814.5,0.0
2026-02-03,2026-02-03 09:57:00-05:00,-1,True,2026-02-04,2026-02-03 12:36:00-05:00,L100,25370.0,159.0
2026-02-04,2026-02-04 10:31:00-05:00,-1,True,2026-02-05,2026-02-04 11:49:00-05:00,L100,24953.0,78.0
2026-02-05,2026-02-05 09:56:00-05:00,-1,True,2026-02-06,2026-02-06 09:38:00-05:00,L25,24908.25,1422.0
2026-02-06,2026-02-06 11:13:00-05:00,1,True,2026-02-09,2026-02-06 13:04:00-05:00,L0,25120.0,111.0
2026-02-09,2026-02-09 10:35:00-05:00,1,True,2026-02-10,2026-02-09 10:35:00-05:00,L0,25255.0,0.0
2026-02-10,2026-02-10 09:55:00-05:00,1,True,2026-02-11,2026-02-10 09:55:00-05:00,L25,25388.25,0.0
2026-02-11,2026-02-11 09:59:00-05:00,-1,True,2026-02-12,2026-02-11 09:59:00-05:00,L75,25305.0,0.0
2026-02-12,2026-02-12 10:36:00-05:00,-1,True,2026-02-13,2026-02-12 11:25:00-05:00,L100,24846.75,49.0
2026-02-13,2026-02-13 12:42:00-05:00,1,True,2026-02-16,2026-02-13 15:37:00-05:00,L100,24737.75,175.0
2026-02-16,2026-02-16 18:00:00-05:00,1,True,2026-02-17,2026-02-16 20:52:00-05:00,L100,24712.5,172.0
2026-02-17,2026-02-17 10:25:00-05:00,-1,True,2026-02-18,2026-02-17 11:23:00-05:00,L0,24779.0,58.0
2026-02-18,2026-02-18 10:01:00-05:00,1,True,2026-02-19,2026-02-19 04:49:00-05:00,L100,24857.0,1128.0
2026-02-19,2026-02-19 10:32:00-05:00,1,True,2026-02-20,2026-02-19 10:32:00-05:00,L50,24921.5,0.0
2026-02-20,2026-02-20 10:43:00-05:00,1,True,2026-02-23,2026-02-20 12:19:00-05:00,L100,24926.25,96.0
2026-02-23,2026-02-23 10:52:00-05:00,-1,True,2026-02-24,2026-02-24 09:44:00-05:00,L0,24910.75,1372.0
2026-02-24,2026-02-24 10:32:00-05:00,1,True,2026-02-25,2026-02-25 09:43:00-05:00,L0,25273.25,1391.0
2026-02-25,2026-02-25 15:50:00-05:00,1,True,2026-02-26,2026-02-25 20:30:00-05:00,L100,25278.0,280.0
2026-02-26,2026-02-26 10:01:00-05:00,-1,True,2026-02-27,2026-02-26 10:20:00-05:00,L100,24937.0,19.0
2026-02-27,2026-03-01 18:00:00-05:00,-1,True,2026-03-02,2026-03-01 18:12:00-05:00,L0,24797.0,12.0
2026-03-02,2026-03-02 11:40:00-05:00,1,True,2026-03-03,2026-03-03 03:27:00-05:00,L100,24615.75,947.0
2026-03-03,2026-03-03 10:25:00-05:00,-1,True,2026-03-04,2026-03-03 13:40:00-05:00,L0,24815.75,195.0
2026-03-04,2026-03-04 10:21:00-05:00,1,True,2026-03-05,2026-03-04 10:21:00-05:00,L50,25076.0,0.0
2026-03-05,2026-03-05 12:29:00-05:00,-1,True,2026-03-06,2026-03-06 08:45:00-05:00,L75,24701.75,1216.0
2026-03-06,2026-03-06 10:15:00-05:00,1,True,2026-03-09,2026-03-08 18:00:00-04:00,L0,24342.25,3285.0
2026-03-09,2026-03-09 10:38:00-04:00,1,True,2026-03-10,2026-03-09 15:33:00-04:00,L0,24993.25,295.0
2026-03-10,2026-03-10 10:49:00-04:00,1,True,2026-03-11,2026-03-10 12:05:00-04:00,L100,25092.0,76.0
2026-03-11,2026-03-11 11:12:00-04:00,-1,True,2026-03-12,2026-03-11 19:31:00-04:00,L100,24763.75,499.0
2026-03-12,2026-03-12 11:02:00-04:00,-1,True,2026-03-13,2026-03-13 09:43:00-04:00,L0,24754.25,1361.0
2026-03-13,2026-03-13 10:02:00-04:00,-1,True,2026-03-16,2026-03-13 10:02:00-04:00,L50,24698.0,0.0
2026-03-16,2026-03-16 20:25:00-04:00,-1,True,2026-03-17,2026-03-17 09:32:00-04:00,L0,24840.0,787.0
2026-03-17,2026-03-17 11:33:00-04:00,-1,True,2026-03-18,2026-03-17 11:34:00-04:00,L100,24779.25,1.0
2026-03-18,2026-03-18 10:13:00-04:00,-1,True,2026-03-19,2026-03-19 08:28:00-04:00,L100,24258.75,1335.0
2026-03-19,2026-03-19 15:00:00-04:00,1,True,2026-03-23,2026-03-23 07:06:00-04:00,L25,24507.0,5286.0
2026-03-23,2026-03-23 11:02:00-04:00,1,True,2026-03-24,2026-03-23 21:47:00-04:00,L100,24236.25,645.0
2026-03-24,2026-03-24 11:00:00-04:00,1,True,2026-03-25,2026-03-24 16:22:00-04:00,L75,24452.25,322.0
2026-03-25,2026-03-25 11:41:00-04:00,-1,True,2026-03-26,2026-03-26 04:29:00-04:00,L100,24192.0,1008.0
2026-03-26,2026-03-26 10:52:00-04:00,-1,True,2026-03-27,2026-03-27 06:56:00-04:00,L100,23653.25,1204.0
2026-03-27,2026-03-27 09:53:00-04:00,-1,True,2026-03-30,2026-03-27 13:26:00-04:00,L100,23402.5,213.0
2026-03-30,2026-03-30 12:21:00-04:00,-1,True,2026-03-31,2026-03-31 08:09:00-04:00,L0,23413.75,1188.0
2026-03-31,2026-03-31 12:39:00-04:00,1,True,2026-04-01,2026-04-01 01:25:00-04:00,L0,24063.75,766.0
2026-04-01,2026-04-01 10:15:00-04:00,1,True,2026-04-02,2026-04-02 01:25:00-04:00,L100,23797.5,910.0
2026-04-02,2026-04-02 09:58:00-04:00,1,True,2026-04-06,2026-04-05 22:24:00-04:00,L0,24323.5,5066.0
2026-04-06,2026-04-06 13:02:00-04:00,-1,True,2026-04-07,2026-04-06 13:13:00-04:00,L100,24209.0,11.0
2026-04-07,2026-04-07 10:01:00-04:00,-1,True,2026-04-08,2026-04-07 20:49:00-04:00,L0,25088.0,648.0
2026-04-08,2026-04-08 10:31:00-04:00,-1,True,2026-04-09,2026-04-08 10:31:00-04:00,L0,25051.75,0.0
2026-04-09,2026-04-09 09:55:00-04:00,-1,True,2026-04-10,2026-04-10 08:29:00-04:00,L0,25275.0,1354.0
2026-04-10,2026-04-10 11:40:00-04:00,-1,True,2026-04-13,2026-04-10 11:54:00-04:00,L100,25278.75,14.0
2026-04-13,2026-04-13 12:29:00-04:00,1,True,2026-04-14,2026-04-14 09:35:00-04:00,L50,25743.0,1266.0
2026-04-14,2026-04-14 10:28:00-04:00,1,True,2026-04-15,2026-04-14 15:25:00-04:00,L0,25984.75,297.0
2026-04-15,2026-04-15 10:23:00-04:00,1,True,2026-04-16,2026-04-15 15:50:00-04:00,L0,26352.75,327.0
2026-04-16,2026-04-16 11:02:00-04:00,1,True,2026-04-17,2026-04-17 08:30:00-04:00,L0,26641.5,1288.0
2026-04-17,2026-04-17 10:39:00-04:00,1,True,2026-04-20,2026-04-17 13:24:00-04:00,L75,26757.5,165.0
2026-04-20,2026-04-20 10:51:00-04:00,-1,True,2026-04-21,2026-04-20 14:27:00-04:00,L0,26740.0,216.0
2026-04-21,2026-04-21 09:59:00-04:00,1,True,2026-04-22,2026-04-21 09:59:00-04:00,L25,26839.0,0.0
2026-04-22,2026-04-22 10:15:00-04:00,1,True,2026-04-23,2026-04-22 13:10:00-04:00,L0,27024.5,175.0
2026-04-23,2026-04-23 13:10:00-04:00,-1,True,2026-04-24,2026-04-24 07:04:00-04:00,L25,27212.0,1074.0
2026-04-24,2026-04-24 10:56:00-04:00,1,True,2026-04-27,2026-04-24 11:15:00-04:00,L0,27307.25,19.0
2026-04-27,2026-04-27 18:05:00-04:00,1,True,2026-04-28,2026-04-28 06:43:00-04:00,L100,27256.5,758.0
2026-04-28,2026-04-28 10:24:00-04:00,-1,True,2026-04-29,2026-04-28 10:24:00-04:00,L25,27166.75,0.0
2026-04-29,2026-04-29 10:23:00-04:00,1,True,2026-04-30,2026-04-29 10:34:00-04:00,L0,27285.75,11.0
2026-04-30,2026-04-30 10:08:00-04:00,-1,False,,,,,
