date,candle_high,candle_low,range_pts,expanded,expansion_ts,expansion_dir,minutes_to_expansion,first_level_hit,first_level_hit_ts,first_level_hit_minutes_after_950,touches_pre_exp_L0,touches_post_exp_L0,touches_pre_exp_L25,touches_post_exp_L25,touches_pre_exp_L50,touches_post_exp_L50,touches_pre_exp_L75,touches_post_exp_L75,touches_pre_exp_L100,touches_post_exp_L100,total_touches_pre_exp,total_touches_post_exp
2025-05-02,20115.5,20046.25,69.25,True,2025-05-02 11:15:00-04:00,1,85,L25,2025-05-02 09:50:00-04:00,0,1,49,3,65,3,39,2,33,4,20,13,206
2025-05-05,20061.5,20022.75,38.75,True,2025-05-05 10:54:00-04:00,1,64,L25,2025-05-05 09:50:00-04:00,0,2,43,4,41,8,30,8,44,7,29,29,187
2025-05-06,19861.5,19797.0,64.5,True,2025-05-06 10:45:00-04:00,1,55,L0,2025-05-06 09:50:00-04:00,0,4,16,1,21,1,29,2,28,1,34,9,128
2025-05-07,19936.5,19858.0,78.5,True,2025-05-07 14:06:00-04:00,-1,256,L25,2025-05-07 09:50:00-04:00,0,13,8,8,6,10,3,5,7,7,15,43,39
2025-05-08,20125.75,20061.0,64.75,True,2025-05-08 11:28:00-04:00,1,98,L25,2025-05-08 09:50:00-04:00,0,7,2,9,6,9,19,4,25,2,39,31,91
2025-05-09,20250.0,20220.0,30.0,True,2025-05-09 10:21:00-04:00,-1,31,L50,2025-05-09 09:50:00-04:00,0,2,0,3,0,4,0,4,0,3,0,16,0
2025-05-12,20800.75,20754.25,46.5,True,2025-05-12 12:43:00-04:00,1,173,L100,2025-05-12 09:50:00-04:00,0,3,0,10,0,16,0,16,0,14,0,59,0
2025-05-13,21071.5,21045.5,26.0,True,2025-05-13 09:52:00-04:00,1,2,L100,2025-05-13 09:50:00-04:00,0,0,0,0,0,1,0,1,0,1,0,3,0
2025-05-14,21345.5,21277.0,68.5,True,2025-05-14 12:32:00-04:00,1,162,L25,2025-05-14 09:50:00-04:00,0,1,36,3,37,10,33,12,29,11,40,37,175
2025-05-15,21321.25,21248.25,73.0,True,2025-05-15 11:17:00-04:00,1,87,L25,2025-05-15 09:50:00-04:00,0,0,6,3,11,7,14,8,12,4,13,22,56
2025-05-16,21440.25,21409.0,31.25,True,2025-05-16 10:35:00-04:00,-1,45,L100,2025-05-16 09:50:00-04:00,0,5,71,6,97,4,100,6,88,8,81,29,437
2025-05-19,21375.0,21316.5,58.5,True,2025-05-19 10:07:00-04:00,1,17,L100,2025-05-19 09:50:00-04:00,0,0,41,0,25,3,20,1,23,2,43,6,152
2025-05-20,21417.5,21358.0,59.5,True,2025-05-21 02:38:00-04:00,-1,1008,L25,2025-05-20 09:50:00-04:00,0,16,4,25,7,29,9,32,12,41,5,143,37
2025-05-21,21383.5,21355.75,27.75,True,2025-05-21 10:50:00-04:00,1,60,L100,2025-05-21 09:50:00-04:00,0,0,1,1,1,2,1,8,1,11,1,22,5
2025-05-22,21194.5,21148.5,46.0,True,2025-05-22 09:53:00-04:00,1,3,L100,2025-05-22 09:50:00-04:00,0,0,21,0,42,1,69,1,71,1,66,3,269
2025-05-23,20911.25,20843.75,67.5,True,2025-05-23 10:25:00-04:00,1,35,L25,2025-05-23 09:50:00-04:00,0,0,0,2,0,1,0,3,2,4,4,10,6
2025-05-26,21305.0,21292.5,12.5,True,2025-05-26 09:55:00-04:00,-1,5,L0,2025-05-26 09:50:00-04:00,0,1,38,1,32,1,36,0,39,0,30,3,175
2025-05-27,21279.5,21237.5,42.0,True,2025-05-27 10:00:00-04:00,1,10,L100,2025-05-27 09:50:00-04:00,0,0,4,1,4,2,7,1,8,2,15,6,38
2025-05-28,21545.0,21478.75,66.25,True,2025-05-28 15:40:00-04:00,-1,350,L0,2025-05-28 09:50:00-04:00,0,19,12,6,19,2,26,0,10,0,6,27,73
2025-05-29,21537.5,21486.75,50.75,True,2025-05-29 10:07:00-04:00,-1,17,L0,2025-05-29 09:50:00-04:00,0,2,27,4,21,2,31,3,30,2,17,13,126
2025-05-30,21330.0,21286.25,43.75,True,2025-05-30 10:12:00-04:00,1,22,L0,2025-05-30 09:50:00-04:00,0,2,30,2,34,1,35,1,24,1,20,7,143
2025-06-02,21435.5,21371.75,63.75,True,2025-06-02 09:53:00-04:00,-1,3,L0,2025-06-02 09:50:00-04:00,0,1,12,0,8,0,7,0,16,0,27,1,70
2025-06-03,21599.25,21558.25,41.0,True,2025-06-03 10:51:00-04:00,1,61,L0,2025-06-03 09:50:00-04:00,0,2,24,2,22,2,23,4,18,6,9,16,96
2025-06-04,21786.5,21752.25,34.25,True,2025-06-04 10:00:00-04:00,-1,10,L25,2025-06-04 09:50:00-04:00,0,2,100,1,88,1,98,1,82,0,79,5,447
2025-06-05,21781.25,21691.75,89.5,True,2025-06-05 10:46:00-04:00,1,56,L50,2025-06-05 09:50:00-04:00,0,0,12,5,11,8,40,6,44,3,60,22,167
2025-06-06,21863.5,21837.75,25.75,True,2025-06-06 11:17:00-04:00,-1,87,L100,2025-06-06 09:50:00-04:00,0,9,78,9,76,3,80,2,78,3,74,26,386
2025-06-09,21804.0,21776.75,27.25,True,2025-06-09 10:10:00-04:00,1,20,L100,2025-06-09 09:50:00-04:00,0,0,46,1,51,2,47,3,51,1,63,7,258
2025-06-10,21875.5,21841.25,34.25,True,2025-06-10 12:28:00-04:00,1,158,L100,2025-06-10 09:50:00-04:00,0,3,58,5,40,10,32,15,41,14,38,47,209
2025-06-11,21976.0,21915.0,61.0,True,2025-06-11 10:26:00-04:00,1,36,L75,2025-06-11 09:50:00-04:00,0,0,38,0,64,0,55,1,32,4,24,5,213
2025-06-12,21889.75,21863.75,26.0,True,2025-06-12 10:14:00-04:00,1,24,L100,2025-06-12 09:50:00-04:00,0,2,62,4,56,2,43,2,42,2,31,12,234
2025-06-13,21769.0,21737.5,31.5,True,2025-06-13 10:10:00-04:00,-1,20,L100,2025-06-13 09:50:00-04:00,0,2,62,4,74,4,84,2,81,2,89,14,390
2025-06-16,21893.0,21839.5,53.5,True,2025-06-16 10:00:00-04:00,1,10,L75,2025-06-16 09:50:00-04:00,0,0,74,0,66,0,58,1,37,1,23,2,258
2025-06-17,21846.5,21802.5,44.0,True,2025-06-17 10:12:00-04:00,1,22,L50,2025-06-17 09:50:00-04:00,0,0,45,0,44,1,29,2,21,2,16,5,155
2025-06-18,21782.75,21747.5,35.25,True,2025-06-18 10:12:00-04:00,1,22,L100,2025-06-18 09:50:00-04:00,0,0,40,1,45,1,50,3,30,4,23,9,188
2025-06-19,21510.75,21433.5,77.25,True,2025-06-19 18:00:00-04:00,1,490,L25,2025-06-19 09:50:00-04:00,0,0,0,1,0,11,0,20,0,13,0,45,0
2025-06-23,21915.5,21848.25,67.25,True,2025-06-23 10:06:00-04:00,1,16,L75,2025-06-23 09:50:00-04:00,0,0,5,0,4,0,8,1,5,1,7,2,29
2025-06-24,22333.25,22310.0,23.25,True,2025-06-24 11:12:00-04:00,1,82,L0,2025-06-24 09:50:00-04:00,0,12,0,7,0,9,0,7,0,6,0,41,0
2025-06-25,22546.5,22514.0,32.5,True,2025-06-25 10:50:00-04:00,-1,60,L0,2025-06-25 09:50:00-04:00,0,7,7,4,12,2,19,0,19,0,21,13,78
2025-06-26,22533.75,22484.0,49.75,True,2025-06-26 10:31:00-04:00,1,41,L0,2025-06-26 09:50:00-04:00,0,1,0,2,0,1,0,1,0,1,0,6,0
2025-06-27,22745.0,22731.25,13.75,True,2025-06-27 09:56:00-04:00,1,6,L0,2025-06-27 09:50:00-04:00,0,1,38,2,48,1,46,2,29,1,28,7,189
2025-06-30,22829.25,22795.25,34.0,True,2025-06-30 12:04:00-04:00,1,134,L25,2025-06-30 09:50:00-04:00,0,1,19,3,21,14,37,13,65,16,76,47,218
2025-07-01,22826.5,22788.75,37.75,True,2025-07-01 10:28:00-04:00,-1,38,L100,2025-07-01 09:50:00-04:00,0,3,4,5,5,4,10,7,26,4,35,23,80
2025-07-02,22727.5,22693.25,34.25,True,2025-07-02 10:15:00-04:00,1,25,L50,2025-07-02 09:50:00-04:00,0,0,0,2,0,2,0,2,0,3,0,9,0
2025-07-03,22975.75,22948.0,27.75,True,2025-07-03 09:58:00-04:00,1,8,L100,2025-07-03 09:50:00-04:00,0,0,83,0,56,1,41,1,31,1,31,3,242
2025-07-04,22933.25,22916.5,16.75,True,2025-07-06 18:00:00-04:00,1,3370,L0,2025-07-04 09:50:00-04:00,0,9,99,10,100,12,88,12,96,14,109,57,492
2025-07-07,22955.0,22921.25,33.75,True,2025-07-07 12:43:00-04:00,-1,173,L100,2025-07-07 09:50:00-04:00,0,12,102,13,90,9,96,8,83,7,60,49,431
2025-07-08,22917.75,22902.25,15.5,True,2025-07-08 09:59:00-04:00,-1,9,L0,2025-07-08 09:50:00-04:00,0,2,77,2,69,4,71,4,59,2,57,14,333
2025-07-09,23088.75,23055.0,33.75,True,2025-07-09 10:31:00-04:00,-1,41,L100,2025-07-09 09:50:00-04:00,0,1,38,1,18,2,3,4,1,4,1,12,61
2025-07-10,23033.75,22988.75,45.0,True,2025-07-10 09:58:00-04:00,-1,8,L0,2025-07-10 09:50:00-04:00,0,2,37,1,53,1,53,0,34,0,38,4,215
2025-07-11,22939.75,22863.0,76.75,True,2025-07-11 13:07:00-04:00,1,197,L100,2025-07-11 09:50:00-04:00,0,0,35,0,25,0,17,2,15,6,25,8,117
2025-07-14,22924.5,22842.5,82.0,True,2025-07-14 11:01:00-04:00,1,71,L100,2025-07-14 09:50:00-04:00,0,0,1,0,1,0,2,3,3,6,6,9,13
2025-07-15,23184.5,23142.25,42.25,True,2025-07-15 12:57:00-04:00,-1,187,L25,2025-07-15 09:50:00-04:00,0,18,19,18,10,15,9,9,10,4,8,64,56
2025-07-16,23032.25,22996.25,36.0,True,2025-07-16 11:17:00-04:00,-1,87,L0,2025-07-16 09:50:00-04:00,0,10,10,8,4,9,3,5,14,4,32,36,63
2025-07-17,23138.0,23117.5,20.5,True,2025-07-17 10:32:00-04:00,1,42,L100,2025-07-17 09:50:00-04:00,0,1,2,1,2,1,2,3,2,5,3,11,11
2025-07-18,23297.75,23267.5,30.25,True,2025-07-18 10:06:00-04:00,-1,16,L50,2025-07-18 09:50:00-04:00,0,2,46,2,50,2,49,2,51,0,39,8,235
2025-07-21,23386.5,23337.75,48.75,True,2025-07-22 03:55:00-04:00,-1,1085,L75,2025-07-21 09:50:00-04:00,0,12,23,31,25,10,57,11,69,16,73,80,247
2025-07-22,23279.25,23209.0,70.25,True,2025-07-22 09:53:00-04:00,-1,3,L0,2025-07-22 09:50:00-04:00,0,1,48,0,41,0,66,0,30,0,17,1,202
2025-07-23,23210.75,23162.25,48.5,True,2025-07-23 13:43:00-04:00,1,233,L50,2025-07-23 09:50:00-04:00,0,7,0,10,0,12,0,9,0,10,0,48,0
2025-07-24,23400.75,23355.5,45.25,True,2025-07-25 12:13:00-04:00,1,1583,L50,2025-07-24 09:50:00-04:00,0,24,0,42,0,39,0,40,0,53,0,198,0
2025-07-25,23385.0,23361.25,23.75,True,2025-07-25 10:11:00-04:00,1,21,L100,2025-07-25 09:50:00-04:00,0,0,2,0,3,1,3,1,5,4,5,6,18
2025-07-28,23519.0,23466.0,53.0,True,2025-07-29 03:42:00-04:00,1,1072,L50,2025-07-28 09:50:00-04:00,0,17,39,14,64,20,73,17,61,18,29,86,266
2025-07-29,23626.0,23575.5,50.5,True,2025-07-29 10:53:00-04:00,-1,63,L0,2025-07-29 09:50:00-04:00,0,5,10,5,8,0,10,0,6,0,6,10,40
2025-07-30,23526.5,23486.25,40.25,True,2025-07-30 14:56:00-04:00,-1,306,L0,2025-07-30 09:50:00-04:00,0,12,4,8,5,8,6,12,7,18,5,58,27
2025-07-31,23661.25,23608.25,53.0,True,2025-07-31 10:58:00-04:00,-1,68,L100,2025-07-31 09:50:00-04:00,0,4,2,3,0,4,0,5,0,5,0,21,2
2025-08-01,22929.5,22865.25,64.25,True,2025-08-01 11:44:00-04:00,1,114,L0,2025-08-01 09:50:00-04:00,0,4,21,6,27,5,18,4,13,11,12,30,91
2025-08-04,23227.0,23189.5,37.5,True,2025-08-04 12:00:00-04:00,1,130,L50,2025-08-04 09:50:00-04:00,0,2,44,9,35,10,27,14,19,10,15,45,140
2025-08-05,23397.25,23354.25,43.0,True,2025-08-05 10:13:00-04:00,-1,23,L25,2025-08-05 09:50:00-04:00,0,2,9,3,24,1,21,2,16,0,16,8,86
2025-08-06,23239.5,23184.0,55.5,True,2025-08-06 11:10:00-04:00,1,80,L25,2025-08-06 09:50:00-04:00,0,4,0,5,0,8,0,5,0,8,0,30,0
2025-08-07,23610.75,23569.5,41.25,True,2025-08-07 10:55:00-04:00,-1,65,L100,2025-08-07 09:50:00-04:00,0,7,31,5,13,5,2,4,4,3,14,24,64
2025-08-08,23644.5,23604.0,40.5,True,2025-08-08 10:27:00-04:00,1,37,L25,2025-08-08 09:50:00-04:00,0,0,5,1,16,2,27,4,44,4,47,11,139
2025-08-11,23736.75,23715.5,21.25,True,2025-08-11 10:12:00-04:00,1,22,L100,2025-08-11 09:50:00-04:00,0,2,13,4,13,3,19,3,25,4,24,16,94
2025-08-12,23763.25,23682.5,80.75,True,2025-08-12 11:16:00-04:00,1,86,L0,2025-08-12 09:50:00-04:00,0,5,0,4,0,3,0,9,1,7,4,28,5
2025-08-13,24048.25,24026.5,21.75,True,2025-08-13 10:00:00-04:00,-1,10,L100,2025-08-13 09:50:00-04:00,0,1,0,1,0,1,0,2,0,2,0,7,0
2025-08-14,23937.75,23907.25,30.5,True,2025-08-14 10:31:00-04:00,1,41,L100,2025-08-14 09:50:00-04:00,0,3,40,2,47,3,36,7,26,6,32,21,181
2025-08-15,23854.0,23776.75,77.25,True,2025-08-19 09:32:00-04:00,-1,5742,L25,2025-08-15 09:50:00-04:00,0,84,0,71,0,49,0,16,0,24,0,244,0
2025-08-18,23805.0,23772.0,33.0,True,2025-08-18 11:29:00-04:00,-1,99,L0,2025-08-18 09:50:00-04:00,0,9,46,10,33,7,24,2,24,2,15,30,142
2025-08-19,23685.0,23639.25,45.75,True,2025-08-19 10:42:00-04:00,-1,52,L0,2025-08-19 09:50:00-04:00,0,4,5,3,2,2,0,3,0,5,0,17,7
2025-08-20,23324.25,23264.75,59.5,True,2025-08-20 09:53:00-04:00,-1,3,L0,2025-08-20 09:50:00-04:00,0,1,45,0,40,0,37,0,39,0,42,1,203
2025-08-21,23268.0,23175.0,93.0,True,2025-08-22 10:00:00-04:00,1,1450,L100,2025-08-21 09:50:00-04:00,0,16,0,44,0,37,0,41,0,23,1,161,1
2025-08-22,23337.25,23294.0,43.25,True,2025-08-22 10:01:00-04:00,1,11,L100,2025-08-22 09:50:00-04:00,0,2,0,2,0,2,0,2,0,3,0,11,0
2025-08-25,23496.5,23448.5,48.0,True,2025-08-25 10:05:00-04:00,1,15,L75,2025-08-25 09:50:00-04:00,0,0,72,0,77,1,65,1,41,2,38,4,293
2025-08-26,23499.0,23426.75,72.25,True,2025-08-26 15:22:00-04:00,1,332,L25,2025-08-26 09:50:00-04:00,0,0,12,1,27,2,34,4,19,6,19,13,111
2025-08-27,23530.5,23488.5,42.0,True,2025-08-27 10:15:00-04:00,1,25,L25,2025-08-27 09:50:00-04:00,0,0,46,1,35,1,31,1,23,1,34,4,169
2025-08-28,23709.5,23655.0,54.5,True,2025-08-28 12:28:00-04:00,1,158,L0,2025-08-28 09:50:00-04:00,0,6,18,6,12,8,4,11,2,7,3,38,39
2025-08-29,23601.0,23537.5,63.5,True,2025-08-29 10:05:00-04:00,-1,15,L0,2025-08-29 09:50:00-04:00,0,3,19,3,2,1,0,0,0,0,0,7,21
2025-09-01,23486.25,23473.25,13.0,True,2025-09-01 11:22:00-04:00,1,92,L100,2025-09-01 09:50:00-04:00,0,0,51,1,43,4,39,11,46,7,53,23,232
2025-09-02,23200.0,23137.75,62.25,True,2025-09-02 11:35:00-04:00,-1,105,L100,2025-09-02 09:50:00-04:00,0,3,2,4,1,2,6,1,7,5,7,15,23
2025-09-03,23411.25,23369.75,41.5,True,2025-09-03 10:20:00-04:00,1,30,L100,2025-09-03 09:50:00-04:00,0,0,4,2,5,2,6,4,7,5,10,13,32
2025-09-04,23513.0,23460.0,53.0,True,2025-09-04 13:04:00-04:00,1,194,L50,2025-09-04 09:50:00-04:00,0,5,0,4,0,4,0,5,0,6,2,24,2
2025-09-05,23887.5,23835.5,52.0,True,2025-09-05 10:09:00-04:00,-1,19,L50,2025-09-05 09:50:00-04:00,0,5,60,2,67,2,33,2,23,1,35,12,218
2025-09-08,23852.0,23814.0,38.0,True,2025-09-08 15:12:00-04:00,-1,322,L100,2025-09-08 09:50:00-04:00,0,10,42,6,46,8,46,11,58,15,52,50,244
2025-09-09,23848.5,23824.25,24.25,True,2025-09-09 10:27:00-04:00,-1,37,L0,2025-09-09 09:50:00-04:00,0,5,16,6,15,3,21,2,18,1,21,17,91
2025-09-10,23945.5,23912.0,33.5,True,2025-09-10 10:24:00-04:00,1,34,L100,2025-09-10 09:50:00-04:00,0,2,40,2,31,2,33,4,26,3,30,13,160
2025-09-11,23965.5,23909.75,55.75,True,2025-09-11 10:45:00-04:00,1,55,L75,2025-09-11 09:50:00-04:00,0,0,0,0,0,0,0,5,0,5,0,10,0
2025-09-12,24039.25,24020.0,19.25,True,2025-09-12 10:21:00-04:00,1,31,L0,2025-09-12 09:50:00-04:00,0,2,1,3,1,3,2,4,2,2,3,14,9
2025-09-15,24234.5,24204.0,30.5,True,2025-09-15 11:00:00-04:00,1,70,L100,2025-09-15 09:50:00-04:00,0,0,14,0,13,1,14,2,17,3,20,6,78
2025-09-16,24326.25,24301.25,25.0,True,2025-09-16 11:02:00-04:00,-1,72,L0,2025-09-16 09:50:00-04:00,0,9,42,7,23,4,9,2,7,0,17,22,98
2025-09-17,24258.5,24223.0,35.5,True,2025-09-17 10:43:00-04:00,-1,53,L100,2025-09-17 09:50:00-04:00,0,4,8,4,14,2,14,1,19,2,18,13,73
2025-09-18,24414.25,24355.75,58.5,True,2025-09-18 10:03:00-04:00,1,13,L100,2025-09-18 09:50:00-04:00,0,0,0,0,0,0,0,1,0,2,1,3,1
2025-09-22,24865.5,24840.5,25.0,True,2025-09-22 10:21:00-04:00,1,31,L100,2025-09-22 09:50:00-04:00,0,0,27,0,26,1,26,3,14,4,10,8,103
2025-09-23,24971.5,24946.25,25.25,True,2025-09-23 12:56:00-04:00,-1,186,L0,2025-09-23 09:50:00-04:00,0,21,0,22,0,12,0,7,0,3,0,65,0
2025-09-24,24839.5,24804.5,35.0,True,2025-09-24 11:34:00-04:00,-1,104,L0,2025-09-24 09:50:00-04:00,0,10,11,11,14,9,21,5,35,2,30,37,111
2025-09-25,24497.75,24424.5,73.25,True,2025-09-25 10:10:00-04:00,1,20,L100,2025-09-25 09:50:00-04:00,0,0,0,1,0,2,1,2,1,2,3,7,5
2025-09-26,24711.75,24643.5,68.25,True,2025-09-26 10:24:00-04:00,-1,34,L100,2025-09-26 09:50:00-04:00,0,1,5,1,17,3,17,4,12,4,21,13,72
2025-09-29,24947.75,24913.0,34.75,True,2025-09-29 11:15:00-04:00,-1,85,L100,2025-09-29 09:50:00-04:00,0,1,7,5,6,7,9,9,15,11,12,33,49
2025-09-30,24806.5,24765.0,41.5,True,2025-09-30 14:48:00-04:00,1,298,L0,2025-09-30 09:50:00-04:00,0,11,23,18,30,23,23,17,25,17,16,86,117
2025-10-01,24835.5,24734.75,100.75,True,2025-10-01 11:45:00-04:00,1,115,L0,2025-10-01 09:50:00-04:00,0,1,0,2,0,2,0,3,0,1,0,9,0
2025-10-02,25071.25,25025.25,46.0,True,2025-10-02 15:02:00-04:00,1,312,L0,2025-10-02 09:50:00-04:00,0,12,28,15,40,17,35,13,33,15,35,72,171
2025-10-03,25160.0,25130.0,30.0,True,2025-10-03 09:58:00-04:00,-1,8,L25,2025-10-03 09:50:00-04:00,0,1,38,2,51,2,55,2,54,1,39,8,237
2025-10-06,25174.25,25135.25,39.0,True,2025-10-06 11:57:00-04:00,1,127,L25,2025-10-06 09:50:00-04:00,0,7,23,10,35,12,29,9,22,7,31,45,140
2025-10-07,25253.0,25229.25,23.75,True,2025-10-07 10:35:00-04:00,-1,45,L100,2025-10-07 09:50:00-04:00,0,4,21,6,19,5,23,6,27,3,28,24,118
2025-10-08,25166.0,25127.5,38.5,True,2025-10-08 10:01:00-04:00,1,11,L50,2025-10-08 09:50:00-04:00,0,0,1,0,1,1,1,1,1,1,3,3,7
2025-10-09,25304.5,25253.75,50.75,True,2025-10-09 12:58:00-04:00,-1,188,L100,2025-10-09 09:50:00-04:00,0,13,5,13,5,7,15,2,18,1,33,36,76
2025-10-10,25388.0,25345.5,42.5,True,2025-10-10 10:57:00-04:00,-1,67,L0,2025-10-10 09:50:00-04:00,0,11,1,7,0,1,0,0,0,0,0,19,1
2025-10-13,24829.75,24769.0,60.75,True,2025-10-13 11:31:00-04:00,1,101,L100,2025-10-13 09:50:00-04:00,0,4,84,2,76,5,70,6,62,7,43,24,335
2025-10-14,24513.0,24423.25,89.75,True,2025-10-14 10:04:00-04:00,1,14,L75,2025-10-14 09:50:00-04:00,0,0,2,0,6,1,10,2,15,1,14,4,47
2025-10-15,24986.0,24897.0,89.0,True,2025-10-15 10:07:00-04:00,1,17,L25,2025-10-15 09:50:00-04:00,0,0,42,1,59,1,51,1,39,1,32,4,223
2025-10-16,25125.5,25047.5,78.0,True,2025-10-16 11:45:00-04:00,-1,115,L0,2025-10-16 09:50:00-04:00,0,9,25,6,22,9,24,8,29,6,16,38,116
2025-10-17,24786.5,24678.25,108.25,True,2025-10-17 12:03:00-04:00,1,133,L100,2025-10-17 09:50:00-04:00,0,1,0,2,0,4,0,5,0,9,0,21,0
2025-10-20,25232.0,25181.25,50.75,True,2025-10-20 10:29:00-04:00,1,39,L75,2025-10-20 09:50:00-04:00,0,0,13,0,13,1,18,5,25,5,43,11,112
2025-10-21,25262.25,25219.25,43.0,True,2025-10-21 11:47:00-04:00,1,117,L100,2025-10-21 09:50:00-04:00,0,5,19,7,31,8,37,9,50,10,60,39,197
2025-10-22,25261.5,25235.75,25.75,True,2025-10-22 10:23:00-04:00,-1,33,L100,2025-10-22 09:50:00-04:00,0,2,6,4,7,3,6,3,11,3,13,15,43
2025-10-23,25139.25,25091.25,48.0,True,2025-10-23 10:38:00-04:00,1,48,L100,2025-10-23 09:50:00-04:00,0,1,0,2,0,3,0,5,1,6,2,17,3
2025-10-24,25550.5,25476.5,74.0,True,2025-10-26 18:00:00-04:00,1,3370,L0,2025-10-24 09:50:00-04:00,0,11,0,6,0,15,0,21,0,23,0,76,0
2025-10-27,25850.0,25824.25,25.75,True,2025-10-27 11:01:00-04:00,1,71,L0,2025-10-27 09:50:00-04:00,0,3,0,4,0,2,0,4,0,6,0,19,0
2025-10-28,26080.75,26037.0,43.75,True,2025-10-28 12:46:00-04:00,1,176,L25,2025-10-28 09:50:00-04:00,0,13,36,13,31,9,36,8,34,6,30,49,167
2025-10-29,26289.75,26266.0,23.75,True,2025-10-29 11:33:00-04:00,-1,103,L25,2025-10-29 09:50:00-04:00,0,7,43,8,42,8,37,8,28,6,23,37,173
2025-10-30,26078.0,25963.75,114.25,True,2025-10-30 20:28:00-04:00,1,638,L100,2025-10-30 09:50:00-04:00,0,4,7,19,13,18,15,22,23,14,62,77,120
2025-10-31,26133.5,26088.0,45.5,True,2025-10-31 10:46:00-04:00,1,56,L25,2025-10-31 09:50:00-04:00,0,6,61,7,45,5,45,2,30,1,30,21,211
2025-11-03,26182.5,26150.0,32.5,True,2025-11-03 10:15:00-05:00,-1,25,L0,2025-11-03 09:50:00-05:00,0,3,10,2,6,0,3,0,1,0,0,5,20
2025-11-04,25785.0,25735.0,50.0,True,2025-11-04 09:53:00-05:00,1,3,L100,2025-11-04 09:50:00-05:00,0,0,43,0,29,0,38,1,28,1,23,2,161
2025-11-05,25620.25,25522.0,98.25,True,2025-11-05 10:41:00-05:00,1,51,L100,2025-11-05 09:50:00-05:00,0,0,27,0,30,0,7,0,7,2,13,2,84
2025-11-06,25673.0,25602.5,70.5,True,2025-11-06 09:57:00-05:00,-1,7,L0,2025-11-06 09:50:00-05:00,0,1,28,1,38,1,39,0,47,0,37,3,189
2025-11-07,24998.0,24932.25,65.75,True,2025-11-07 10:44:00-05:00,-1,54,L0,2025-11-07 09:50:00-05:00,0,4,7,5,5,7,2,6,1,5,1,27,16
2025-11-10,25647.5,25611.0,36.5,True,2025-11-10 10:50:00-05:00,-1,60,L0,2025-11-10 09:50:00-05:00,0,5,77,6,60,7,58,7,55,7,53,32,303
2025-11-11,25625.0,25577.5,47.5,True,2025-11-11 10:30:00-05:00,-1,40,L0,2025-11-11 09:50:00-05:00,0,4,63,4,51,2,46,2,40,1,34,13,234
2025-11-12,25657.75,25571.0,86.75,True,2025-11-13 09:00:00-05:00,-1,1390,L0,2025-11-12 09:50:00-05:00,0,48,0,48,0,33,0,20,0,17,0,166,0
2025-11-13,25343.75,25280.75,63.0,True,2025-11-13 10:54:00-05:00,-1,64,L100,2025-11-13 09:50:00-05:00,0,1,19,2,4,2,11,4,9,3,4,12,47
2025-11-14,24916.5,24819.0,97.5,True,2025-11-14 10:28:00-05:00,1,38,L50,2025-11-14 09:50:00-05:00,0,0,33,0,17,2,14,3,23,6,19,11,106
2025-11-17,25228.0,25151.25,76.75,True,2025-11-17 10:33:00-05:00,-1,43,L100,2025-11-17 09:50:00-05:00,0,3,52,1,52,1,24,1,15,2,18,8,161
2025-11-18,24738.5,24615.5,123.0,True,2025-11-18 10:01:00-05:00,-1,11,L0,2025-11-18 09:50:00-05:00,0,1,55,1,51,0,43,0,62,0,35,2,246
2025-11-19,24779.5,24723.25,56.25,True,2025-11-19 09:53:00-05:00,1,3,L50,2025-11-19 09:50:00-05:00,0,0,24,0,18,1,18,1,14,1,17,3,91
2025-11-20,25268.0,25170.0,98.0,True,2025-11-20 11:05:00-05:00,-1,75,L50,2025-11-20 09:50:00-05:00,0,2,0,5,0,6,0,5,0,6,0,24,0
2025-11-21,24228.25,24101.0,127.25,True,2025-11-21 11:58:00-05:00,1,128,L100,2025-11-21 09:50:00-05:00,0,9,0,8,0,6,0,9,0,7,4,39,4
2025-11-24,24690.0,24611.5,78.5,True,2025-11-24 10:35:00-05:00,1,45,L0,2025-11-24 09:50:00-05:00,0,1,1,1,1,1,1,3,4,3,3,9,10
2025-11-25,24729.25,24625.0,104.25,True,2025-11-25 10:44:00-05:00,1,54,L0,2025-11-25 09:50:00-05:00,0,1,0,1,0,2,0,4,0,8,0,16,0
2025-11-26,25265.0,25232.75,32.25,True,2025-11-26 09:56:00-05:00,-1,6,L100,2025-11-26 09:50:00-05:00,0,1,15,1,27,1,42,1,39,1,32,5,155
2025-11-27,25300.25,25295.0,5.25,True,2025-11-27 18:00:00-05:00,1,490,L0,2025-11-27 09:50:00-05:00,0,15,24,16,29,19,31,20,29,17,29,87,142
2025-11-28,25395.25,25341.75,53.5,True,2025-11-30 18:00:00-05:00,1,3370,L100,2025-11-28 09:50:00-05:00,0,0,22,3,27,6,35,10,30,12,46,31,160
2025-12-01,25330.0,25237.0,93.0,True,2025-12-01 11:42:00-05:00,1,112,L75,2025-12-01 09:50:00-05:00,0,0,0,0,0,1,0,5,0,9,1,15,1
2025-12-02,25604.25,25566.5,37.75,True,2025-12-02 11:13:00-05:00,-1,83,L25,2025-12-02 09:50:00-05:00,0,4,50,5,55,6,55,5,71,8,58,28,289
2025-12-03,25505.0,25461.5,43.5,True,2025-12-03 10:33:00-05:00,1,43,L0,2025-12-03 09:50:00-05:00,0,1,0,1,0,2,0,1,1,5,2,10,3
2025-12-04,25609.0,25570.0,39.0,True,2025-12-04 19:37:00-05:00,1,587,L25,2025-12-04 09:50:00-05:00,0,23,3,36,5,22,14,32,21,26,35,139,78
2025-12-05,25753.5,25707.0,46.5,True,2025-12-05 09:54:00-05:00,1,4,L100,2025-12-05 09:50:00-05:00,0,0,101,0,87,0,59,1,43,1,26,2,316
2025-12-08,25807.5,25722.0,85.5,True,2025-12-08 11:01:00-05:00,-1,71,L50,2025-12-08 09:50:00-05:00,0,4,48,4,8,3,5,0,10,0,9,11,80
2025-12-09,25635.0,25595.75,39.25,True,2025-12-09 10:43:00-05:00,1,53,L50,2025-12-09 09:50:00-05:00,0,0,47,1,53,3,53,6,51,3,55,13,259
2025-12-10,25673.0,25630.5,42.5,True,2025-12-10 10:36:00-05:00,-1,46,L0,2025-12-10 09:50:00-05:00,0,7,41,6,41,4,47,0,66,0,68,17,263
2025-12-11,25591.25,25483.5,107.75,True,2025-12-11 14:19:00-05:00,1,269,L0,2025-12-11 09:50:00-05:00,0,11,1,12,2,14,10,9,23,5,24,51,60
2025-12-12,25567.5,25504.75,62.75,True,2025-12-12 10:08:00-05:00,-1,18,L0,2025-12-12 09:50:00-05:00,0,2,0,2,0,2,0,2,0,2,0,10,0
2025-12-15,25307.25,25257.0,50.25,True,2025-12-15 10:00:00-05:00,-1,10,L100,2025-12-15 09:50:00-05:00,0,1,8,1,0,1,0,1,0,1,0,5,8
2025-12-16,25099.25,24960.5,138.75,True,2025-12-17 05:13:00-05:00,1,1163,L100,2025-12-16 09:50:00-05:00,0,6,13,22,43,17,40,32,50,38,40,115,186
2025-12-17,25100.0,25010.5,89.5,True,2025-12-17 10:44:00-05:00,-1,54,L50,2025-12-17 09:50:00-05:00,0,1,35,2,40,7,45,10,35,4,34,24,189
2025-12-18,25005.25,24928.25,77.0,True,2025-12-18 10:26:00-05:00,1,36,L25,2025-12-18 09:50:00-05:00,0,0,0,4,0,4,5,3,24,3,34,14,63
2025-12-22,25733.0,25685.25,47.75,True,2025-12-23 08:37:00-05:00,-1,1367,L50,2025-12-22 09:50:00-05:00,0,40,6,48,6,47,6,32,7,7,5,174,30
2025-12-23,25751.25,25720.75,30.5,True,2025-12-23 09:56:00-05:00,-1,6,L0,2025-12-23 09:50:00-05:00,0,1,2,1,3,1,9,1,5,0,6,4,25
2025-12-24,25808.25,25785.0,23.25,True,2025-12-24 10:47:00-05:00,1,57,L25,2025-12-24 09:50:00-05:00,0,0,9,1,8,1,9,3,5,5,6,10,37
2025-12-26,25935.0,25909.25,25.75,True,2025-12-26 09:55:00-05:00,-1,5,L0,2025-12-26 09:50:00-05:00,0,2,1,1,0,0,0,0,0,0,0,3,1
2025-12-29,25793.5,25734.5,59.0,True,2025-12-29 10:51:00-05:00,-1,61,L25,2025-12-29 09:50:00-05:00,0,6,76,6,34,2,12,0,5,0,2,14,129
2025-12-30,25738.0,25673.5,64.5,True,2025-12-30 19:53:00-05:00,-1,603,L100,2025-12-30 09:50:00-05:00,0,5,10,16,29,14,20,17,20,15,11,67,90
2025-12-31,25626.25,25581.75,44.5,True,2025-12-31 14:34:00-05:00,-1,284,L25,2025-12-31 09:50:00-05:00,0,19,21,21,30,13,35,8,26,8,29,69,141
2026-01-02,25775.25,25689.25,86.0,True,2026-01-02 10:14:00-05:00,-1,24,L100,2026-01-02 09:50:00-05:00,0,1,20,1,4,3,17,5,24,2,33,12,98
2026-01-05,25632.75,25560.0,72.75,True,2026-01-05 11:49:00-05:00,1,119,L25,2026-01-05 09:50:00-05:00,0,0,15,3,38,5,43,2,39,3,58,13,193
2026-01-06,25719.0,25661.75,57.25,True,2026-01-06 12:38:00-05:00,1,168,L100,2026-01-06 09:50:00-05:00,0,4,48,12,69,9,57,4,25,7,26,36,225
2026-01-07,25873.25,25840.5,32.75,True,2026-01-07 10:51:00-05:00,1,61,L25,2026-01-07 09:50:00-05:00,0,6,28,9,14,9,16,9,20,6,20,39,98
2026-01-08,25676.25,25597.5,78.75,True,2026-01-09 06:34:00-05:00,1,1244,L50,2026-01-08 09:50:00-05:00,0,5,0,14,1,34,3,37,7,60,13,150,24
2026-01-09,25769.75,25673.25,96.5,True,2026-01-09 11:08:00-05:00,1,78,L50,2026-01-09 09:50:00-05:00,0,2,14,4,15,5,37,5,51,5,27,21,144
2026-01-12,25875.0,25834.25,40.75,True,2026-01-12 10:56:00-05:00,1,66,L100,2026-01-12 09:50:00-05:00,0,0,70,0,76,0,76,1,70,5,78,6,370
2026-01-13,26003.0,25957.5,45.5,True,2026-01-13 10:09:00-05:00,-1,19,L25,2026-01-13 09:50:00-05:00,0,4,5,3,6,3,4,2,3,0,3,12,21
2026-01-14,25674.25,25614.0,60.25,True,2026-01-14 10:44:00-05:00,-1,54,L50,2026-01-14 09:50:00-05:00,0,6,36,4,22,6,10,5,7,1,15,22,90
2026-01-15,25954.25,25890.25,64.0,True,2026-01-15 14:05:00-05:00,-1,255,L0,2026-01-15 09:50:00-05:00,0,25,1,20,0,10,0,3,0,0,0,58,1
2026-01-16,25853.0,25807.0,46.0,True,2026-01-16 09:56:00-05:00,-1,6,L25,2026-01-16 09:50:00-05:00,0,1,0,1,0,1,0,0,0,0,0,3,0
2026-01-19,25266.0,25236.25,29.75,True,2026-01-19 09:55:00-05:00,1,5,L100,2026-01-19 09:50:00-05:00,0,0,42,0,35,0,31,1,32,1,26,2,166
2026-01-20,25334.75,25267.5,67.25,True,2026-01-20 11:29:00-05:00,1,99,L100,2026-01-20 09:50:00-05:00,0,2,11,4,13,7,12,7,8,8,9,28,53
2026-01-21,25244.25,25196.75,47.5,True,2026-01-21 09:55:00-05:00,1,5,L100,2026-01-21 09:50:00-05:00,0,0,13,0,16,0,14,1,12,1,8,2,63
2026-01-22,25659.0,25556.75,102.25,True,2026-01-23 10:25:00-05:00,1,1475,L0,2026-01-22 09:50:00-05:00,0,14,4,24,9,40,9,34,31,21,27,133,80
2026-01-23,25636.25,25579.5,56.75,True,2026-01-23 10:02:00-05:00,1,12,L25,2026-01-23 09:50:00-05:00,0,0,14,1,9,1,9,2,17,1,31,5,80
2026-01-26,25835.0,25800.75,34.25,True,2026-01-26 10:46:00-05:00,1,56,L25,2026-01-26 09:50:00-05:00,0,0,33,3,39,2,49,4,52,4,51,13,224
2026-01-27,25990.5,25958.75,31.75,True,2026-01-27 09:53:00-05:00,1,3,L100,2026-01-27 09:50:00-05:00,0,0,12,0,17,0,17,1,21,1,18,2,85
2026-01-28,26305.25,26230.0,75.25,True,2026-01-28 11:22:00-05:00,-1,92,L25,2026-01-28 09:50:00-05:00,0,8,18,6,27,3,20,1,2,0,0,18,67
2026-01-29,26008.0,25910.5,97.5,True,2026-01-29 10:00:00-05:00,-1,10,L50,2026-01-29 09:50:00-05:00,0,2,39,1,50,1,47,1,53,0,16,5,205
2026-01-30,25899.75,25838.25,61.5,True,2026-01-30 11:50:00-05:00,-1,120,L100,2026-01-30 09:50:00-05:00,0,9,12,10,16,10,26,10,25,8,18,47,97
2026-02-02,25752.25,25698.25,54.0,True,2026-02-02 10:05:00-05:00,1,15,L100,2026-02-02 09:50:00-05:00,0,0,1,0,1,1,2,1,2,2,3,4,9
2026-02-03,25811.5,25741.0,70.5,True,2026-02-03 09:57:00-05:00,-1,7,L50,2026-02-03 09:50:00-05:00,0,1,0,1,0,2,0,1,0,0,0,5,0
2026-02-04,25371.75,25291.0,80.75,True,2026-02-04 10:31:00-05:00,-1,41,L0,2026-02-04 09:50:00-05:00,0,3,7,2,15,1,10,1,11,0,19,7,62
2026-02-05,24942.0,24872.5,69.5,True,2026-02-05 09:56:00-05:00,-1,6,L100,2026-02-05 09:50:00-05:00,0,1,15,1,10,1,12,2,7,1,6,6,50
2026-02-06,24950.0,24897.5,52.5,True,2026-02-06 11:13:00-05:00,1,83,L50,2026-02-06 09:50:00-05:00,0,7,0,8,0,6,0,5,0,4,0,30,0
2026-02-09,25188.5,25122.0,66.5,True,2026-02-09 10:35:00-05:00,1,45,L0,2026-02-09 09:50:00-05:00,0,1,6,3,5,2,10,4,14,4,19,14,54
2026-02-10,25315.0,25251.25,63.75,True,2026-02-10 09:55:00-05:00,1,5,L100,2026-02-10 09:50:00-05:00,0,0,52,0,51,1,63,1,61,1,63,3,290
2026-02-11,25436.25,25365.5,70.75,True,2026-02-11 09:59:00-05:00,-1,9,L0,2026-02-11 09:50:00-05:00,0,1,16,2,7,1,3,0,1,0,0,4,27
2026-02-12,25324.25,25240.5,83.75,True,2026-02-12 10:36:00-05:00,-1,46,L0,2026-02-12 09:50:00-05:00,0,7,0,2,0,2,0,0,0,0,0,11,0
2026-02-13,24849.75,24708.0,141.75,True,2026-02-13 12:42:00-05:00,1,172,L0,2026-02-13 09:50:00-05:00,0,3,32,5,55,12,48,8,62,8,38,36,235
2026-02-16,24731.5,24692.25,39.25,True,2026-02-16 18:00:00-05:00,1,490,L100,2026-02-16 09:50:00-05:00,0,5,25,9,22,12,32,11,47,13,39,50,165
2026-02-17,24711.5,24621.0,90.5,True,2026-02-17 10:25:00-05:00,-1,35,L0,2026-02-17 09:50:00-05:00,0,2,2,1,5,1,8,0,12,0,26,4,53
2026-02-18,24879.75,24792.5,87.25,True,2026-02-18 10:01:00-05:00,1,11,L25,2026-02-18 09:50:00-05:00,0,0,35,1,51,1,76,1,84,1,76,4,322
2026-02-19,24851.5,24777.0,74.5,True,2026-02-19 10:32:00-05:00,1,42,L100,2026-02-19 09:50:00-05:00,0,0,43,0,62,0,84,1,104,3,81,4,374
2026-02-20,24958.0,24891.75,66.25,True,2026-02-20 10:43:00-05:00,1,53,L0,2026-02-20 09:50:00-05:00,0,5,40,4,30,6,32,6,29,9,25,30,156
2026-02-23,24923.75,24857.5,66.25,True,2026-02-23 10:52:00-05:00,-1,62,L100,2026-02-23 09:50:00-05:00,0,6,38,3,39,8,38,6,35,4,40,27,190
2026-02-24,24964.25,24904.5,59.75,True,2026-02-24 10:32:00-05:00,1,42,L25,2026-02-24 09:50:00-05:00,0,3,32,3,36,3,41,2,39,1,46,12,194
2026-02-25,25331.75,25270.75,61.0,True,2026-02-25 15:50:00-05:00,1,360,L100,2026-02-25 09:50:00-05:00,0,1,3,8,10,9,31,13,18,12,14,43,76
2026-02-26,25265.5,25209.0,56.5,True,2026-02-26 10:01:00-05:00,-1,11,L50,2026-02-26 09:50:00-05:00,0,3,0,2,0,2,0,1,0,0,0,8,0
2026-02-27,24938.75,24817.75,121.0,True,2026-03-01 18:00:00-05:00,-1,3370,L75,2026-02-27 09:50:00-05:00,0,0,46,1,36,4,40,14,26,19,21,38,169
2026-03-02,24897.25,24815.25,82.0,True,2026-03-02 11:40:00-05:00,1,110,L100,2026-03-02 09:50:00-05:00,0,2,83,4,88,5,70,9,51,11,38,31,330
2026-03-03,24613.25,24491.5,121.75,True,2026-03-03 10:25:00-05:00,-1,35,L0,2026-03-03 09:50:00-05:00,0,3,1,6,3,3,18,0,25,0,27,12,74
2026-03-04,24939.5,24813.5,126.0,True,2026-03-04 10:21:00-05:00,1,31,L50,2026-03-04 09:50:00-05:00,0,0,49,0,58,1,28,3,16,4,24,8,175
2026-03-05,25131.75,25035.25,96.5,True,2026-03-05 12:29:00-05:00,-1,159,L50,2026-03-05 09:50:00-05:00,0,10,32,8,45,7,47,4,53,4,32,33,209
2026-03-06,24716.75,24635.5,81.25,True,2026-03-06 10:15:00-05:00,1,25,L50,2026-03-06 09:50:00-05:00,0,1,20,1,22,5,20,4,15,5,6,16,83
2026-03-09,24420.0,24343.5,76.5,True,2026-03-09 10:38:00-04:00,1,48,L0,2026-03-09 09:50:00-04:00,0,3,2,7,9,8,15,6,17,5,27,29,70
2026-03-10,25056.75,24995.0,61.75,True,2026-03-10 10:49:00-04:00,1,59,L50,2026-03-10 09:50:00-04:00,0,4,49,2,46,3,56,3,35,1,37,13,223
2026-03-11,25098.25,25035.5,62.75,True,2026-03-11 11:12:00-04:00,-1,82,L0,2026-03-11 09:50:00-04:00,0,11,1,10,0,9,0,5,0,5,0,40,1
2026-03-12,24765.0,24676.5,88.5,True,2026-03-12 11:02:00-04:00,-1,72,L100,2026-03-12 09:50:00-04:00,0,4,67,7,47,5,35,3,14,1,19,20,182
2026-03-13,24805.0,24755.0,50.0,True,2026-03-13 10:02:00-04:00,-1,12,L0,2026-03-13 09:50:00-04:00,0,4,21,3,17,1,40,1,53,0,40,9,171
2026-03-16,24735.0,24669.0,66.0,True,2026-03-16 20:25:00-04:00,-1,635,L50,2026-03-16 09:50:00-04:00,0,29,23,29,25,24,15,24,16,14,15,120,94
2026-03-17,24895.5,24838.25,57.25,True,2026-03-17 11:33:00-04:00,-1,103,L100,2026-03-17 09:50:00-04:00,0,8,4,9,3,6,8,3,7,1,13,27,35
2026-03-18,24779.5,24729.0,50.5,True,2026-03-18 10:13:00-04:00,-1,23,L25,2026-03-18 09:50:00-04:00,0,4,2,5,1,2,1,1,0,0,0,12,4
2026-03-19,24246.75,24178.25,68.5,True,2026-03-19 15:00:00-04:00,1,310,L100,2026-03-19 09:50:00-04:00,0,2,16,6,33,18,43,26,52,30,67,82,211
2026-03-23,24578.75,24487.0,91.75,True,2026-03-23 11:02:00-04:00,1,72,L100,2026-03-23 09:50:00-04:00,0,0,49,0,26,1,7,4,2,7,1,12,85
2026-03-24,24229.0,24152.75,76.25,True,2026-03-24 11:00:00-04:00,1,70,L0,2026-03-24 09:50:00-04:00,0,1,16,2,29,10,36,12,23,10,23,35,127
2026-03-25,24467.25,24414.25,53.0,True,2026-03-25 11:41:00-04:00,-1,111,L0,2026-03-25 09:50:00-04:00,0,6,13,6,18,5,13,3,5,8,1,28,50
2026-03-26,24195.0,24143.25,51.75,True,2026-03-26 10:52:00-04:00,-1,62,L50,2026-03-26 09:50:00-04:00,0,2,0,3,0,7,0,9,0,12,0,33,0
2026-03-27,23646.75,23588.25,58.5,True,2026-03-27 09:53:00-04:00,-1,3,L0,2026-03-27 09:50:00-04:00,0,1,5,1,3,1,1,0,1,0,1,3,11
2026-03-30,23405.75,23352.75,53.0,True,2026-03-30 12:21:00-04:00,-1,151,L0,2026-03-30 09:50:00-04:00,0,13,33,8,25,7,22,8,18,5,16,41,114
2026-03-31,23531.5,23416.75,114.75,True,2026-03-31 12:39:00-04:00,1,169,L100,2026-03-31 09:50:00-04:00,0,2,0,3,0,9,0,19,0,17,0,50,0
2026-04-01,24123.0,24060.0,63.0,True,2026-04-01 10:15:00-04:00,1,25,L25,2026-04-01 09:50:00-04:00,0,0,11,1,22,3,20,2,18,4,42,10,113
2026-04-02,23792.5,23695.0,97.5,True,2026-04-02 09:58:00-04:00,1,8,L75,2026-04-02 09:50:00-04:00,0,0,0,0,0,0,0,1,0,1,0,2,0
2026-04-06,24384.0,24326.5,57.5,True,2026-04-06 13:02:00-04:00,-1,192,L50,2026-04-06 09:50:00-04:00,0,14,26,7,29,7,28,9,23,5,26,42,132
2026-04-07,24205.5,24148.0,57.5,True,2026-04-07 10:01:00-04:00,-1,11,L25,2026-04-07 09:50:00-04:00,0,2,7,2,6,2,11,1,14,1,19,8,57
2026-04-08,25161.25,25097.25,64.0,True,2026-04-08 10:31:00-04:00,-1,41,L50,2026-04-08 09:50:00-04:00,0,4,36,1,39,1,20,1,13,0,15,7,123
2026-04-09,25109.75,25061.0,48.75,True,2026-04-09 09:55:00-04:00,-1,5,L0,2026-04-09 09:50:00-04:00,0,1,19,1,31,0,13,0,22,0,36,2,121
2026-04-10,25355.25,25320.5,34.75,True,2026-04-10 11:40:00-04:00,-1,110,L0,2026-04-10 09:50:00-04:00,0,8,15,10,16,11,10,9,7,5,5,43,53
2026-04-13,25278.25,25160.0,118.25,True,2026-04-13 12:29:00-04:00,1,159,L100,2026-04-13 09:50:00-04:00,0,0,0,0,0,0,0,2,0,8,0,10,0
2026-04-14,25763.75,25728.75,35.0,True,2026-04-14 10:28:00-04:00,1,38,L25,2026-04-14 09:50:00-04:00,0,2,0,3,0,3,0,2,0,4,1,14,1
2026-04-15,26049.75,25989.25,60.5,True,2026-04-15 10:23:00-04:00,1,33,L100,2026-04-15 09:50:00-04:00,0,0,0,0,0,0,0,2,0,3,0,5,0
2026-04-16,26394.75,26363.0,31.75,True,2026-04-16 11:02:00-04:00,1,72,L0,2026-04-16 09:50:00-04:00,0,7,1,8,3,6,2,4,2,5,3,30,11
2026-04-17,26719.0,26632.25,86.75,True,2026-04-17 10:39:00-04:00,1,49,L100,2026-04-17 09:50:00-04:00,0,0,37,0,52,1,51,4,63,3,54,8,257
2026-04-20,26770.0,26716.0,54.0,True,2026-04-20 10:51:00-04:00,-1,61,L25,2026-04-20 09:50:00-04:00,0,5,41,3,54,8,56,4,30,6,29,26,210
2026-04-21,26790.0,26743.25,46.75,True,2026-04-21 09:59:00-04:00,1,9,L25,2026-04-21 09:50:00-04:00,0,0,41,1,33,1,19,2,15,1,13,5,121
2026-04-22,26880.0,26823.75,56.25,True,2026-04-22 10:15:00-04:00,1,25,L0,2026-04-22 09:50:00-04:00,0,1,2,3,3,2,9,3,14,1,22,10,50
2026-04-23,27102.5,27025.0,77.5,True,2026-04-23 13:10:00-04:00,-1,200,L25,2026-04-23 09:50:00-04:00,0,9,18,7,43,9,31,10,49,11,45,46,186
2026-04-24,27246.5,27203.75,42.75,True,2026-04-24 10:56:00-04:00,1,66,L100,2026-04-24 09:50:00-04:00,0,5,41,7,61,8,57,8,58,7,59,35,276
2026-04-27,27388.5,27324.5,64.0,True,2026-04-27 18:05:00-04:00,1,495,L0,2026-04-27 09:50:00-04:00,0,4,27,10,37,18,43,22,46,14,42,68,195
2026-04-28,27250.75,27205.0,45.75,True,2026-04-28 10:24:00-04:00,-1,34,L50,2026-04-28 09:50:00-04:00,0,5,57,4,68,2,66,0,64,0,75,11,330
2026-04-29,27197.75,27155.5,42.25,True,2026-04-29 10:23:00-04:00,1,33,L100,2026-04-29 09:50:00-04:00,0,0,4,0,6,3,12,5,18,3,22,11,62
2026-04-30,27365.25,27286.0,79.25,True,2026-04-30 10:08:00-04:00,-1,18,L50,2026-04-30 09:50:00-04:00,0,2,1,1,1,1,1,0,2,0,7,4,12
