home_team,away_team,home_record,away_record,home_rating,away_rating,spread,prob_home_covers,expected_margin,model_edge,pick,pick_side,pick_spread,confidence,confidence_pct,conf_tier,edge_tier,barthag_diff,rating_diff,adj_o_diff,adj_d_diff,off_efg_diff,def_efg_diff,def_to_diff,error,game_date
North Alabama,Central Arkansas,,,-19.9,0.75,6.5,0.0148,-17.1,-10.6,Central Arkansas,AWAY,Central Arkansas -6.5,0.9852,98.5,ðŸ”’ 98.5%,Strong,-0.4091,-20.65,-8.45,-12.2,-5.5,-1.0,-4.0,,2026-02-09
Stephen F. Austin,East Texas A&M,,,11.66,-10.0,-15.5,0.9947,25.2,9.7,Stephen F. Austin,HOME,Stephen F. Austin -15.5,0.9947,99.5,ðŸ”’ 99.5%,Strong,0.5325,21.66,14.46,7.2,4.399999999999999,7.0,-0.5,,2026-02-09
St. John's,Xavier,,,25.16,7.52,-11.5,0.9455,21.1,9.6,St. John's,HOME,St. John's -11.5,0.9455,94.6,ðŸ”’ 94.6%,Strong,0.2456,17.64,9.36,8.28,1.5,4.700000000000003,3.3000000000000007,,2026-02-09
Evansville,Illinois St.,,,-11.85,9.84,10.5,0.0053,-18.2,-7.7,Illinois St.,AWAY,Illinois St. -10.5,0.9947,99.5,ðŸ”’ 99.5%,Strong,-0.5341,-21.69,-10.81,-10.88,-5.399999999999999,-6.0,-0.6000000000000014,,2026-02-09
Indiana,Oregon,,,23.53,9.32,-10.5,0.9014,17.7,7.2,Indiana,HOME,Indiana -10.5,0.9014,90.1,ðŸ”’ 90.1%,Strong,0.191,14.21,10.03,4.18,6.300000000000004,4.399999999999999,0.0999999999999996,,2026-02-09
Lamar,Northwestern St.,,,-2.66,-12.65,-6.5,0.9015,13.5,7.0,Lamar,HOME,Lamar -6.5,0.9015,90.2,ðŸ”’ 90.2%,Strong,0.2221,9.99,4.64,5.35,-0.1000000000000014,3.4000000000000057,0.7000000000000028,,2026-02-09
Arkansas Pine Bluff,Jackson St.,,,-8.81,-18.66,-6.5,0.8522,13.3,6.8,Arkansas Pine Bluff,HOME,Arkansas Pine Bluff -6.5,0.8522,85.2,ðŸ“Š 85.2%,Strong,0.1612,9.85,5.22,4.63,3.200000000000003,0.8999999999999986,0.5,,2026-02-09
Bradley,Belmont,,,1.02,12.37,1.5,0.0736,-7.8,-6.3,Belmont,AWAY,Belmont -1.5,0.9264,92.6,ðŸ”’ 92.6%,Strong,-0.251,-11.35,-10.06,-1.29,-10.6,-4.200000000000003,1.8000000000000007,,2026-02-09
McNeese St.,Houston Christian,,,9.58,-14.43,-21.5,0.9956,27.5,6.0,McNeese St.,HOME,McNeese St. -21.5,0.9956,99.6,ðŸ”’ 99.6%,Strong,0.5479,24.01,10.59,13.42,0.5,6.300000000000004,6.900000000000002,,2026-02-09
Howard,Yale,,,-6.23,9.28,6.5,0.0235,-12.0,-5.5,Yale,AWAY,Yale -6.5,0.9765,97.7,ðŸ”’ 97.7%,Strong,-0.3835,-15.51,-21.17,5.66,-9.1,3.699999999999996,5.399999999999999,,2026-02-09
Grambling St.,Alabama A&M,,,-6.94,-13.39,-4.5,0.7813,9.9,5.4,Grambling St.,HOME,Grambling St. -4.5,0.7813,78.1,ðŸ“‰ 78.1%,Strong,0.1227,6.45,-1.28,7.73,2.6000000000000014,2.5,3.6000000000000014,,2026-02-09
Bethune Cookman,Texas Southern,,,-3.91,-13.06,-7.5,0.8789,12.7,5.2,Bethune Cookman,HOME,Bethune Cookman -7.5,0.8789,87.9,ðŸ“Š 87.9%,Strong,0.1946,9.15,1.6,7.55,0.5,4.100000000000001,-0.2999999999999989,,2026-02-09
Drake,Valparaiso,,,-3.68,0.86,-3.5,0.2441,-1.0,-4.5,Valparaiso,AWAY,Valparaiso +3.5,0.7559,75.6,ðŸ“‰ 75.6%,Lean,-0.1179,-4.54,3.66,-8.2,5.700000000000003,-3.200000000000003,-2.4000000000000004,,2026-02-09
New Orleans,Texas A&M Corpus Chris,,,-3.28,-1.56,1.5,0.4032,1.8,3.3,Texas A&M Corpus Chris,AWAY,Texas A&M Corpus Chris -1.5,0.5968,59.7,âšª 59.7%,Lean,-0.0395,-1.72,8.75,-10.47,2.6000000000000014,1.0,-5.5,,2026-02-09
Mississippi Valley St.,Alcorn St.,,,-31.58,-19.48,5.5,0.216,-8.6,-3.1,Alcorn St.,AWAY,Alcorn St. -5.5,0.784,78.4,ðŸ“‰ 78.4%,Lean,-0.0826,-12.1,-9.96,-2.14,-3.800000000000004,1.0,-1.1000000000000014,,2026-02-09
Southern,Alabama St.,,,-7.3,-13.38,-6.5,0.7805,9.6,3.1,Southern,HOME,Southern -6.5,0.7805,78.1,ðŸ“‰ 78.1%,Lean,0.1252,6.08,5.18,0.9,1.2000000000000028,-0.6000000000000014,-0.9000000000000021,,2026-02-09
Bucknell,Navy,,,-15.15,-1.98,12.5,0.0504,-9.7,2.8,Navy,AWAY,Navy -12.5,0.9496,95.0,ðŸ”’ 95.0%,Watch,-0.2845,-13.17,-5.26,-7.91,-4.5,-7.399999999999999,-0.5,,2026-02-09
Florida A&M,Prairie View A&M,,,-13.25,-14.76,-2.5,0.5542,5.0,2.5,Florida A&M,HOME,Florida A&M -2.5,0.5542,55.4,âšª 55.4%,Watch,0.015,1.51,-3.6,5.11,1.7999999999999972,1.1000000000000014,0.0,,2026-02-09
Nicholls St.,UT Rio Grande Valley,,,-5.83,2.97,3.5,0.099,-5.3,-1.8,UT Rio Grande Valley,AWAY,UT Rio Grande Valley -3.5,0.901,90.1,ðŸ”’ 90.1%,Watch,-0.229,-8.8,-2.36,-6.44,-3.0,-6.600000000000001,4.300000000000001,,2026-02-09
Louisville,N.C. State,,,26.03,23.76,-7.5,0.5639,5.8,-1.7,Louisville,HOME,Louisville -7.5,0.5639,56.4,âšª 56.4%,Watch,0.0152,2.27,1.31,0.96,-1.3999999999999986,3.4000000000000057,-2.0,,2026-02-09
Kansas,Arizona,,,27.63,34.93,2.5,0.3449,-3.8,-1.3,Arizona,AWAY,Arizona -2.5,0.6551,65.5,ðŸ“‰ 65.5%,Watch,-0.0254,-7.3,-4.18,-3.12,-1.8999999999999984,0.1000000000000014,-4.300000000000001,,2026-02-09
Indiana St.,Southern Illinois,,,-2.07,1.6,1.5,0.2769,-0.2,1.3,Southern Illinois,AWAY,Southern Illinois -1.5,0.7231,72.3,ðŸ“‰ 72.3%,Watch,-0.0997,-3.67,4.46,-8.13,3.0999999999999943,-0.4000000000000057,-3.6000000000000014,,2026-02-09
Charleston,UNC Wilmington,,,-1.41,1.37,-1.5,0.3258,0.7,-0.8,UNC Wilmington,AWAY,UNC Wilmington +1.5,0.6742,67.4,ðŸ“‰ 67.4%,Watch,-0.0731,-2.78,-3.53,0.75,-0.1000000000000014,-2.0,-0.5999999999999996,,2026-02-09
Southeastern Louisiana,Incarnate Word,,,-9.58,-8.06,-1.5,0.3936,2.0,0.5,Incarnate Word,AWAY,Incarnate Word +1.5,0.6064,60.6,âšª 60.6%,Watch,-0.0481,-1.52,-9.29,7.77,-4.100000000000001,2.799999999999997,3.0,,2026-02-09
North Carolina Central,Delaware St.,,,-19.51,-23.7,-7.5,0.6496,7.7,0.2,North Carolina Central,HOME,North Carolina Central -7.5,0.6496,65.0,âšª 65.0%,Watch,0.0533,4.19,12.06,-7.87,4.0,-2.3999999999999986,-1.5,,2026-02-09
Murray St.,Northern Iowa,,,7.18,7.26,-3.5,0.4573,3.4,-0.1,Northern Iowa,AWAY,Northern Iowa +3.5,0.5427,54.3,âšª 54.3%,Watch,-0.0247,-0.08,14.46,-14.54,4.299999999999997,-4.199999999999996,-2.099999999999998,,2026-02-09
Richmond,George Mason,,,-0.31,6.34,-14.5,0.5897,-4.9,-19.4,George Mason,AWAY,George Mason +14.5,0.4103,41.0,âšª 41.0%,Strong,-0.1708,-6.65,-0.54,-6.11,-0.5,-3.299999999999997,0.6999999999999993,,2026-02-10
Florida St.,Virginia,,,9.19,26.53,0.5,0.5444,-15.6,-15.1,Virginia,AWAY,Virginia -0.5,0.4556,45.6,âšª 45.6%,Strong,-0.2174,-17.34,-9.36,-7.98,-4.5,-7.200000000000003,3.3000000000000007,,2026-02-10
Utah,Houston,,,6.52,35.09,16.5,0.4788,-26.8,-10.3,Houston,AWAY,Houston -16.5,0.5212,52.1,âšª 52.1%,Strong,-0.3141,-28.57,-12.63,-15.94,0.0,-7.0,-8.3,,2026-02-10
TCU,Iowa St.,,,12.53,31.64,7.5,0.5567,-17.4,-9.9,Iowa St.,AWAY,Iowa St. -7.5,0.4433,44.3,âšª 44.3%,Strong,-0.1709,-19.11,-12.93,-6.18,-7.0,-2.0,-2.8999999999999986,,2026-02-10
Nebraska,Purdue,,,28.34,30.75,10.5,0.6605,-0.7,9.8,Nebraska,HOME,Nebraska +10.5,0.6605,66.0,ðŸ“‰ 66.0%,Strong,-0.004,-2.41,-6.78,4.37,-2.3000000000000043,2.799999999999997,2.6999999999999997,,2026-02-10
Western Illinois,Eastern Illinois,,,-29.16,-13.8,4.5,0.5837,-13.6,-9.1,Eastern Illinois,AWAY,Eastern Illinois -4.5,0.4163,41.6,âšª 41.6%,Strong,-0.1306,-15.36,-1.46,-13.9,-1.7999999999999972,-4.200000000000003,-4.299999999999999,,2026-02-10
Illinois,Wisconsin,,,34.62,20.17,-7.5,0.7288,16.2,8.7,Illinois,HOME,Illinois -7.5,0.7288,72.9,ðŸ“‰ 72.9%,Strong,0.0819,14.45,9.83,4.62,1.7000000000000028,3.5999999999999943,-3.0,,2026-02-10
Pittsburgh,Duke,,,6.05,32.08,16.5,0.4827,-24.3,-7.8,Duke,AWAY,Duke -16.5,0.5173,51.7,âšª 51.7%,Strong,-0.3141,-26.03,-12.69,-13.34,-6.700000000000003,-6.5,-2.599999999999998,,2026-02-10
Villanova,Marquette,,,21.49,7.95,-7.5,0.7604,15.3,7.8,Villanova,HOME,Villanova -7.5,0.7604,76.0,ðŸ“‰ 76.0%,Strong,0.2028,13.54,10.03,3.51,4.800000000000004,1.1000000000000014,-0.6000000000000014,,2026-02-10
Miami FL,North Carolina,,,16.79,22.96,-2.5,0.6324,-4.4,-6.9,North Carolina,AWAY,North Carolina +2.5,0.3676,36.8,âšª 36.8%,Strong,-0.0611,-6.17,-5.1,-1.07,1.4000000000000057,-3.1000000000000014,4.9,,2026-02-10
Air Force,Colorado St.,,,-17.44,6.98,16.5,0.4019,-22.7,-6.2,Colorado St.,AWAY,Colorado St. -16.5,0.5981,59.8,âšª 59.8%,Strong,-0.548,-24.42,-21.33,-3.09,-8.5,-2.299999999999997,0.8000000000000007,,2026-02-10
SMU,Notre Dame,,,21.2,8.56,-8.5,0.7527,14.4,5.9,SMU,HOME,SMU -8.5,0.7527,75.3,ðŸ“‰ 75.3%,Strong,0.1831,12.64,11.62,1.02,4.100000000000001,0.1000000000000014,3.8000000000000007,,2026-02-10
Saint Joseph's,Fordham,,,5.05,-1.68,-3.5,0.7394,8.5,5.0,Saint Joseph's,HOME,Saint Joseph's -3.5,0.7394,73.9,ðŸ“‰ 73.9%,Lean,0.1821,6.73,3.98,2.75,-0.1000000000000014,1.1000000000000014,-0.5999999999999979,,2026-02-10
Auburn,Vanderbilt,,,22.42,27.94,8.5,0.6403,-3.8,4.7,Auburn,HOME,Auburn +8.5,0.6403,64.0,âšª 64.0%,Lean,-0.0434,-5.52,1.2,-6.72,-3.700000000000003,-5.0,-1.1000000000000014,,2026-02-10
LSU,Arkansas,,,13.47,24.1,4.5,0.5991,-8.9,-4.4,Arkansas,AWAY,Arkansas -4.5,0.4009,40.1,âšª 40.1%,Lean,-0.1209,-10.63,-7.05,-3.58,-2.3000000000000043,1.0,-1.3999999999999986,,2026-02-10
George Washington,Rhode Island,,,9.79,2.46,-6.5,0.7366,9.1,2.6,George Washington,HOME,George Washington -6.5,0.7366,73.7,ðŸ“‰ 73.7%,Watch,0.1641,7.33,10.79,-3.46,3.1000000000000014,-0.7000000000000028,-3.900000000000002,,2026-02-10
IU Indy,Milwaukee,,,-10.38,-9.24,1.5,0.6565,0.6,2.1,IU Indy,HOME,IU Indy +1.5,0.6565,65.6,ðŸ“‰ 65.6%,Watch,-0.0195,-1.14,1.43,-2.57,2.5,-2.8999999999999986,3.8000000000000007,,2026-02-10
Baylor,BYU,,,15.7,22.18,6.5,0.6272,-4.7,1.8,Baylor,HOME,Baylor +6.5,0.6272,62.7,âšª 62.7%,Watch,-0.0718,-6.48,-4.36,-2.12,-1.3999999999999986,-0.6000000000000014,-0.3999999999999986,,2026-02-10
UNLV,San Jose St.,,,4.94,-5.6,-11.5,0.7714,12.3,0.8,UNLV,HOME,UNLV -11.5,0.7714,77.1,ðŸ“‰ 77.1%,Watch,0.2662,10.54,5.49,5.05,4.0,4.199999999999996,0.0999999999999978,,2026-02-10
Utah St.,Fresno St.,,,21.99,2.67,-20.5,0.8041,21.1,0.6,Utah St.,HOME,Utah St. -20.5,0.8041,80.4,ðŸ“Š 80.4%,Watch,0.3322,19.32,18.72,0.6,7.399999999999999,1.8999999999999984,1.6999999999999993,,2026-02-10
Arizona St.,Oklahoma St.,,,11.51,11.28,-2.5,0.6683,2.0,-0.5,Oklahoma St.,AWAY,Oklahoma St. +2.5,0.3317,33.2,âšª 33.2%,Watch,0.0014,0.23,1.58,-1.35,-1.1000000000000014,-1.1999999999999955,1.599999999999998,,2026-02-10
Gonzaga,Washington St.,,,25.58,5.5,-21.5,0.7993,21.8,0.3,Gonzaga,HOME,Gonzaga -21.5,0.7993,79.9,ðŸ“‰ 79.9%,Watch,0.302,20.08,5.72,14.36,1.0,6.399999999999999,5.899999999999999,,2026-02-10
Maryland,Iowa,,,3.39,25.28,2.5,0.484,-20.1,-17.6,Iowa,AWAY,Iowa -2.5,0.516,51.6,âšª 51.6%,Strong,-0.3449,-21.89,-12.46,-9.43,-10.4,-5.400000000000006,-5.300000000000001,,2026-02-11
Western Carolina,The Citadel,,,-10.1,-18.98,-27.5,0.7334,10.6,-16.9,The Citadel,AWAY,The Citadel +27.5,0.2666,26.7,âšª 26.7%,Strong,0.1453,8.88,8.61,0.27,0.0,-0.3000000000000042,0.5,,2026-02-11
Northwestern,Michigan,,,11.4,38.11,15.5,0.5178,-25.0,-9.5,Michigan,AWAY,Michigan -15.5,0.4822,48.2,âšª 48.2%,Strong,-0.2167,-26.71,-11.74,-14.97,-7.5,-6.600000000000001,-0.6000000000000014,,2026-02-11
Samford,Wofford,,,-8.5,-4.23,-6.5,0.6235,-2.5,-9.0,Wofford,AWAY,Wofford +6.5,0.3765,37.7,âšª 37.7%,Strong,-0.1006,-4.27,-3.29,-0.98,-1.1000000000000014,0.3999999999999986,-1.799999999999999,,2026-02-11
Mississippi,Alabama,,,10.08,26.92,6.5,0.5574,-15.1,-8.6,Alabama,AWAY,Alabama -6.5,0.4426,44.3,âšª 44.3%,Strong,-0.1904,-16.84,-16.4,-0.44,-5.100000000000001,-1.0,4.800000000000001,,2026-02-11
Ball St.,Buffalo,,,-12.31,-3.98,-1.5,0.5773,-6.6,-8.1,Buffalo,AWAY,Buffalo +1.5,0.4227,42.3,âšª 42.3%,Strong,-0.194,-8.33,-12.95,4.62,-9.799999999999995,-0.1000000000000014,1.8000000000000007,,2026-02-11
Mississippi St.,Tennessee,,,8.81,26.08,7.5,0.5436,-15.5,-8.0,Tennessee,AWAY,Tennessee -7.5,0.4564,45.6,âšª 45.6%,Strong,-0.2198,-17.27,-10.76,-6.51,-2.8000000000000043,-1.7999999999999972,-3.700000000000001,,2026-02-11
Saint Mary's,Pepperdine,,,20.66,-9.31,-24.5,0.8795,31.7,7.2,Saint Mary's,HOME,Saint Mary's -24.5,0.8795,88.0,ðŸ“Š 88.0%,Strong,0.633,29.97,18.67,11.3,6.5,7.200000000000003,-1.6999999999999993,,2026-02-11
Butler,Connecticut,,,10.91,30.63,11.5,0.5451,-18.0,-6.5,Connecticut,AWAY,Connecticut -11.5,0.4549,45.5,âšª 45.5%,Strong,-0.2075,-19.72,-6.72,-13.0,-4.399999999999999,-6.5,-3.299999999999999,,2026-02-11
Rice,Florida Atlantic,,,-4.41,7.22,3.5,0.5319,-9.9,-6.4,Florida Atlantic,AWAY,Florida Atlantic -3.5,0.4681,46.8,âšª 46.8%,Strong,-0.2947,-11.63,-2.66,-8.97,-4.899999999999999,-1.2999999999999972,-0.3000000000000007,,2026-02-11
Queens,Austin Peay,,,-3.66,1.94,-2.5,0.6033,-3.8,-6.3,Austin Peay,AWAY,Austin Peay +2.5,0.3967,39.7,âšª 39.7%,Strong,-0.1423,-5.6,6.56,-12.16,3.6000000000000014,-4.200000000000003,-4.700000000000001,,2026-02-11
Santa Clara,Seattle,,,20.62,4.71,-11.5,0.7794,17.7,6.2,Santa Clara,HOME,Santa Clara -11.5,0.7794,77.9,ðŸ“‰ 77.9%,Strong,0.2599,15.91,20.85,-4.94,5.600000000000001,-3.0,-0.3000000000000007,,2026-02-11
Central Arkansas,Bellarmine,,,0.1,-12.65,-8.5,0.7787,14.5,6.0,Central Arkansas,HOME,Central Arkansas -8.5,0.7787,77.9,ðŸ“‰ 77.9%,Strong,0.2767,12.75,-4.07,16.82,-5.5,4.5,3.599999999999998,,2026-02-11
Texas Tech,Colorado,,,26.83,9.26,-13.5,0.7724,19.3,5.8,Texas Tech,HOME,Texas Tech -13.5,0.7724,77.2,ðŸ“‰ 77.2%,Strong,0.2222,17.57,7.2,10.37,2.1000000000000014,2.699999999999996,0.1999999999999993,,2026-02-11
Army,Boston University,,,-17.5,-11.76,9.5,0.6192,-4.0,5.5,Army,HOME,Army +9.5,0.6192,61.9,âšª 61.9%,Strong,-0.0979,-5.74,-7.88,2.14,-6.700000000000003,0.7999999999999972,1.5999999999999996,,2026-02-11
East Tennessee St.,Chattanooga,,,0.93,-13.0,-10.5,0.7941,15.7,5.2,East Tennessee St.,HOME,East Tennessee St. -10.5,0.7941,79.4,ðŸ“‰ 79.4%,Strong,0.3234,13.93,7.45,6.48,3.3999999999999986,0.8000000000000043,5.5,,2026-02-11
Georgia Southern,Appalachian St.,,,-8.62,-0.26,1.5,0.5748,-6.6,-5.1,Appalachian St.,AWAY,Appalachian St. -1.5,0.4252,42.5,âšª 42.5%,Strong,-0.2018,-8.36,2.74,-11.1,-0.2999999999999971,-5.5,5.000000000000002,,2026-02-11
New Mexico St.,Liberty,,,-1.17,9.19,3.5,0.5523,-8.6,-5.1,Liberty,AWAY,Liberty -3.5,0.4477,44.8,âšª 44.8%,Strong,-0.2474,-10.36,-7.8,-2.56,-10.799999999999995,2.3999999999999986,-2.5,,2026-02-11
Tulane,Temple,,,-2.58,2.45,-1.5,0.6086,-3.3,-4.8,Temple,AWAY,Temple +1.5,0.3914,39.1,âšª 39.1%,Lean,-0.131,-5.03,-5.43,0.4,-0.8000000000000043,-0.9000000000000057,2.3000000000000007,,2026-02-11
North Alabama,West Georgia,,,-18.91,-13.87,-1.5,0.6336,-3.3,-4.8,West Georgia,AWAY,West Georgia +1.5,0.3664,36.6,âšª 36.6%,Lean,-0.0668,-5.04,-1.66,-3.38,-0.5,-0.1000000000000014,-0.6000000000000014,,2026-02-11
Tulsa,UAB,,,14.17,2.05,-9.5,0.7694,13.9,4.4,Tulsa,HOME,Tulsa -9.5,0.7694,76.9,ðŸ“‰ 76.9%,Lean,0.2488,12.12,13.97,-1.85,9.200000000000005,-0.1000000000000014,-0.9000000000000004,,2026-02-11
Texas St.,Troy,,,-6.2,4.4,4.5,0.5428,-8.8,-4.3,Troy,AWAY,Troy -4.5,0.4572,45.7,âšª 45.7%,Lean,-0.2747,-10.6,-11.11,0.51,-3.4000000000000057,-0.5,1.1000000000000014,,2026-02-11
Lehigh,American,,,-12.74,-5.49,1.5,0.5967,-5.5,-4.0,American,AWAY,American -1.5,0.4033,40.3,âšª 40.3%,Lean,-0.156,-7.25,-4.98,-2.27,0.4000000000000057,2.3999999999999986,-1.8999999999999984,,2026-02-11
Clemson,Virginia Tech,,,23.18,12.55,-8.5,0.735,12.4,3.9,Clemson,HOME,Clemson -8.5,0.735,73.5,ðŸ“‰ 73.5%,Lean,0.1355,10.63,2.24,8.39,2.6000000000000014,4.0,-0.6000000000000014,,2026-02-11
San Diego,Portland,,,-3.31,-0.13,-2.5,0.631,-1.4,-3.9,Portland,AWAY,Portland +2.5,0.369,36.9,âšª 36.9%,Lean,-0.0826,-3.18,1.17,-4.35,-0.3999999999999986,-1.8999999999999984,1.900000000000002,,2026-02-11
Jacksonville St.,UTEP,,,-0.43,-9.01,-6.5,0.7553,10.3,3.8,Jacksonville St.,HOME,Jacksonville St. -6.5,0.7553,75.5,ðŸ“‰ 75.5%,Lean,0.2148,8.58,4.41,4.17,2.0,3.299999999999997,-2.1999999999999997,,2026-02-11
Georgia,Florida,,,18.91,32.95,8.5,0.6001,-12.3,-3.8,Florida,AWAY,Florida -8.5,0.3999,40.0,âšª 40.0%,Lean,-0.0948,-14.04,-4.31,-9.73,1.5,-1.4000000000000057,4.1,,2026-02-11
Seton Hall,Providence,,,12.04,13.07,-4.5,0.6701,0.7,-3.8,Providence,AWAY,Providence +4.5,0.3299,33.0,âšª 33.0%,Lean,0.0125,-1.03,-15.59,14.56,-7.699999999999996,4.699999999999996,8.7,,2026-02-11
Boston College,Stanford,,,2.64,11.55,3.5,0.5763,-7.2,-3.7,Stanford,AWAY,Stanford -3.5,0.4237,42.4,âšª 42.4%,Lean,-0.1976,-8.91,-12.58,3.67,-3.699999999999996,4.5,-3.4999999999999982,,2026-02-11
Northern Illinois,Bowling Green,,,-11.89,1.1,7.5,0.5194,-11.2,-3.7,Bowling Green,AWAY,Bowling Green -7.5,0.4806,48.1,âšª 48.1%,Lean,-0.3168,-12.99,-7.35,-5.64,-3.199999999999996,-2.299999999999997,-2.599999999999998,,2026-02-11
Arkansas St.,Louisiana Monroe,,,1.92,-20.51,-20.5,0.8348,24.2,3.7,Arkansas St.,HOME,Arkansas St. -20.5,0.8348,83.5,ðŸ“Š 83.5%,Lean,0.4491,22.43,11.64,10.79,3.1000000000000014,4.700000000000003,-0.6999999999999993,,2026-02-11
Syracuse,California,,,12.57,11.51,-6.5,0.6769,2.8,-3.7,California,AWAY,California +6.5,0.3231,32.3,âšª 32.3%,Lean,0.0173,1.06,1.47,-0.41,0.3000000000000042,0.6000000000000014,2.9000000000000004,,2026-02-11
UNC Greensboro,VMI,,,-13.6,-23.97,-8.5,0.7326,12.1,3.6,UNC Greensboro,HOME,UNC Greensboro -8.5,0.7326,73.3,ðŸ“‰ 73.3%,Lean,0.1242,10.37,7.54,2.83,3.0,0.3999999999999986,-3.6999999999999993,,2026-02-11
Kent St.,Eastern Michigan,,,1.36,-3.91,-10.5,0.726,7.0,-3.5,Eastern Michigan,AWAY,Eastern Michigan +10.5,0.274,27.4,âšª 27.4%,Lean,0.1423,5.27,6.42,-1.15,2.3000000000000043,-1.7999999999999972,-0.5,,2026-02-11
Georgia Tech,Wake Forest,,,2.41,11.15,3.5,0.5771,-7.0,-3.5,Wake Forest,AWAY,Wake Forest -3.5,0.4229,42.3,âšª 42.3%,Lean,-0.1995,-8.74,-6.72,-2.02,-1.8999999999999984,4.199999999999996,-4.599999999999998,,2026-02-11
Western Michigan,Toledo,,,-11.35,0.06,6.5,0.5446,-9.7,-3.2,Toledo,AWAY,Toledo -6.5,0.4554,45.5,âšª 45.5%,Lean,-0.2619,-11.41,-4.21,-7.2,-2.3000000000000043,0.7999999999999972,-5.199999999999999,,2026-02-11
Grand Canyon,New Mexico,,,13.58,16.65,-1.5,0.649,-1.3,-2.8,New Mexico,AWAY,New Mexico +1.5,0.351,35.1,âšª 35.1%,Watch,-0.034,-3.07,-7.03,3.96,-3.200000000000003,2.0,-1.6000000000000014,,2026-02-11
Texas A&M,Missouri,,,22.14,14.56,-6.5,0.7137,9.3,2.8,Texas A&M,HOME,Texas A&M -6.5,0.7137,71.4,ðŸ“‰ 71.4%,Watch,0.0885,7.58,4.41,3.17,0.0,-0.7000000000000028,2.799999999999997,,2026-02-11
Washington,Penn St.,,,17.18,3.82,-12.5,0.7757,15.1,2.6,Washington,HOME,Washington -12.5,0.7757,77.6,ðŸ“‰ 77.6%,Watch,0.2635,13.36,2.68,10.68,-2.1000000000000014,8.699999999999996,-3.6999999999999993,,2026-02-11
Old Dominion,Marshall,,,-7.76,-0.95,2.5,0.5898,-5.1,-2.6,Marshall,AWAY,Marshall -2.5,0.4102,41.0,âšª 41.0%,Watch,-0.1716,-6.81,-6.3,-0.51,-5.0,-2.0,-2.6000000000000014,,2026-02-11
Kansas St.,Cincinnati,,,8.19,14.93,2.5,0.5998,-5.0,-2.5,Cincinnati,AWAY,Cincinnati -2.5,0.4002,40.0,âšª 40.0%,Watch,-0.1444,-6.74,5.79,-12.53,4.900000000000006,-3.700000000000003,-1.5,,2026-02-11
Holy Cross,Colgate,,,-16.24,-3.52,13.5,0.5435,-11.0,2.5,Holy Cross,HOME,Holy Cross +13.5,0.5435,54.4,âšª 54.4%,Watch,-0.2568,-12.72,-7.17,-5.55,-3.5,-3.5,-1.5999999999999996,,2026-02-11
La Salle,VCU,,,-3.73,13.35,13.5,0.4774,-15.3,-1.8,VCU,AWAY,VCU -13.5,0.5226,52.3,âšª 52.3%,Watch,-0.3973,-17.08,-14.93,-2.15,-9.200000000000005,-5.299999999999997,-0.8000000000000007,,2026-02-11
Lafayette,Loyola MD,,,-13.62,-17.13,-3.5,0.6901,5.3,1.8,Lafayette,HOME,Lafayette -3.5,0.6901,69.0,ðŸ“‰ 69.0%,Watch,0.0423,3.51,-2.54,6.05,-1.7999999999999972,2.5999999999999943,-0.9000000000000004,,2026-02-11
Ohio St.,USC,,,19.31,14.83,-4.5,0.6926,6.2,1.7,Ohio St.,HOME,Ohio St. -4.5,0.6926,69.3,ðŸ“‰ 69.3%,Watch,0.0436,4.48,9.5,-5.02,3.5,-1.6000000000000014,-1.0,,2026-02-11
Pacific,Loyola Marymount,,,7.19,1.7,-5.5,0.7244,7.2,1.7,Pacific,HOME,Pacific -5.5,0.7244,72.4,ðŸ“‰ 72.4%,Watch,0.1359,5.49,6.07,-0.58,1.7999999999999972,-1.2000000000000028,-0.9000000000000021,,2026-02-11
Lipscomb,Eastern Kentucky,,,-3.76,-10.03,-6.5,0.726,8.0,1.5,Lipscomb,HOME,Lipscomb -6.5,0.726,72.6,ðŸ“‰ 72.6%,Watch,0.1353,6.27,-1.83,8.1,2.1000000000000014,2.0999999999999943,3.0,,2026-02-11
Florida Gulf Coast,North Florida,,,-6.27,-16.54,-13.5,0.7467,12.0,-1.5,North Florida,AWAY,North Florida +13.5,0.2533,25.3,âšª 25.3%,Watch,0.1755,10.27,-2.99,13.26,-1.7999999999999972,3.799999999999997,4.099999999999998,,2026-02-11
Stetson,Jacksonville,,,-15.51,-12.48,2.5,0.6472,-1.3,1.2,Stetson,HOME,Stetson +2.5,0.6472,64.7,âšª 64.7%,Watch,-0.043,-3.03,1.24,-4.27,1.1999999999999955,-1.2000000000000028,-0.0999999999999996,,2026-02-11
East Carolina,UTSA,,,-10.49,-20.24,-10.5,0.7349,11.5,1.0,East Carolina,HOME,East Carolina -10.5,0.7349,73.5,ðŸ“‰ 73.5%,Watch,0.1371,9.75,1.73,8.02,0.7999999999999972,1.1000000000000014,1.700000000000001,,2026-02-11
DePaul,Creighton,,,6.7,10.73,1.5,0.6326,-2.3,-0.8,Creighton,AWAY,Creighton -1.5,0.3674,36.7,âšª 36.7%,Watch,-0.0748,-4.03,-9.24,5.21,-3.5999999999999943,2.1000000000000014,4.1,,2026-02-11
Mercer,Furman,,,-0.75,-2.24,-3.5,0.685,3.2,-0.3,Furman,AWAY,Furman +3.5,0.315,31.5,âšª 31.5%,Watch,0.0408,1.49,5.43,-3.94,-2.699999999999996,-3.3999999999999986,3.5,,2026-02-11
South Dakota,North Dakota,,,-9.61,-9.69,-1.5,0.6703,1.8,0.3,South Dakota,HOME,South Dakota -1.5,0.6703,67.0,ðŸ“‰ 67.0%,Watch,-0.0006,0.08,-1.27,1.35,1.2999999999999972,1.1999999999999955,-3.1999999999999997,,2026-02-11
Wichita St.,South Florida,,,8.49,11.77,1.5,0.6413,-1.5,-0.0,South Florida,AWAY,South Florida -1.5,0.3587,35.9,âšª 35.9%,Watch,-0.0579,-3.28,-5.73,2.45,-1.6000000000000014,2.299999999999997,-1.8000000000000007,,2026-02-11
Green Bay,Purdue Fort Wayne,,,-2.78,-7.09,1.5,0.7132,6.1,7.6,Green Bay,HOME,Green Bay +1.5,0.7132,71.3,ðŸ“‰ 71.3%,Strong,0.1089,4.31,6.81,-2.5,1.8999999999999984,0.8999999999999986,-6.600000000000001,,2026-02-12
Drake,Illinois Chicago,,,-3.96,3.74,-1.5,0.5773,-6.0,-7.5,Illinois Chicago,AWAY,Illinois Chicago +1.5,0.4227,42.3,âšª 42.3%,Strong,-0.2012,-7.7,1.83,-9.53,4.0,-3.1000000000000014,-5.499999999999998,,2026-02-12
Cal St. Bakersfield,Hawaii,,,-14.25,8.4,13.5,0.408,-20.9,-7.4,Hawaii,AWAY,Hawaii -13.5,0.592,59.2,âšª 59.2%,Strong,-0.5416,-22.65,-6.19,-16.46,-7.5,-8.200000000000003,0.9000000000000021,,2026-02-12
Abilene Christian,UT Arlington,,,-7.5,-0.26,-1.5,0.5817,-5.5,-7.0,UT Arlington,AWAY,UT Arlington +1.5,0.4183,41.8,âšª 41.8%,Strong,-0.1874,-7.24,-2.46,-4.78,-1.1000000000000014,-8.0,4.899999999999999,,2026-02-12
Gardner Webb,Winthrop,,,-28.95,0.24,20.5,0.4191,-27.4,-6.9,Winthrop,AWAY,Winthrop -20.5,0.5809,58.1,âšª 58.1%,Strong,-0.4627,-29.19,-17.24,-11.95,-4.100000000000001,-6.599999999999994,-2.5,,2026-02-12
UC Riverside,UC Santa Barbara,,,-10.26,5.65,7.5,0.4846,-14.2,-6.7,UC Santa Barbara,AWAY,UC Santa Barbara -7.5,0.5154,51.5,âšª 51.5%,Strong,-0.3883,-15.91,-14.2,-1.71,-7.200000000000003,0.0,-2.700000000000001,,2026-02-12
Southern Utah,Cal Baptist,,,-9.1,4.71,5.5,0.5023,-12.1,-6.6,Cal Baptist,AWAY,Cal Baptist -5.5,0.4977,49.8,âšª 49.8%,Strong,-0.3535,-13.81,-4.01,-9.8,1.3999999999999986,-7.200000000000003,-1.5999999999999996,,2026-02-12
Binghamton,Vermont,,,-26.87,-7.01,11.5,0.5186,-18.1,-6.6,Vermont,AWAY,Vermont -11.5,0.4814,48.1,âšª 48.1%,Strong,-0.2707,-19.86,-11.62,-8.24,-6.0,-3.200000000000003,-1.299999999999999,,2026-02-12
Northern Arizona,Portland St.,,,-12.68,2.17,6.5,0.5037,-13.1,-6.6,Portland St.,AWAY,Portland St. -6.5,0.4963,49.6,âšª 49.6%,Strong,-0.3465,-14.85,2.33,-17.18,0.1999999999999957,-9.0,-1.6999999999999993,,2026-02-12
Missouri St.,Louisiana Tech,,,0.73,-7.88,-4.5,0.7552,10.4,5.9,Missouri St.,HOME,Missouri St. -4.5,0.7552,75.5,ðŸ“‰ 75.5%,Strong,0.2237,8.61,8.84,-0.23,5.399999999999999,-2.5,1.0,,2026-02-12
Cal Poly,UC Irvine,,,-7.56,5.45,5.5,0.5115,-11.3,-5.8,UC Irvine,AWAY,UC Irvine -5.5,0.4885,48.9,âšª 48.9%,Strong,-0.3366,-13.01,2.41,-15.42,3.1000000000000014,-10.199999999999996,-1.7999999999999972,,2026-02-12
Towson,Stony Brook,,,-3.87,-2.97,-6.5,0.6578,0.8,-5.7,Stony Brook,AWAY,Stony Brook +6.5,0.3422,34.2,âšª 34.2%,Strong,-0.027,-0.9,-3.86,2.96,-5.100000000000001,-0.9000000000000057,-0.5,,2026-02-12
Charleston,Hofstra,,,-2.35,6.41,1.5,0.5686,-7.0,-5.5,Hofstra,AWAY,Hofstra -1.5,0.4314,43.1,âšª 43.1%,Strong,-0.2224,-8.76,-7.8,-0.96,-0.8999999999999986,-2.3999999999999986,-1.0999999999999996,,2026-02-12
Nebraska Omaha,St. Thomas,,,-6.32,4.88,4.5,0.5362,-9.4,-4.9,St. Thomas,AWAY,St. Thomas -4.5,0.4638,46.4,âšª 46.4%,Lean,-0.2845,-11.2,-7.06,-4.14,-6.399999999999999,-0.7999999999999972,-4.000000000000002,,2026-02-12
North Texas,Memphis,,,0.44,8.61,1.5,0.5723,-6.4,-4.9,Memphis,AWAY,Memphis -1.5,0.4277,42.8,âšª 42.8%,Lean,-0.213,-8.17,-6.07,-2.1,-3.3999999999999986,-0.1000000000000014,2.1000000000000014,,2026-02-12
UMass Lowell,Bryant,,,-15.64,-21.52,-12.5,0.7061,7.6,-4.9,Bryant,AWAY,Bryant +12.5,0.2939,29.4,âšª 29.4%,Lean,0.0714,5.88,5.03,0.85,3.700000000000003,-2.299999999999997,-0.5,,2026-02-12
Wagner,LIU,,,-16.81,-3.81,6.5,0.545,-11.2,-4.8,LIU,AWAY,LIU -6.5,0.455,45.5,âšª 45.5%,Lean,-0.2472,-13.0,-0.62,-12.38,-1.3000000000000045,-2.3000000000000043,-3.6000000000000014,,2026-02-12
Northeastern,William & Mary,,,-9.44,1.9,5.5,0.5399,-9.6,-4.1,William & Mary,AWAY,William & Mary -5.5,0.4601,46.0,âšª 46.0%,Lean,-0.2735,-11.34,-2.16,-9.18,-1.3999999999999986,-4.800000000000004,-1.5,,2026-02-12
Kennesaw St.,Middle Tennessee,,,-0.84,1.28,-3.5,0.6448,-0.4,-3.9,Middle Tennessee,AWAY,Middle Tennessee +3.5,0.3552,35.5,âšª 35.5%,Lean,-0.0565,-2.12,-0.19,-1.93,-1.7000000000000028,2.6000000000000014,1.0,,2026-02-12
FIU,Delaware,,,-0.16,-9.67,-7.5,0.7605,11.3,3.8,FIU,HOME,FIU -7.5,0.7605,76.0,ðŸ“‰ 76.0%,Lean,0.2326,9.51,5.21,4.3,-2.3999999999999986,-1.1000000000000014,5.300000000000001,,2026-02-12
SIU Edwardsville,Southeast Missouri St.,,,-7.24,-7.65,1.5,0.6706,2.2,3.7,SIU Edwardsville,HOME,SIU Edwardsville +1.5,0.6706,67.1,ðŸ“‰ 67.1%,Lean,0.0014,0.41,-4.74,5.15,-2.6000000000000014,6.700000000000003,-2.1999999999999997,,2026-02-12
Western Illinois,Little Rock,,,-29.16,-16.3,7.5,0.5973,-11.1,-3.6,Little Rock,AWAY,Little Rock -7.5,0.4027,40.3,âšª 40.3%,Lean,-0.1093,-12.86,-7.7,-5.16,-5.799999999999997,0.0,-4.6,,2026-02-12
Longwood,UNC Asheville,,,-9.24,-6.42,-2.5,0.6395,-1.1,-3.6,UNC Asheville,AWAY,UNC Asheville +2.5,0.3605,36.0,âšª 36.0%,Lean,-0.0649,-2.82,-2.0,-0.82,-1.9000000000000057,-2.299999999999997,4.399999999999999,,2026-02-12
Long Beach St.,Cal St. Fullerton,,,-5.69,-2.27,-1.5,0.6291,-1.7,-3.2,Cal St. Fullerton,AWAY,Cal St. Fullerton +1.5,0.3709,37.1,âšª 37.1%,Lean,-0.0855,-3.42,0.23,-3.65,-0.3000000000000042,0.3000000000000042,-1.5,,2026-02-12
Indiana St.,Murray St.,,,-2.86,5.5,3.5,0.5716,-6.6,-3.1,Murray St.,AWAY,Murray St. -3.5,0.4284,42.8,âšª 42.8%,Lean,-0.2103,-8.36,-10.96,2.6,-2.299999999999997,1.1000000000000014,-0.6999999999999993,,2026-02-12
Southern Miss,South Alabama,,,-5.94,-2.83,-1.5,0.631,-1.4,-2.9,South Alabama,AWAY,South Alabama +1.5,0.369,36.9,âšª 36.9%,Watch,-0.0796,-3.11,-1.26,-1.85,-3.3999999999999986,-3.3000000000000043,-0.5,,2026-02-12
USC Upstate,High Point,,,-11.8,7.24,14.5,0.4482,-17.3,-2.8,High Point,AWAY,High Point -14.5,0.5518,55.2,âšª 55.2%,Watch,-0.4601,-19.04,-15.92,-3.12,-6.600000000000001,0.2000000000000028,-6.400000000000002,,2026-02-12
Drexel,Monmouth,,,-2.0,-4.3,-1.5,0.693,4.0,2.5,Drexel,HOME,Drexel -1.5,0.693,69.3,ðŸ“‰ 69.3%,Watch,0.061,2.3,0.25,2.05,2.1000000000000014,2.700000000000003,-3.0,,2026-02-12
Southern Illinois,Evansville,,,2.11,-10.08,-11.5,0.7864,13.9,2.4,Southern Illinois,HOME,Southern Illinois -11.5,0.7864,78.6,ðŸ“‰ 78.6%,Watch,0.3091,12.19,2.07,10.12,0.7999999999999972,4.900000000000006,2.3000000000000007,,2026-02-12
Cleveland St.,Robert Morris,,,-10.47,-2.87,3.5,0.5912,-5.8,-2.3,Robert Morris,AWAY,Robert Morris -3.5,0.4088,40.9,âšª 40.9%,Watch,-0.1649,-7.6,1.51,-9.11,0.0,-3.899999999999999,-1.1000000000000014,,2026-02-12
Morehead St.,Tennessee Tech,,,-12.8,-17.82,-4.5,0.7039,6.8,2.3,Morehead St.,HOME,Morehead St. -4.5,0.7039,70.4,ðŸ“‰ 70.4%,Watch,0.0759,5.02,3.68,1.34,-1.5999999999999943,1.2999999999999972,0.5000000000000018,,2026-02-12
Wright St.,Detroit Mercy,,,5.69,-5.36,-10.5,0.7767,12.8,2.3,Wright St.,HOME,Wright St. -10.5,0.7767,77.7,ðŸ“‰ 77.7%,Watch,0.2794,11.05,5.29,5.76,5.299999999999997,0.7999999999999972,3.1000000000000014,,2026-02-12
Charleston Southern,Presbyterian,,,-8.11,-9.95,-1.5,0.684,3.6,2.1,Charleston Southern,HOME,Charleston Southern -1.5,0.684,68.4,ðŸ“‰ 68.4%,Watch,0.0383,1.84,0.29,1.55,2.199999999999996,4.100000000000001,-2.799999999999999,,2026-02-12
Maine,UMBC,,,-19.63,-8.35,7.5,0.5702,-9.5,-2.0,UMBC,AWAY,UMBC -7.5,0.4298,43.0,âšª 43.0%,Watch,-0.1916,-11.28,-10.93,-0.35,-3.6000000000000014,0.6000000000000014,4.6,,2026-02-12
Eastern Washington,Idaho St.,,,-3.39,-6.94,-3.5,0.7016,5.3,1.8,Eastern Washington,HOME,Eastern Washington -3.5,0.7016,70.2,ðŸ“‰ 70.2%,Watch,0.0826,3.55,0.0,3.55,-1.2999999999999972,-2.5999999999999943,1.1000000000000014,,2026-02-12
Oakland,Youngstown St.,,,1.97,-1.38,-3.5,0.7049,5.1,1.6,Oakland,HOME,Oakland -3.5,0.7049,70.5,ðŸ“‰ 70.5%,Watch,0.0863,3.35,6.76,-3.41,-2.0,-2.3999999999999986,-3.4000000000000004,,2026-02-12
Louisiana,Coastal Carolina,,,-10.41,-5.69,1.5,0.6185,-3.0,-1.5,Coastal Carolina,AWAY,Coastal Carolina -1.5,0.3815,38.2,âšª 38.2%,Watch,-0.1048,-4.72,-1.45,-3.27,0.1000000000000014,-5.199999999999996,4.9,,2026-02-12
Merrimack,Marist,,,-0.04,0.59,-2.5,0.6592,1.1,-1.4,Marist,AWAY,Marist +2.5,0.3408,34.1,âšª 34.1%,Watch,-0.0177,-0.63,5.86,-6.49,-1.4000000000000057,-2.8000000000000043,-0.3999999999999986,,2026-02-12
Utah Tech,Utah Valley,,,-1.87,9.75,8.5,0.5342,-9.9,-1.4,Utah Valley,AWAY,Utah Valley -8.5,0.4658,46.6,âšª 46.6%,Watch,-0.2874,-11.62,-3.96,-7.66,-3.3999999999999986,-1.8000000000000045,-3.899999999999999,,2026-02-12
Chicago St.,Stonehill,,,-20.83,-16.16,1.5,0.6438,-2.9,-1.4,Stonehill,AWAY,Stonehill -1.5,0.3562,35.6,âšª 35.6%,Watch,-0.0335,-4.67,7.34,-12.01,-1.6999999999999955,-8.699999999999996,6.999999999999998,,2026-02-12
San Francisco,Oregon St.,,,6.22,-1.86,-8.5,0.7508,9.8,1.3,San Francisco,HOME,San Francisco -8.5,0.7508,75.1,ðŸ“‰ 75.1%,Watch,0.2063,8.08,5.09,2.99,1.1000000000000014,0.8999999999999986,-1.9000000000000004,,2026-02-12
Lindenwood,Tennessee Martin,,,-7.06,-5.57,-1.5,0.6524,0.3,-1.2,Tennessee Martin,AWAY,Tennessee Martin +1.5,0.3476,34.8,âšª 34.8%,Watch,-0.0329,-1.49,1.7,-3.19,-1.2999999999999972,-4.399999999999999,-0.1999999999999993,,2026-02-12
James Madison,Georgia St.,,,-5.67,-9.23,-6.5,0.7054,5.3,-1.2,Georgia St.,AWAY,Georgia St. +6.5,0.2946,29.5,âšª 29.5%,Watch,0.0894,3.56,7.38,-3.82,8.299999999999997,0.3999999999999986,-3.799999999999999,,2026-02-12
UC San Diego,UC Davis,,,2.65,0.09,-5.5,0.6973,4.3,-1.2,UC Davis,AWAY,UC Davis +5.5,0.3027,30.3,âšª 30.3%,Watch,0.0692,2.56,-2.0,4.56,-0.3000000000000042,3.6000000000000014,-2.599999999999998,,2026-02-12
Le Moyne,Mercyhurst,,,-10.81,-10.33,-2.5,0.6668,1.3,-1.2,Mercyhurst,AWAY,Mercyhurst +2.5,0.3332,33.3,âšª 33.3%,Watch,-0.0049,-0.48,2.15,-2.63,3.799999999999997,-0.3000000000000042,-3.6000000000000014,,2026-02-12
Southern Indiana,Tennessee St.,,,-18.09,-9.7,5.5,0.5934,-6.6,-1.1,Tennessee St.,AWAY,Tennessee St. -5.5,0.4066,40.7,âšª 40.7%,Watch,-0.1533,-8.39,-13.2,4.81,-6.699999999999996,3.3999999999999986,-3.099999999999998,,2026-02-12
Denver,South Dakota St.,,,-5.64,-3.06,1.5,0.642,-0.8,0.7,Denver,HOME,Denver +1.5,0.642,64.2,âšª 64.2%,Watch,-0.054,-2.58,7.57,-10.15,1.2000000000000028,-4.899999999999999,-2.4000000000000004,,2026-02-12
IU Indy,Northern Kentucky,,,-10.38,-2.58,5.5,0.5839,-6.0,-0.5,Northern Kentucky,AWAY,Northern Kentucky -5.5,0.4161,41.6,âšª 41.6%,Watch,-0.1765,-7.8,-0.92,-6.88,-0.7000000000000028,-3.3999999999999986,0.5,,2026-02-12
Oral Roberts,UMKC,,,-15.8,-20.1,-5.5,0.6956,6.0,0.5,Oral Roberts,HOME,Oral Roberts -5.5,0.6956,69.6,ðŸ“‰ 69.6%,Watch,0.055,4.3,3.96,0.34,1.3999999999999986,0.2000000000000028,-2.0000000000000018,,2026-02-12
Illinois St.,Valparaiso,,,8.12,0.91,-8.5,0.7418,9.0,0.5,Illinois St.,HOME,Illinois St. -8.5,0.7418,74.2,ðŸ“‰ 74.2%,Watch,0.1828,7.21,3.7,3.51,7.0,0.6000000000000014,-0.1999999999999993,,2026-02-12
New Hampshire,NJIT,,,-13.02,-12.4,-1.5,0.6624,1.1,-0.4,NJIT,AWAY,NJIT +1.5,0.3376,33.8,âšª 33.8%,Watch,-0.0115,-0.62,-0.74,0.12,-0.2999999999999971,-2.5,0.7999999999999989,,2026-02-12
Fairleigh Dickinson,Saint Francis,,,-15.28,-20.79,-7.5,0.7032,7.3,-0.2,Saint Francis,AWAY,Saint Francis +7.5,0.2968,29.7,âšª 29.7%,Watch,0.0641,5.51,1.68,3.83,-1.5,3.899999999999999,-2.6000000000000014,,2026-02-12
UNC Wilmington,Elon,,,2.46,-4.08,-8.5,0.7366,8.3,-0.2,Elon,AWAY,Elon +8.5,0.2634,26.3,âšª 26.3%,Watch,0.1649,6.54,-1.92,8.46,-3.3999999999999986,5.900000000000006,-0.9000000000000021,,2026-02-12
Northern Colorado,Sacramento St.,,,1.05,-6.54,-9.5,0.7447,9.3,-0.2,Sacramento St.,AWAY,Sacramento St. +9.5,0.2553,25.5,âšª 25.5%,Watch,0.1903,7.59,4.44,3.15,8.399999999999999,3.800000000000004,-4.1,,2026-02-12
Idaho,Weber St.,,,0.08,-3.8,-5.5,0.7083,5.6,0.1,Idaho,HOME,Idaho -5.5,0.7083,70.8,ðŸ“‰ 70.8%,Watch,0.0992,3.88,-1.75,5.63,-0.1000000000000014,2.4000000000000057,-1.0,,2026-02-12
Belmont,Northern Iowa,,,11.58,8.93,-4.5,0.6847,4.4,-0.1,Northern Iowa,AWAY,Northern Iowa +4.5,0.3153,31.5,âšª 31.5%,Watch,0.0276,2.65,14.71,-12.06,9.099999999999994,-2.700000000000003,-0.1000000000000014,,2026-02-12
Loyola Chicago,Saint Louis,,,-11.8,24.4,17.5,0.3193,-34.5,-17.0,Saint Louis,AWAY,Saint Louis -17.5,0.6807,68.1,ðŸ“‰ 68.1%,Strong,-0.7022,-36.2,-18.98,-17.22,-11.6,-10.199999999999996,-3.400000000000002,,2026-02-13
Miami OH,Ohio,,,10.2,-4.5,-8.5,0.8028,16.4,7.9,Miami OH,HOME,Miami OH -8.5,0.8028,80.3,ðŸ“Š 80.3%,Strong,0.3566,14.7,10.75,3.95,8.899999999999999,2.0,1.3000000000000007,,2026-02-13
Canisius,Iona,,,-19.14,-6.49,4.5,0.5561,-10.9,-6.4,Iona,AWAY,Iona -4.5,0.4439,44.4,âšª 44.4%,Strong,-0.2223,-12.65,-7.5,-5.15,-5.599999999999994,-4.200000000000003,-0.2999999999999971,,2026-02-13
Niagara,Manhattan,,,-17.78,-17.97,2.5,0.6641,1.9,4.4,Niagara,HOME,Niagara +2.5,0.6641,66.4,ðŸ“‰ 66.4%,Lean,-0.0095,0.19,-5.91,6.1,1.5,1.5999999999999943,0.5,,2026-02-13
Rider,Mount St. Mary's,,,-23.22,-11.56,5.5,0.5884,-9.9,-4.4,Mount St. Mary's,AWAY,Mount St. Mary's -5.5,0.4116,41.2,âšª 41.2%,Lean,-0.1406,-11.66,-1.58,-10.08,-7.600000000000001,-6.300000000000004,-1.1999999999999993,,2026-02-13
Sacred Heart,Saint Peter's,,,-12.74,-5.14,1.5,0.5967,-5.8,-4.3,Saint Peter's,AWAY,Saint Peter's -1.5,0.4033,40.3,âšª 40.3%,Lean,-0.1512,-7.6,2.37,-9.97,6.600000000000001,-6.299999999999997,-4.999999999999998,,2026-02-13
Harvard,Brown,,,-0.3,-9.84,-7.5,0.7645,11.3,3.8,Harvard,HOME,Harvard -7.5,0.7645,76.4,ðŸ“‰ 76.4%,Lean,0.247,9.54,12.52,-2.98,7.0,-1.3000000000000045,-0.8999999999999986,,2026-02-13
George Washington,George Mason,,,10.09,4.7,-3.5,0.7157,7.1,3.6,George Washington,HOME,George Washington -3.5,0.7157,71.6,ðŸ“‰ 71.6%,Lean,0.1147,5.39,7.48,-2.09,1.7000000000000028,-3.3999999999999986,1.1999999999999993,,2026-02-13
Penn,Columbia,,,-0.65,-3.34,-2.5,0.6969,4.4,1.9,Penn,HOME,Penn -2.5,0.6969,69.7,ðŸ“‰ 69.7%,Watch,0.0695,2.69,0.28,2.41,-3.5,-1.2000000000000028,1.900000000000002,,2026-02-13
Wisconsin,Michigan St.,,,21.44,26.57,1.5,0.6375,-3.4,-1.9,Michigan St.,AWAY,Michigan St. -1.5,0.3625,36.2,âšª 36.2%,Watch,-0.0474,-5.13,3.8,-8.93,0.2999999999999971,-4.600000000000001,-1.0,,2026-02-13
Dartmouth,Yale,,,-5.41,8.66,10.5,0.5068,-12.3,-1.8,Yale,AWAY,Yale -10.5,0.4932,49.3,âšª 49.3%,Watch,-0.3425,-14.07,-15.19,1.12,-4.5,1.5,-2.200000000000001,,2026-02-13
Akron,Massachusetts,,,12.12,-0.33,-12.5,0.7804,14.2,1.7,Akron,HOME,Akron -12.5,0.7804,78.0,ðŸ“‰ 78.0%,Watch,0.2859,12.45,8.71,3.74,5.799999999999997,2.1000000000000014,0.7000000000000028,,2026-02-13
Siena,Quinnipiac,,,-2.54,-3.2,-3.5,0.6772,2.4,-1.1,Quinnipiac,AWAY,Quinnipiac +3.5,0.3228,32.3,âšª 32.3%,Watch,0.0197,0.66,4.03,-3.37,2.4000000000000057,-0.8999999999999986,0.2999999999999971,,2026-02-13
Princeton,Cornell,,,-5.09,-0.47,3.5,0.6148,-2.9,0.6,Princeton,HOME,Princeton +3.5,0.6148,61.5,âšª 61.5%,Watch,-0.1224,-4.62,-16.17,11.55,-9.5,6.299999999999997,-1.0999999999999996,,2026-02-13
Hampton,North Carolina A&T,,,-9.98,-11.36,-2.5,0.6772,3.1,0.6,Hampton,HOME,Hampton -2.5,0.6772,67.7,ðŸ“‰ 67.7%,Watch,0.0203,1.38,-2.8,4.18,-3.5999999999999943,1.1000000000000014,3.4999999999999982,,2026-02-13
Boise St.,UNLV,,,14.11,4.82,-10.5,0.749,11.0,0.5,Boise St.,HOME,Boise St. -10.5,0.749,74.9,ðŸ“‰ 74.9%,Watch,0.1909,9.29,4.14,5.15,-0.1000000000000014,-0.1000000000000014,-2.299999999999999,,2026-02-13
UMKC,St. Thomas,,,-20.2,4.21,12.5,0.4161,-22.7,-10.2,St. Thomas,AWAY,St. Thomas -12.5,0.5839,58.4,âšª 58.4%,Strong,-0.5089,-24.41,-19.06,-5.35,-13.199999999999996,-3.3000000000000043,-1.3999999999999986,,2026-02-14
Gardner Webb,High Point,,,-28.96,7.83,25.5,0.334,-35.0,-9.5,High Point,AWAY,High Point -25.5,0.666,66.6,ðŸ“‰ 66.6%,Strong,-0.6468,-36.79,-21.57,-15.22,-7.799999999999997,-6.700000000000003,-8.799999999999999,,2026-02-14
UTEP,Liberty,,,-8.15,9.11,6.5,0.467,-15.5,-9.0,Liberty,AWAY,Liberty -6.5,0.533,53.3,âšª 53.3%,Strong,-0.4233,-17.26,-15.67,-1.59,-12.200000000000005,-0.2000000000000028,0.8999999999999986,,2026-02-14
The Citadel,Mercer,,,-21.0,-1.0,9.5,0.4771,-18.2,-8.8,Mercer,AWAY,Mercer -9.5,0.5229,52.3,âšª 52.3%,Strong,-0.377,-20.0,-12.29,-7.71,-2.8000000000000043,-3.4000000000000057,-3.299999999999999,,2026-02-14
Houston,Kansas St.,,,35.82,6.44,-22.5,0.8171,31.1,8.6,Houston,HOME,Houston -22.5,0.8171,81.7,ðŸ“Š 81.7%,Strong,0.3156,29.38,14.46,14.92,-1.2999999999999972,5.799999999999997,5.5,,2026-02-14
VMI,Furman,,,-24.91,-2.07,13.5,0.4694,-21.1,-7.6,Furman,AWAY,Furman -13.5,0.5306,53.1,âšª 53.1%,Strong,-0.3747,-22.84,-6.52,-16.32,-6.899999999999999,-7.300000000000004,2.799999999999999,,2026-02-14
Houston Christian,New Orleans,,,-13.74,-3.09,1.5,0.5607,-8.9,-7.4,New Orleans,AWAY,New Orleans -1.5,0.4393,43.9,âšª 43.9%,Strong,-0.228,-10.65,-6.68,-3.97,0.0,-6.5,3.1,,2026-02-14
North Carolina,Pittsburgh,,,22.16,6.06,-10.5,0.7797,17.9,7.4,North Carolina,HOME,North Carolina -10.5,0.7797,78.0,ðŸ“‰ 78.0%,Strong,0.253,16.1,11.07,5.03,4.600000000000001,6.100000000000001,-3.0,,2026-02-14
Alabama A&M,Mississippi Valley St.,,,-11.77,-32.56,-15.5,0.7738,22.5,7.0,Alabama A&M,HOME,Alabama A&M -15.5,0.7738,77.4,ðŸ“‰ 77.4%,Strong,0.193,20.79,12.11,8.68,2.8999999999999986,5.300000000000004,0.3000000000000007,,2026-02-14
Cal Poly,UC Santa Barbara,,,-6.99,5.28,3.5,0.5267,-10.5,-7.0,UC Santa Barbara,AWAY,UC Santa Barbara -3.5,0.4733,47.3,âšª 47.3%,Strong,-0.3055,-12.27,-9.91,-2.36,-4.700000000000003,-0.1000000000000014,-1.599999999999998,,2026-02-14
Austin Peay,Bellarmine,,,2.24,-12.38,-9.5,0.7958,16.4,6.9,Austin Peay,HOME,Austin Peay -9.5,0.7958,79.6,ðŸ“‰ 79.6%,Strong,0.3292,14.62,-4.43,19.05,-6.300000000000004,7.699999999999996,4.300000000000001,,2026-02-14
North Dakota,North Dakota St.,,,-9.51,4.4,5.5,0.507,-12.2,-6.7,North Dakota St.,AWAY,North Dakota St. -5.5,0.493,49.3,âšª 49.3%,Strong,-0.3396,-13.91,-5.95,-7.96,-3.699999999999996,-4.0,0.4000000000000021,,2026-02-14
UT Rio Grande Valley,Stephen F. Austin,,,3.93,10.74,-1.5,0.5946,-5.1,-6.6,Stephen F. Austin,AWAY,Stephen F. Austin +1.5,0.4054,40.5,âšª 40.5%,Strong,-0.1567,-6.81,-3.11,-3.7,1.7999999999999972,-2.3000000000000043,-0.1000000000000014,,2026-02-14
Alcorn St.,Bethune Cookman,,,-18.87,-4.04,6.5,0.5305,-13.1,-6.6,Bethune Cookman,AWAY,Bethune Cookman -6.5,0.4695,47.0,âšª 47.0%,Strong,-0.2708,-14.83,-3.31,-11.52,-1.2000000000000028,-7.800000000000004,2.3999999999999986,,2026-02-14
Saint Francis,Mercyhurst,,,-20.7,-10.09,2.5,0.5891,-8.9,-6.4,Mercyhurst,AWAY,Mercyhurst -2.5,0.4109,41.1,âšª 41.1%,Strong,-0.1456,-10.61,-0.15,-10.46,-0.6000000000000014,-9.199999999999996,-0.4000000000000021,,2026-02-14
Kennesaw St.,Sam Houston St.,,,-0.92,5.63,-1.5,0.5936,-4.8,-6.3,Sam Houston St.,AWAY,Sam Houston St. +1.5,0.4064,40.6,âšª 40.6%,Strong,-0.1676,-6.55,-3.35,-3.2,-2.700000000000003,1.7999999999999972,-1.5000000000000018,,2026-02-14
Abilene Christian,Tarleton St.,,,-6.72,-1.72,-2.5,0.6096,-3.2,-5.8,Tarleton St.,AWAY,Tarleton St. +2.5,0.3904,39.0,âšª 39.0%,Strong,-0.1303,-5.0,-2.82,-2.18,-1.2999999999999972,-1.1000000000000014,-1.0,,2026-02-14
St. Bonaventure,Duquesne,,,-0.58,5.39,-1.5,0.6004,-4.2,-5.7,Duquesne,AWAY,Duquesne +1.5,0.3996,40.0,âšª 40.0%,Strong,-0.1528,-5.97,0.81,-6.78,-1.5,-2.299999999999997,0.3999999999999986,,2026-02-14
Connecticut,Georgetown,,,30.53,10.21,-16.5,0.7765,22.1,5.6,Connecticut,HOME,Connecticut -16.5,0.7765,77.6,ðŸ“‰ 77.6%,Strong,0.2163,20.32,9.66,10.66,6.899999999999999,4.700000000000003,2.3999999999999986,,2026-02-14
Western Kentucky,Middle Tennessee,,,-2.34,1.39,-3.5,0.6242,-2.0,-5.5,Middle Tennessee,AWAY,Middle Tennessee +3.5,0.3758,37.6,âšª 37.6%,Strong,-0.1004,-3.73,-5.5,1.77,-6.5,0.6999999999999957,3.3999999999999986,,2026-02-14
Fresno St.,Air Force,,,2.92,-17.31,-16.5,0.8332,22.0,5.5,Fresno St.,HOME,Fresno St. -16.5,0.8332,83.3,ðŸ“Š 83.3%,Strong,0.453,20.23,9.37,10.86,0.5,4.899999999999999,3.6000000000000014,,2026-02-14
Texas St.,Louisiana Monroe,,,-4.81,-21.08,-12.5,0.7844,18.0,5.5,Texas St.,HOME,Texas St. -12.5,0.7844,78.4,ðŸ“‰ 78.4%,Strong,0.2748,16.27,4.44,11.83,1.8999999999999984,4.899999999999999,2.5,,2026-02-14
Alabama St.,Arkansas Pine Bluff,,,-12.89,-8.21,-2.5,0.6235,-2.9,-5.4,Arkansas Pine Bluff,AWAY,Arkansas Pine Bluff +2.5,0.3765,37.6,âšª 37.6%,Strong,-0.1,-4.68,-6.32,1.64,-2.3999999999999986,-0.3999999999999986,3.3999999999999986,,2026-02-14
Binghamton,Albany,,,-26.42,-14.84,4.5,0.5989,-9.8,-5.3,Albany,AWAY,Albany -4.5,0.4011,40.1,âšª 40.1%,Strong,-0.1168,-11.58,-6.74,-4.84,-2.5,-0.7000000000000028,-3.299999999999999,,2026-02-14
Northern Arizona,Sacramento St.,,,-12.48,-6.94,-1.5,0.617,-3.8,-5.3,Sacramento St.,AWAY,Sacramento St. +1.5,0.383,38.3,âšª 38.3%,Strong,-0.1085,-5.54,-0.58,-4.96,4.699999999999996,-1.3999999999999986,0.0999999999999978,,2026-02-14
UC San Diego,UC Riverside,,,3.42,-9.62,-9.5,0.7936,14.8,5.3,UC San Diego,HOME,UC San Diego -9.5,0.7936,79.4,ðŸ“‰ 79.4%,Strong,0.3302,13.04,3.53,9.51,3.700000000000003,5.899999999999999,1.1999999999999993,,2026-02-14
FIU,Louisiana Tech,,,-1.15,-7.24,-2.5,0.7321,7.8,5.3,FIU,HOME,FIU -2.5,0.7321,73.2,ðŸ“‰ 73.2%,Strong,0.1605,6.09,7.73,-1.64,4.700000000000003,-3.5,2.3999999999999986,,2026-02-14
Creighton,Villanova,,,10.63,21.12,3.5,0.5876,-8.7,-5.2,Villanova,AWAY,Villanova -3.5,0.4124,41.2,âšª 41.2%,Strong,-0.1521,-10.49,-3.62,-6.87,0.1000000000000014,-0.6000000000000014,-4.699999999999999,,2026-02-14
Chattanooga,Western Carolina,,,-12.83,-7.51,-1.5,0.6151,-3.6,-5.1,Western Carolina,AWAY,Western Carolina +1.5,0.3849,38.5,âšª 38.5%,Strong,-0.1139,-5.32,-7.14,1.82,1.7999999999999972,3.9000000000000057,-0.9000000000000004,,2026-02-14
Wichita St.,Tulsa,,,8.24,13.17,-1.5,0.6285,-3.2,-4.7,Tulsa,AWAY,Tulsa +1.5,0.3715,37.2,âšª 37.2%,Lean,-0.0798,-4.93,-11.13,6.2,-7.700000000000003,2.3999999999999986,1.4999999999999982,,2026-02-14
Eastern Illinois,Little Rock,,,-15.13,-15.56,2.5,0.6658,2.2,4.7,Eastern Illinois,HOME,Eastern Illinois +2.5,0.6658,66.6,ðŸ“‰ 66.6%,Lean,-0.0079,0.43,-6.37,6.8,-3.899999999999999,3.6000000000000014,-0.1999999999999993,,2026-02-14
Howard,Maryland Eastern Shore,,,-5.98,-20.35,-11.5,0.774,16.1,4.6,Howard,HOME,Howard -11.5,0.774,77.4,ðŸ“‰ 77.4%,Lean,0.2438,14.37,5.85,8.52,1.1000000000000014,2.200000000000003,4.300000000000001,,2026-02-14
Southern Miss,Troy,,,-6.6,3.17,3.5,0.5525,-8.0,-4.5,Troy,AWAY,Troy -3.5,0.4475,44.7,âšª 44.7%,Lean,-0.2537,-9.77,-9.98,0.21,-3.3999999999999986,-1.1000000000000014,-0.1000000000000014,,2026-02-14
Vermont,Bryant,,,-7.75,-22.93,-12.5,0.7711,16.9,4.4,Vermont,HOME,Vermont -12.5,0.7711,77.1,ðŸ“‰ 77.1%,Lean,0.2296,15.18,10.32,4.86,7.299999999999997,0.3999999999999986,-0.2999999999999989,,2026-02-14
Iowa,Purdue,,,23.92,31.56,1.5,0.6352,-5.9,-4.4,Purdue,AWAY,Purdue -1.5,0.3648,36.5,âšª 36.5%,Lean,-0.0393,-7.64,-5.35,-2.29,0.2000000000000028,-0.3000000000000042,5.199999999999999,,2026-02-14
Alabama,South Carolina,,,27.06,6.93,-17.5,0.7874,21.9,4.4,Alabama,HOME,Alabama -17.5,0.7874,78.7,ðŸ“‰ 78.7%,Lean,0.2613,20.13,17.29,2.84,4.100000000000001,1.8999999999999984,-2.4000000000000004,,2026-02-14
Syracuse,SMU,,,12.52,21.05,2.5,0.6114,-6.8,-4.3,SMU,AWAY,SMU -2.5,0.3886,38.9,âšª 38.9%,Lean,-0.1033,-8.53,-9.81,1.28,-3.1000000000000014,2.5,1.099999999999998,,2026-02-14
Cal St. Northridge,Hawaii,,,0.06,8.5,2.5,0.5679,-6.7,-4.2,Hawaii,AWAY,Hawaii -2.5,0.4321,43.2,âšª 43.2%,Lean,-0.2191,-8.44,1.74,-10.18,-0.6999999999999957,-7.5,-1.1000000000000014,,2026-02-14
Pacific,Saint Mary's,,,7.2,20.63,7.5,0.5553,-11.7,-4.2,Saint Mary's,AWAY,Saint Mary's -7.5,0.4447,44.5,âšª 44.5%,Lean,-0.2157,-13.43,-7.96,-5.47,0.1999999999999957,-3.200000000000003,0.7000000000000011,,2026-02-14
Oklahoma,Georgia,,,13.68,18.11,-1.5,0.6322,-2.7,-4.2,Georgia,AWAY,Georgia +1.5,0.3678,36.8,âšª 36.8%,Lean,-0.0693,-4.43,1.2,-5.63,0.9000000000000057,-3.299999999999997,-4.199999999999999,,2026-02-14
Nebraska,Northwestern,,,27.24,12.25,-12.5,0.7543,16.7,4.2,Nebraska,HOME,Nebraska -12.5,0.7543,75.4,ðŸ“‰ 75.4%,Lean,0.1677,14.99,4.15,10.84,5.199999999999996,2.3000000000000043,2.6999999999999997,,2026-02-14
UNC Wilmington,Hofstra,,,3.03,6.42,-2.5,0.6338,-1.6,-4.1,Hofstra,AWAY,Hofstra +2.5,0.3662,36.6,âšª 36.6%,Lean,-0.0825,-3.39,-3.03,-0.36,-0.1999999999999957,-0.1999999999999957,-0.0999999999999996,,2026-02-14
San Jose St.,Grand Canyon,,,-5.54,12.78,12.5,0.4549,-16.6,-4.1,Grand Canyon,AWAY,Grand Canyon -12.5,0.5451,54.5,âšª 54.5%,Lean,-0.4476,-18.32,-0.84,-17.48,-2.299999999999997,-9.599999999999994,-0.3000000000000007,,2026-02-14
American,Army,,,-6.75,-18.51,-9.5,0.7553,13.5,4.0,American,HOME,American -9.5,0.7553,75.5,ðŸ“‰ 75.5%,Lean,0.2023,11.76,4.25,7.51,1.8999999999999984,1.2000000000000028,4.100000000000001,,2026-02-14
Baylor,Louisville,,,15.9,28.16,6.5,0.5972,-10.5,-4.0,Louisville,AWAY,Louisville -6.5,0.4028,40.3,âšª 40.3%,Lean,-0.1145,-12.26,-4.33,-7.93,-2.1000000000000014,-3.199999999999996,-1.5999999999999996,,2026-02-14
Oral Roberts,South Dakota St.,,,-15.5,-4.39,5.5,0.5567,-9.4,-3.9,South Dakota St.,AWAY,South Dakota St. -5.5,0.4433,44.3,âšª 44.3%,Lean,-0.2279,-11.11,-7.31,-3.8,-4.0,-3.200000000000003,-0.5999999999999996,,2026-02-14
Georgia Southern,Marshall,,,-9.36,-1.28,2.5,0.5805,-6.3,-3.8,Marshall,AWAY,Marshall -2.5,0.4195,41.9,âšª 41.9%,Lean,-0.1913,-8.08,-3.23,-4.85,-4.700000000000003,-2.8999999999999986,2.0,,2026-02-14
Boston College,California,,,2.38,11.48,3.5,0.5729,-7.3,-3.8,California,AWAY,California -3.5,0.4271,42.7,âšª 42.7%,Lean,-0.2052,-9.1,-12.03,2.93,-6.0,1.6000000000000014,-0.2999999999999989,,2026-02-14
Missouri,Texas,,,15.27,19.29,-1.5,0.6438,-2.3,-3.8,Texas,AWAY,Texas +1.5,0.3562,35.6,âšª 35.6%,Lean,-0.0427,-4.02,-6.51,2.49,0.7999999999999972,-0.5,2.1,,2026-02-14
Arkansas,Auburn,,,25.23,22.17,-8.5,0.6841,4.8,-3.7,Auburn,AWAY,Auburn +8.5,0.3159,31.6,âšª 31.6%,Lean,0.0254,3.06,0.61,2.45,4.0,2.6000000000000014,-0.6999999999999993,,2026-02-14
Le Moyne,Chicago St.,,,-10.77,-19.19,-6.5,0.728,10.2,3.7,Le Moyne,HOME,Le Moyne -6.5,0.728,72.8,ðŸ“‰ 72.8%,Lean,0.1217,8.42,1.61,6.81,7.600000000000001,7.700000000000003,-4.6,,2026-02-14
Maine,NJIT,,,-20.45,-11.68,3.5,0.6026,-7.0,-3.5,NJIT,AWAY,NJIT -3.5,0.3974,39.7,âšª 39.7%,Lean,-0.1276,-8.77,-7.36,-1.41,2.0,-0.8999999999999986,3.6000000000000014,,2026-02-14
Iowa St.,Kansas,,,30.18,27.98,-7.5,0.678,4.0,-3.5,Kansas,AWAY,Kansas +7.5,0.322,32.2,âšª 32.2%,Lean,0.0079,2.2,2.63,-0.43,4.399999999999999,-3.799999999999997,8.499999999999998,,2026-02-14
Ball St.,Kent St.,,,-12.71,0.96,8.5,0.5139,-11.9,-3.4,Kent St.,AWAY,Kent St. -8.5,0.4861,48.6,âšª 48.6%,Lean,-0.3269,-13.67,-11.61,-2.06,-5.899999999999999,-2.1000000000000014,3.099999999999998,,2026-02-14
Central Arkansas,West Georgia,,,-0.54,-13.69,-11.5,0.7841,14.9,3.4,Central Arkansas,HOME,Central Arkansas -11.5,0.7841,78.4,ðŸ“‰ 78.4%,Lean,0.2945,13.15,5.26,7.89,4.600000000000001,0.2000000000000028,3.900000000000002,,2026-02-14
Notre Dame,Georgia Tech,,,8.66,1.58,-5.5,0.7375,8.8,3.3,Notre Dame,HOME,Notre Dame -5.5,0.7375,73.8,ðŸ“‰ 73.8%,Lean,0.171,7.08,5.89,1.19,2.1000000000000014,-2.199999999999996,-1.1999999999999993,,2026-02-14
Florida,Kentucky,,,33.91,18.88,-13.5,0.733,16.8,3.3,Florida,HOME,Florida -13.5,0.733,73.3,ðŸ“‰ 73.3%,Lean,0.0957,15.03,5.64,9.39,-1.2999999999999972,1.7999999999999972,-0.5999999999999996,,2026-02-14
UNC Greensboro,Wofford,,,-12.94,-5.41,2.5,0.5959,-5.8,-3.3,Wofford,AWAY,Wofford -2.5,0.4041,40.4,âšª 40.4%,Lean,-0.1535,-7.53,-2.87,-4.66,-1.3000000000000045,-2.5999999999999943,-2.0,,2026-02-14
Eastern Michigan,Western Michigan,,,-3.56,-11.61,-6.5,0.7395,9.8,3.3,Eastern Michigan,HOME,Eastern Michigan -6.5,0.7395,74.0,ðŸ“‰ 74.0%,Lean,0.1688,8.05,-3.87,11.92,-0.2999999999999971,4.399999999999999,2.8999999999999986,,2026-02-14
Colorado St.,Wyoming,,,6.78,7.33,-4.5,0.6625,1.2,-3.3,Wyoming,AWAY,Wyoming +4.5,0.3375,33.8,âšª 33.8%,Lean,-0.0165,-0.55,2.5,-3.05,5.800000000000004,-2.3000000000000043,-1.6000000000000014,,2026-02-14
Missouri St.,Delaware,,,0.22,-8.61,-7.5,0.7558,10.6,3.1,Missouri St.,HOME,Missouri St. -7.5,0.7558,75.6,ðŸ“‰ 75.6%,Lean,0.2212,8.83,4.9,3.93,-3.0,-0.7999999999999972,4.0,,2026-02-14
Northwestern St.,Southeastern Louisiana,,,-11.98,-8.73,-1.5,0.6413,-1.5,-3.0,Southeastern Louisiana,AWAY,Southeastern Louisiana +1.5,0.3587,35.9,âšª 35.9%,Lean,-0.0542,-3.25,4.19,-7.44,2.8999999999999986,-3.0999999999999943,-2.5,,2026-02-14
East Tennessee St.,Samford,,,0.67,-7.1,-6.5,0.7462,9.5,3.0,East Tennessee St.,HOME,East Tennessee St. -6.5,0.7462,74.6,ðŸ“‰ 74.6%,Lean,0.1939,7.77,1.45,6.32,3.1000000000000014,1.1999999999999955,6.6,,2026-02-14
James Madison,Appalachian St.,,,-5.79,0.44,1.5,0.5958,-4.5,-3.0,Appalachian St.,AWAY,Appalachian St. -1.5,0.4042,40.4,âšª 40.4%,Watch,-0.1575,-6.23,3.78,-10.01,2.699999999999996,-3.700000000000003,-1.3000000000000007,,2026-02-14
Prairie View A&M,Southern,,,-15.77,-7.52,3.5,0.5938,-6.5,-3.0,Southern,AWAY,Southern -3.5,0.4062,40.6,âšª 40.6%,Lean,-0.152,-8.25,-3.64,-4.61,-0.7999999999999972,0.1000000000000014,1.0,,2026-02-14
Rice,East Carolina,,,-3.27,-9.91,-5.5,0.7335,8.4,2.9,Rice,HOME,Rice -5.5,0.7335,73.4,ðŸ“‰ 73.4%,Watch,0.1628,6.64,8.91,-2.27,3.200000000000003,0.8999999999999986,-0.3000000000000007,,2026-02-14
Lafayette,Lehigh,,,-14.69,-11.54,-1.5,0.6418,-1.4,-2.9,Lehigh,AWAY,Lehigh +1.5,0.3582,35.8,âšª 35.8%,Watch,-0.0565,-3.15,-2.92,-0.23,-4.5,-1.8000000000000045,-1.299999999999999,,2026-02-14
Michigan,UCLA,,,37.19,19.68,-16.5,0.7393,19.3,2.8,Michigan,HOME,Michigan -16.5,0.7393,73.9,ðŸ“‰ 73.9%,Watch,0.0948,17.51,7.07,10.44,4.700000000000003,5.899999999999999,-2.299999999999997,,2026-02-14
East Texas A&M,McNeese St.,,,-9.3,8.68,13.5,0.4547,-16.2,-2.7,McNeese St.,AWAY,McNeese St. -13.5,0.5453,54.5,âšª 54.5%,Watch,-0.4522,-17.98,-15.16,-2.82,-2.5,-2.8000000000000043,-7.0,,2026-02-14
Richmond,VCU,,,1.18,13.16,7.5,0.5422,-10.2,-2.7,VCU,AWAY,VCU -7.5,0.4578,45.8,âšª 45.8%,Watch,-0.2637,-11.98,-7.56,-4.42,-1.3000000000000045,-2.3000000000000043,0.0,,2026-02-14
Pepperdine,Loyola Marymount,,,-9.29,1.62,6.5,0.5401,-9.2,-2.7,Loyola Marymount,AWAY,Loyola Marymount -6.5,0.4599,46.0,âšª 46.0%,Watch,-0.2787,-10.91,-4.39,-6.52,-5.5,-5.699999999999996,0.2999999999999971,,2026-02-14
Vanderbilt,Texas A&M,,,28.77,21.64,-6.5,0.7005,8.9,2.4,Vanderbilt,HOME,Vanderbilt -6.5,0.7005,70.0,ðŸ“‰ 70.0%,Watch,0.0489,7.13,2.92,4.21,0.8000000000000043,3.200000000000003,-0.8000000000000007,,2026-02-14
San Diego St.,Nevada,,,18.38,14.05,-8.5,0.7034,6.1,-2.4,Nevada,AWAY,Nevada +8.5,0.2966,29.7,âšª 29.7%,Watch,0.0772,4.33,-6.62,10.95,3.3000000000000043,2.799999999999997,4.400000000000002,,2026-02-14
Wake Forest,Stanford,,,12.08,11.62,-4.5,0.671,2.2,-2.3,Stanford,AWAY,Stanford +4.5,0.329,32.9,âšª 32.9%,Watch,0.0065,0.46,1.16,-0.7,2.299999999999997,-0.6000000000000014,0.7000000000000028,,2026-02-14
Incarnate Word,Nicholls St.,,,-9.45,-7.0,-1.5,0.645,-0.7,-2.2,Nicholls St.,AWAY,Nicholls St. +1.5,0.355,35.5,âšª 35.5%,Watch,-0.0505,-2.45,0.66,-3.11,-0.8999999999999986,1.2999999999999972,-5.400000000000002,,2026-02-14
Jackson St.,Florida A&M,,,-19.2,-12.71,2.5,0.6229,-4.7,-2.2,Florida A&M,AWAY,Florida A&M -2.5,0.3771,37.7,âšª 37.7%,Watch,-0.0798,-6.49,2.17,-8.66,-3.5,-1.8999999999999984,-4.199999999999999,,2026-02-14
Harvard,Yale,,,-0.33,9.12,5.5,0.5647,-7.7,-2.2,Yale,AWAY,Yale -5.5,0.4353,43.5,âšª 43.5%,Watch,-0.2206,-9.45,-13.1,3.65,-3.200000000000003,0.8000000000000043,1.1999999999999993,,2026-02-14
Utah St.,Memphis,,,22.03,8.07,-13.5,0.7595,15.7,2.2,Utah St.,HOME,Utah St. -13.5,0.7595,75.9,ðŸ“‰ 75.9%,Watch,0.1936,13.96,16.8,-2.84,8.399999999999999,-1.0,1.0,,2026-02-14
SIU Edwardsville,Tennessee Martin,,,-6.62,-5.49,1.5,0.6541,0.6,2.1,SIU Edwardsville,HOME,SIU Edwardsville +1.5,0.6541,65.4,ðŸ“‰ 65.4%,Watch,-0.0305,-1.13,-1.92,0.79,-1.0,1.0999999999999943,-2.1000000000000014,,2026-02-14
Penn,Cornell,,,-0.81,1.31,2.5,0.6465,-0.4,2.1,Penn,HOME,Penn +2.5,0.6465,64.7,âšª 64.7%,Watch,-0.0528,-2.12,-13.96,11.84,-8.399999999999999,4.399999999999999,1.0999999999999996,,2026-02-14
Dartmouth,Brown,,,-5.87,-9.74,-3.5,0.7106,5.6,2.1,Dartmouth,HOME,Dartmouth -3.5,0.7106,71.1,ðŸ“‰ 71.1%,Watch,0.1028,3.87,9.87,-6.0,5.399999999999999,-0.8999999999999986,-5.1,,2026-02-14
Stonehill,Wagner,,,-17.7,-16.43,-2.5,0.6527,0.5,-2.0,Wagner,AWAY,Wagner +2.5,0.3473,34.7,âšª 34.7%,Watch,-0.0394,-1.27,-11.99,10.72,-3.799999999999997,3.3999999999999986,-2.1999999999999997,,2026-02-14
Northern Colorado,Portland St.,,,1.59,1.86,-3.5,0.6634,1.5,-2.0,Portland St.,AWAY,Portland St. +3.5,0.3366,33.7,âšª 33.7%,Watch,-0.0107,-0.27,8.24,-8.51,4.0,-3.1000000000000014,-5.700000000000001,,2026-02-14
Longwood,USC Upstate,,,-9.45,-12.27,-6.5,0.6943,4.6,-1.9,USC Upstate,AWAY,USC Upstate +6.5,0.3057,30.6,âšª 30.6%,Watch,0.0571,2.82,2.36,0.46,1.3999999999999986,-2.199999999999996,3.5,,2026-02-14
UC Davis,Long Beach St.,,,-0.93,-5.56,-4.5,0.7178,6.4,1.9,UC Davis,HOME,UC Davis -4.5,0.7178,71.8,ðŸ“‰ 71.8%,Watch,0.1179,4.63,1.17,3.46,1.7999999999999972,1.7999999999999972,1.8000000000000007,,2026-02-14
UNC Asheville,Presbyterian,,,-6.09,-10.78,-4.5,0.7111,6.4,1.9,UNC Asheville,HOME,UNC Asheville -4.5,0.7111,71.1,ðŸ“‰ 71.1%,Watch,0.1016,4.69,1.61,3.08,1.2999999999999972,0.6999999999999957,0.0,,2026-02-14
UT Arlington,Southern Utah,,,-0.61,-9.28,-8.5,0.7538,10.4,1.9,UT Arlington,HOME,UT Arlington -8.5,0.7538,75.4,ðŸ“‰ 75.4%,Watch,0.2129,8.67,0.17,8.5,-0.3999999999999986,6.100000000000001,2.9999999999999982,,2026-02-14
Duke,Clemson,,,32.12,21.97,-13.5,0.71,11.9,-1.6,Clemson,AWAY,Clemson +13.5,0.29,29.0,âšª 29.0%,Watch,0.0509,10.15,8.33,1.82,3.5,0.3000000000000042,1.3999999999999986,,2026-02-14
Washington,Minnesota,,,16.15,14.02,-5.5,0.6822,3.9,-1.6,Minnesota,AWAY,Minnesota +5.5,0.3178,31.8,âšª 31.8%,Watch,0.0297,2.13,2.02,0.11,-2.699999999999996,0.6000000000000014,-2.6,,2026-02-14
Radford,Charleston Southern,,,-7.07,-7.35,-3.5,0.6723,2.0,-1.5,Charleston Southern,AWAY,Charleston Southern +3.5,0.3277,32.8,âšª 32.8%,Watch,0.0103,0.28,2.72,-2.44,-1.8999999999999984,-6.100000000000001,5.699999999999999,,2026-02-14
Tennessee,LSU,,,26.31,12.07,-14.5,0.7522,16.0,1.5,Tennessee,HOME,Tennessee -14.5,0.7522,75.2,ðŸ“‰ 75.2%,Watch,0.1672,14.24,3.46,10.78,-0.5,2.8999999999999986,1.6000000000000014,,2026-02-14
Queens,Lipscomb,,,-4.01,-3.28,-2.5,0.6616,1.0,-1.5,Lipscomb,AWAY,Lipscomb +2.5,0.3384,33.8,âšª 33.8%,Watch,-0.0126,-0.73,6.72,-7.45,2.1000000000000014,-2.4000000000000057,-3.1,,2026-02-14
Utah Tech,Cal Baptist,,,-0.4,5.4,2.5,0.5978,-4.0,-1.5,Cal Baptist,AWAY,Cal Baptist -2.5,0.4022,40.2,âšª 40.2%,Watch,-0.1553,-5.8,2.62,-8.42,4.5,-4.299999999999997,1.3000000000000007,,2026-02-14
UC Irvine,Cal St. Fullerton,,,4.91,-2.27,-7.5,0.7464,8.9,1.4,UC Irvine,HOME,UC Irvine -7.5,0.7464,74.6,ðŸ“‰ 74.6%,Watch,0.1968,7.18,-2.34,9.52,-2.4000000000000057,10.1,-1.0,,2026-02-14
Eastern Washington,Weber St.,,,-2.88,-2.2,-2.5,0.6592,1.1,-1.4,Weber St.,AWAY,Weber St. +2.5,0.3408,34.1,âšª 34.1%,Watch,-0.0172,-0.68,-0.12,-0.56,0.3999999999999986,-1.8999999999999984,0.0,,2026-02-14
New Hampshire,UMBC,,,-14.21,-7.64,3.5,0.6034,-4.8,-1.3,UMBC,AWAY,UMBC -3.5,0.3966,39.7,âšª 39.7%,Watch,-0.1321,-6.57,-5.84,-0.73,-5.899999999999999,-1.2000000000000028,1.0999999999999996,,2026-02-14
Xavier,Marquette,,,8.36,8.77,-2.5,0.6624,1.3,-1.2,Marquette,AWAY,Marquette +2.5,0.3376,33.8,âšª 33.8%,Watch,-0.0121,-0.41,1.77,-2.18,1.0,-1.3999999999999986,-2.5,,2026-02-14
Jacksonville,North Florida,,,-13.0,-16.56,-6.5,0.688,5.3,-1.2,North Florida,AWAY,North Florida +6.5,0.312,31.2,âšª 31.2%,Watch,0.0331,3.56,-8.82,12.38,-4.800000000000004,2.199999999999996,3.200000000000001,,2026-02-14
Idaho,Idaho St.,,,-1.66,-7.6,-6.5,0.725,7.7,1.2,Idaho,HOME,Idaho -6.5,0.725,72.5,ðŸ“‰ 72.5%,Watch,0.1392,5.94,-2.64,8.58,-1.5,2.0,0.5,,2026-02-14
N.C. State,Miami FL,,,22.26,17.28,-5.5,0.6935,6.7,1.2,N.C. State,HOME,N.C. State -5.5,0.6935,69.3,ðŸ“‰ 69.3%,Watch,0.049,4.98,4.37,0.61,0.2000000000000028,-1.9000000000000057,0.5,,2026-02-14
Boston University,Bucknell,,,-10.89,-15.74,-5.5,0.7126,6.6,1.1,Boston University,HOME,Boston University -5.5,0.7126,71.3,ðŸ“‰ 71.3%,Watch,0.0989,4.85,11.63,-6.78,9.0,0.2000000000000028,-4.4,,2026-02-14
Morehead St.,Tennessee St.,,,-12.39,-10.23,1.5,0.6494,-0.4,1.1,Morehead St.,HOME,Morehead St. +1.5,0.6494,64.9,âšª 64.9%,Watch,-0.0403,-2.16,-0.97,-1.19,-1.1000000000000014,1.2000000000000028,-3.799999999999999,,2026-02-14
William & Mary,Elon,,,2.98,-4.9,-8.5,0.7475,9.6,1.1,William & Mary,HOME,William & Mary -8.5,0.7475,74.8,ðŸ“‰ 74.8%,Watch,0.1987,7.88,-0.6,8.48,1.0999999999999943,2.699999999999996,3.099999999999998,,2026-02-14
Norfolk St.,Delaware St.,,,-17.22,-23.99,-9.5,0.7094,8.5,-1.0,Delaware St.,AWAY,Delaware St. +9.5,0.2906,29.1,âšª 29.1%,Watch,0.0752,6.77,9.78,-3.01,5.5,2.700000000000003,-1.6000000000000014,,2026-02-14
North Carolina Central,Coppin St.,,,-20.66,-31.37,-11.5,0.7159,12.5,1.0,North Carolina Central,HOME,North Carolina Central -11.5,0.7159,71.6,ðŸ“‰ 71.6%,Watch,0.0699,10.71,7.49,3.22,1.0,1.0,2.1999999999999997,,2026-02-14
Texas A&M Corpus Chris,Lamar,,,-1.71,-3.51,-2.5,0.6873,3.5,1.0,Texas A&M Corpus Chris,HOME,Texas A&M Corpus Chris -2.5,0.6873,68.7,ðŸ“‰ 68.7%,Watch,0.0444,1.8,-4.78,6.58,-1.3999999999999986,0.5,2.6999999999999997,,2026-02-14
Oklahoma St.,TCU,,,10.89,13.16,1.5,0.6451,-0.5,1.0,Oklahoma St.,HOME,Oklahoma St. +1.5,0.6451,64.5,âšª 64.5%,Watch,-0.0493,-2.27,2.81,-5.08,1.1999999999999955,-1.3999999999999986,-2.6000000000000014,,2026-02-14
Providence,St. John's,,,13.33,24.46,8.5,0.5887,-9.4,-0.9,St. John's,AWAY,St. John's -8.5,0.4113,41.1,âšª 41.1%,Watch,-0.1424,-11.13,2.29,-13.42,3.3999999999999986,-3.5,-6.4,,2026-02-14
Old Dominion,Georgia St.,,,-7.32,-9.18,-4.5,0.6865,3.6,-0.9,Georgia St.,AWAY,Georgia St. +4.5,0.3135,31.3,âšª 31.3%,Watch,0.0447,1.86,2.76,-0.9,4.300000000000004,-0.5,-2.3999999999999986,,2026-02-14
Arizona,Texas Tech,,,34.93,28.03,-9.5,0.6965,8.7,-0.8,Texas Tech,AWAY,Texas Tech +9.5,0.3035,30.3,âšª 30.3%,Watch,0.0281,6.9,0.39,6.51,0.1000000000000014,4.899999999999999,1.9999999999999984,,2026-02-14
Texas Southern,Grambling St.,,,-12.47,-8.4,1.5,0.6323,-2.3,-0.8,Grambling St.,AWAY,Grambling St. -1.5,0.3677,36.8,âšª 36.8%,Watch,-0.0702,-4.07,3.85,-7.92,-0.2999999999999971,-3.799999999999997,-4.199999999999999,,2026-02-14
Florida Gulf Coast,Stetson,,,-6.39,-14.94,-9.5,0.739,10.3,0.8,Florida Gulf Coast,HOME,Florida Gulf Coast -9.5,0.739,73.9,ðŸ“‰ 73.9%,Watch,0.1656,8.55,3.9,4.65,1.7999999999999972,2.5,1.099999999999998,,2026-02-14
Colgate,Navy,,,-3.74,-1.24,1.5,0.6379,-0.8,0.8,Colgate,HOME,Colgate +1.5,0.6379,63.8,âšª 63.8%,Watch,-0.063,-2.5,3.58,-6.08,0.7999999999999972,-3.299999999999997,-1.8000000000000007,,2026-02-14
Santa Clara,Gonzaga,,,20.84,26.31,4.5,0.6354,-3.7,0.8,Santa Clara,HOME,Santa Clara +4.5,0.6354,63.5,âšª 63.5%,Watch,-0.0492,-5.47,1.9,-7.37,-1.3999999999999986,-4.5,0.3000000000000007,,2026-02-14
Southern Indiana,Tennessee Tech,,,-17.84,-18.42,-1.5,0.6659,2.3,0.8,Southern Indiana,HOME,Southern Indiana -1.5,0.6659,66.6,ðŸ“‰ 66.6%,Watch,-0.0094,0.58,-7.8,8.38,-6.100000000000001,4.0,1.200000000000001,,2026-02-14
BYU,Colorado,,,22.61,8.15,-15.5,0.7644,16.2,0.7,BYU,HOME,BYU -15.5,0.7644,76.4,ðŸ“‰ 76.4%,Watch,0.2094,14.46,9.53,4.93,2.6000000000000014,3.0,0.8999999999999986,,2026-02-14
Rhode Island,Fordham,,,2.14,-1.17,-4.5,0.7044,5.1,0.6,Rhode Island,HOME,Rhode Island -4.5,0.7044,70.4,ðŸ“‰ 70.4%,Watch,0.0905,3.31,3.28,0.03,3.199999999999996,-1.7999999999999972,5.100000000000001,,2026-02-14
Oregon,Penn St.,,,9.11,4.92,-6.5,0.7098,5.9,-0.6,Penn St.,AWAY,Penn St. +6.5,0.2902,29.0,âšª 29.0%,Watch,0.1,4.19,-1.22,5.41,-3.6000000000000014,5.700000000000003,-2.3999999999999986,,2026-02-14
Fairleigh Dickinson,Central Connecticut,,,-15.06,-12.44,1.5,0.6428,-0.9,0.6,Fairleigh Dickinson,HOME,Fairleigh Dickinson +1.5,0.6428,64.3,âšª 64.3%,Watch,-0.0514,-2.62,-5.78,3.16,-5.0,-3.5,2.299999999999999,,2026-02-14
Arkansas St.,South Alabama,,,2.21,-2.13,-6.5,0.7135,6.1,-0.4,South Alabama,AWAY,South Alabama +6.5,0.2865,28.7,âšª 28.7%,Watch,0.1157,4.34,5.7,-1.36,-0.8999999999999986,-1.7999999999999972,-3.1999999999999997,,2026-02-14
UCF,West Virginia,,,14.91,12.78,-3.5,0.6766,3.9,0.4,UCF,HOME,UCF -3.5,0.6766,67.7,ðŸ“‰ 67.7%,Watch,0.0149,2.13,10.57,-8.44,2.1000000000000014,-4.700000000000003,-1.6999999999999993,,2026-02-14
Virginia Tech,Florida St.,,,13.91,9.83,-5.5,0.703,5.8,0.3,Virginia Tech,HOME,Virginia Tech -5.5,0.703,70.3,ðŸ“‰ 70.3%,Watch,0.0747,4.08,2.16,1.92,2.199999999999996,2.200000000000003,-1.599999999999998,,2026-02-14
Montana,Montana St.,,,1.82,2.32,-1.5,0.6624,1.2,-0.2,Montana St.,AWAY,Montana St. +1.5,0.3376,33.8,âšª 33.8%,Watch,-0.0124,-0.5,-1.92,1.42,4.299999999999997,0.6999999999999957,-0.8999999999999986,,2026-02-14
Princeton,Columbia,,,-6.63,-3.22,1.5,0.6289,-1.7,-0.2,Columbia,AWAY,Columbia -1.5,0.3711,37.1,âšª 37.1%,Watch,-0.0868,-3.41,-3.68,0.27,-5.300000000000004,-0.7999999999999972,0.200000000000001,,2026-02-14
Jacksonville St.,New Mexico St.,,,-1.26,-0.8,-1.5,0.6644,1.3,-0.2,New Mexico St.,AWAY,New Mexico St. +1.5,0.3356,33.6,âšª 33.6%,Watch,-0.0131,-0.46,-4.76,4.3,-0.2000000000000028,0.5,1.1999999999999993,,2026-02-14
Lindenwood,Southeast Missouri St.,,,-7.15,-8.12,-2.5,0.6783,2.7,0.2,Lindenwood,HOME,Lindenwood -2.5,0.6783,67.8,ðŸ“‰ 67.8%,Watch,0.0205,0.97,-0.6,1.57,-2.299999999999997,1.7000000000000028,-0.1999999999999993,,2026-02-14
Bowling Green,Toledo,,,2.01,0.17,-3.5,0.6894,3.6,0.1,Bowling Green,HOME,Bowling Green -3.5,0.6894,68.9,ðŸ“‰ 68.9%,Watch,0.0507,1.84,-6.28,8.12,-1.2000000000000028,4.0,1.0,,2026-02-14
Central Michigan,Northern Illinois,,,-10.1,-12.76,-4.5,0.6945,4.4,-0.1,Northern Illinois,AWAY,Northern Illinois +4.5,0.3055,30.5,âšª 30.5%,Watch,0.0643,2.66,8.43,-5.77,2.699999999999996,-0.8999999999999986,-1.3000000000000007,,2026-02-14
Ohio St.,Virginia,,,19.47,25.63,4.5,0.6316,-4.4,0.1,Ohio St.,HOME,Ohio St. +4.5,0.6316,63.2,âšª 63.2%,Watch,-0.0603,-6.16,1.93,-8.09,1.1000000000000014,-4.700000000000003,-0.1999999999999993,,2026-02-14
Mississippi,Mississippi St.,,,10.09,8.37,-3.5,0.6823,3.5,-0.0,Mississippi St.,AWAY,Mississippi St. +3.5,0.3177,31.8,âšª 31.8%,Watch,0.0332,1.72,2.59,-0.87,-0.1000000000000014,-0.7000000000000028,3.899999999999999,,2026-02-14
Charlotte,UTSA,,,-0.4,-20.77,-14.5,0.8196,22.1,7.6,Charlotte,HOME,Charlotte -14.5,0.8196,82.0,ðŸ“Š 82.0%,Strong,0.3895,20.37,13.75,6.62,9.1,2.3999999999999986,-0.3000000000000007,,2026-02-15
Milwaukee,Green Bay,,,-9.36,-1.68,-1.5,0.5843,-5.9,-7.4,Green Bay,AWAY,Green Bay +1.5,0.4157,41.6,âšª 41.6%,Strong,-0.1847,-7.68,-7.78,0.1,-5.100000000000001,0.0,2.4000000000000004,,2026-02-15
Cleveland St.,Wright St.,,,-11.34,4.93,7.5,0.4872,-14.5,-7.0,Wright St.,AWAY,Wright St. -7.5,0.5128,51.3,âšª 51.3%,Strong,-0.3797,-16.27,-2.7,-13.57,0.2999999999999971,-2.8999999999999986,-2.5000000000000018,,2026-02-15
Murray St.,Belmont,,,5.89,11.66,-1.5,0.612,-4.0,-5.5,Belmont,AWAY,Belmont +1.5,0.388,38.8,âšª 38.8%,Strong,-0.1195,-5.77,-3.06,-2.71,-6.200000000000003,-2.1000000000000014,-1.900000000000002,,2026-02-15
Northern Iowa,Drake,,,8.78,-4.38,-9.5,0.7951,14.9,5.4,Northern Iowa,HOME,Northern Iowa -9.5,0.7951,79.5,ðŸ“‰ 79.5%,Strong,0.3407,13.16,-3.88,17.04,0.1000000000000014,5.899999999999999,2.8999999999999986,,2026-02-15
Sacred Heart,Rider,,,-11.81,-23.23,-8.5,0.742,13.2,4.7,Sacred Heart,HOME,Sacred Heart -8.5,0.742,74.2,ðŸ“‰ 74.2%,Lean,0.1518,11.42,9.47,1.95,9.699999999999996,0.8000000000000043,1.0999999999999996,,2026-02-15
Dayton,Davidson,,,6.39,8.31,-4.5,0.6518,-0.2,-4.7,Davidson,AWAY,Davidson +4.5,0.3482,34.8,âšª 34.8%,Lean,-0.0385,-1.92,-4.58,2.66,-2.5,0.5,4.5,,2026-02-15
Niagara,Iona,,,-18.15,-6.49,5.5,0.5636,-9.9,-4.4,Iona,AWAY,Iona -5.5,0.4364,43.6,âšª 43.6%,Lean,-0.2069,-11.66,-5.03,-6.63,-1.9000000000000057,-3.5,-0.5,,2026-02-15
Rutgers,Maryland,,,1.03,4.61,-2.5,0.6287,-1.8,-4.3,Maryland,AWAY,Maryland +2.5,0.3713,37.1,âšª 37.1%,Lean,-0.0913,-3.58,-1.98,-1.6,-1.8999999999999984,2.3999999999999986,0.1999999999999993,,2026-02-15
Butler,Seton Hall,,,11.35,12.01,2.5,0.6576,1.1,3.6,Butler,HOME,Butler +2.5,0.6576,65.8,ðŸ“‰ 65.8%,Lean,-0.0309,-0.66,8.82,-9.48,3.899999999999999,-3.5,-7.0,,2026-02-15
Illinois Chicago,Illinois St.,,,4.35,8.24,-1.5,0.6261,-2.1,-3.6,Illinois St.,AWAY,Illinois St. +1.5,0.3739,37.4,âšª 37.4%,Lean,-0.0935,-3.89,-2.12,-1.77,-5.899999999999999,-1.5,3.6999999999999993,,2026-02-15
Marist,Siena,,,-0.33,-3.29,-1.5,0.6987,4.7,3.2,Marist,HOME,Marist -1.5,0.6987,69.9,ðŸ“‰ 69.9%,Lean,0.0764,2.96,-7.02,9.98,-1.0999999999999943,5.200000000000003,1.599999999999998,,2026-02-15
Robert Morris,Oakland,,,-2.16,1.17,-1.5,0.63,-1.6,-3.1,Oakland,AWAY,Oakland +1.5,0.37,37.0,âšª 37.0%,Lean,-0.0852,-3.33,-5.02,1.69,1.5999999999999943,3.1000000000000014,0.5999999999999996,,2026-02-15
Purdue Fort Wayne,IU Indy,,,-8.39,-10.1,-6.5,0.6845,3.5,-3.0,IU Indy,AWAY,IU Indy +6.5,0.3155,31.5,âšª 31.5%,Lean,0.0307,1.71,-2.03,3.74,0.6000000000000014,1.6000000000000014,-0.1999999999999993,,2026-02-15
North Alabama,Eastern Kentucky,,,-20.02,-10.76,4.5,0.5962,-7.5,-3.0,Eastern Kentucky,AWAY,Eastern Kentucky -4.5,0.4038,40.4,âšª 40.4%,Lean,-0.1419,-9.26,-7.98,-1.28,-3.3999999999999986,-0.1000000000000014,-0.5999999999999996,,2026-02-15
Loyola MD,Holy Cross,,,-15.46,-16.28,-5.5,0.6751,2.6,-2.9,Holy Cross,AWAY,Holy Cross +5.5,0.3249,32.5,âšª 32.5%,Watch,0.0146,0.82,2.03,-1.21,0.8999999999999986,0.3000000000000042,1.6000000000000014,,2026-02-15
Quinnipiac,Merrimack,,,-2.18,1.0,-1.5,0.6325,-1.4,-2.9,Merrimack,AWAY,Merrimack +1.5,0.3675,36.8,âšª 36.8%,Watch,-0.0861,-3.18,-3.12,-0.06,-0.5,-2.200000000000003,-1.6000000000000014,,2026-02-15
Illinois,Indiana,,,33.85,23.62,-9.5,0.7098,12.0,2.5,Illinois,HOME,Illinois -9.5,0.7098,71.0,ðŸ“‰ 71.0%,Watch,0.0497,10.23,7.6,2.63,-0.3000000000000042,0.0,-4.399999999999999,,2026-02-15
Nebraska Omaha,Denver,,,-5.74,-4.29,-2.5,0.6512,0.3,-2.2,Denver,AWAY,Denver +2.5,0.3488,34.9,âšª 34.9%,Watch,-0.0418,-1.45,-7.87,6.42,-1.0,2.199999999999996,1.5,,2026-02-15
Saint Peter's,Fairfield,,,-5.81,-7.09,-4.5,0.6776,3.0,-1.5,Fairfield,AWAY,Fairfield +4.5,0.3224,32.2,âšª 32.2%,Watch,0.0232,1.28,-4.34,5.62,-3.6000000000000014,2.5,4.099999999999998,,2026-02-15
Canisius,Manhattan,,,-18.98,-17.19,1.5,0.6505,-0.0,1.5,Canisius,HOME,Canisius +1.5,0.6505,65.0,ðŸ“‰ 65.0%,Watch,-0.0375,-1.79,-9.06,7.27,-2.1000000000000014,0.8999999999999986,0.3000000000000007,,2026-02-15
Detroit Mercy,Youngstown St.,,,-4.81,-0.97,3.5,0.6249,-2.1,1.4,Detroit Mercy,HOME,Detroit Mercy +3.5,0.6249,62.5,âšª 62.5%,Watch,-0.0964,-3.84,-0.09,-3.75,-5.399999999999999,-0.5,-4.4,,2026-02-15
Cincinnati,Utah,,,16.85,6.12,-11.5,0.7595,12.5,1.0,Cincinnati,HOME,Cincinnati -11.5,0.7595,75.9,ðŸ“‰ 75.9%,Watch,0.2188,10.73,-4.88,15.61,-2.700000000000003,5.200000000000003,4.700000000000001,,2026-02-15
UAB,Tulane,,,2.91,-1.71,-5.5,0.7197,6.4,0.9,UAB,HOME,UAB -5.5,0.7197,72.0,ðŸ“‰ 72.0%,Watch,0.1227,4.62,1.47,3.15,-1.8999999999999984,0.5,-1.1999999999999993,,2026-02-15
San Diego,San Francisco,,,-2.8,3.84,5.5,0.589,-4.9,0.6,San Diego,HOME,San Diego +5.5,0.589,58.9,âšª 58.9%,Watch,-0.1712,-6.64,-4.99,-1.65,0.0999999999999943,-4.100000000000001,6.300000000000001,,2026-02-15
Monmouth,Towson,,,-2.48,-2.64,-2.5,0.6703,1.9,-0.6,Towson,AWAY,Towson +2.5,0.3297,33.0,âšª 33.0%,Watch,0.0054,0.16,2.34,-2.18,3.200000000000003,0.4000000000000057,3.9999999999999982,,2026-02-15
Campbell,Charleston,,,-2.4,-2.65,-2.5,0.6703,2.0,-0.5,Charleston,AWAY,Charleston +2.5,0.3297,33.0,âšª 33.0%,Watch,0.0094,0.25,5.13,-4.88,0.0,-6.700000000000003,3.1000000000000014,,2026-02-15
Temple,North Texas,,,1.33,1.1,-2.5,0.6707,2.0,-0.5,North Texas,AWAY,North Texas +2.5,0.3293,32.9,âšª 32.9%,Watch,0.0031,0.23,10.2,-9.97,3.899999999999999,-3.0,-6.199999999999999,,2026-02-15
Florida Atlantic,South Florida,,,5.96,11.99,4.5,0.61,-4.3,0.2,Florida Atlantic,HOME,Florida Atlantic +4.5,0.61,61.0,âšª 61.0%,Watch,-0.1229,-6.03,-5.63,-0.4,1.2000000000000028,-1.0,-2.0,,2026-02-15
Valparaiso,Indiana St.,,,0.71,-3.25,-5.5,0.7112,5.7,0.2,Valparaiso,HOME,Valparaiso -5.5,0.7112,71.1,ðŸ“‰ 71.1%,Watch,0.1049,3.96,0.02,3.94,-6.100000000000001,0.1000000000000014,1.8999999999999984,,2026-02-15
Southern Illinois,Bradley,,,3.17,1.56,-3.5,0.688,3.4,-0.1,Bradley,AWAY,Bradley +3.5,0.312,31.2,âšª 31.2%,Watch,0.0475,1.61,-6.32,7.93,-0.5999999999999943,3.3999999999999986,-1.2999999999999972,,2026-02-15
Seattle,Oregon St.,,,4.95,0.22,-6.5,0.7215,6.5,-0.0,Oregon St.,AWAY,Oregon St. +6.5,0.2785,27.9,âšª 27.9%,Watch,0.1334,4.73,-7.88,12.61,-0.7999999999999972,1.8999999999999984,5.4,,2026-02-15
