team,adj_o,adj_d,barthag,tempo,rating,off_efg,def_efg,off_to,def_to,off_or,def_or,off_ftr,def_ftr,wab,sos,snapshot_date
Tennessee,121.9,82.5,.9890,66.6,39.40,60.3,40.1,19.2,22.3,43.5,28.8,33.7,23.1,+1.8,.7569,2024-12-01
Duke,115.1,81.3,.9821,69.4,33.80,55.3,40.7,16.6,21.3,33.6,24.0,26.7,27.1,+0.49,.7025,2024-12-01
Auburn,133.1,94.4,.9810,69.5,38.70,60.6,45.0,13.9,16.0,32.3,25.4,29.6,30.6,+3.0,.8034,2024-12-01
Gonzaga,127.4,93.1,.9736,72.5,34.30,55.4,45.1,12.9,18.8,35.2,22.2,33.7,31.0,+1.6,.6567,2024-12-01
Kansas,120.5,88.6,.9719,71.0,31.90,58.1,45.3,14.0,18.2,27.6,23.5,22.9,32.3,+2.4,.7851,2024-12-01
Houston,122.3,90.6,.9692,64.2,31.70,51.6,44.5,13.3,22.6,36.3,29.1,29.6,36.7,-0.5,.7741,2024-12-01
Kentucky,122.0,90.8,.9675,76.0,31.20,59.9,42.4,13.2,15.8,29.9,22.8,32.8,24.3,+1.3,.7705,2024-12-01
Illinois,119.8,90.2,.9632,73.3,29.60,55.0,40.4,15.0,15.9,38.9,23.2,40.0,25.1,+0.6,.7618,2024-12-01
Cincinnati,118.8,89.5,.9632,67.4,29.30,61.4,38.5,14.0,17.7,36.8,29.5,21.8,21.9,+0.7,.7119,2024-12-01
Pittsburgh,122.3,94.0,.9536,70.6,28.30,56.4,44.7,13.6,17.5,31.2,26.1,35.7,33.3,+1.4,.6684,2024-12-01
Alabama,124.3,95.7,.9533,74.2,28.60,54.8,45.5,16.9,13.3,35.4,28.7,46.4,38.6,+2.0,.8319,2024-12-01
Marquette,117.4,90.4,.9528,72.0,27.00,56.6,48.1,13.7,25.2,28.5,27.0,29.9,27.3,+2.3,.717,2024-12-01
Michigan,115.7,89.7,.9491,71.2,26.00,59.0,42.0,21.6,24.5,37.3,32.4,32.6,25.0,+0.5,.7877,2024-12-01
Iowa St.,127.6,99.4,.9465,72.0,28.20,57.1,48.6,12.8,23.6,29.6,23.7,43.5,30.8,+0.6,.7326,2024-12-01
Florida,121.5,96.0,.9376,70.9,25.50,54.1,42.3,14.6,19.3,41.3,28.9,33.0,27.2,+1.2,.7453,2024-12-01
Purdue,123.2,98.1,.9317,65.7,25.10,57.8,47.9,16.5,15.0,30.1,28.5,47.7,24.0,+1.7,.7976,2024-12-01
Ohio St.,117.5,93.8,.9304,69.7,23.70,60.6,41.2,15.5,17.7,30.2,26.3,34.1,40.0,-0.33,.7481,2024-12-01
Maryland,116.2,93.5,.9244,71.6,22.70,56.4,43.1,13.6,23.6,34.2,24.8,33.7,28.4,+0.10,.6956,2024-12-01
Oregon,116.7,94.1,.9220,69.5,22.60,52.4,46.5,14.7,18.7,34.2,29.9,37.6,25.4,+2.7,.7641,2024-12-01
St. John's,115.6,93.5,.9203,70.8,22.10,53.8,46.3,18.0,21.7,38.1,29.5,33.9,29.6,-0.01,.6834,2024-12-01
San Diego St.,114.1,92.3,.9197,65.6,21.80,51.0,45.0,16.0,16.0,25.3,34.2,26.1,33.6,+1.1,.6431,2024-12-01
Dayton,122.4,99.1,.9189,69.3,23.30,56.0,49.0,13.9,16.6,30.4,22.5,42.1,34.4,+0.44,.5916,2024-12-01
Nevada,119.9,97.2,.9178,65.1,22.70,60.2,44.7,16.7,17.1,30.5,29.5,48.8,41.6,+1.0,.6129,2024-12-01
Texas Tech,121.9,98.8,.9176,69.0,23.10,60.2,47.5,16.1,21.6,38.1,27.0,30.1,35.4,-0.16,.7274,2024-12-01
BYU,117.8,95.7,.9165,70.3,22.10,57.6,48.1,15.9,19.9,38.4,19.3,30.1,30.0,+0.06,.7164,2024-12-01
West Virginia,112.9,91.8,.9156,67.5,21.10,52.6,44.5,17.3,20.3,28.2,32.5,31.8,32.7,+0.9,.7337,2024-12-01
Saint Mary's,115.8,94.7,.9099,65.2,21.10,52.6,46.4,16.3,16.8,43.8,24.0,33.9,27.5,+0.7,.617,2024-12-01
UCLA,109.1,89.8,.9033,68.2,19.30,53.4,41.8,16.5,29.1,39.4,27.9,34.0,28.7,-0.31,.7122,2024-12-01
Memphis,121.5,100.3,.9011,69.4,21.20,56.7,50.8,18.4,17.6,28.3,32.6,46.1,35.6,+2.7,.6327,2024-12-01
Mississippi,118.1,97.5,.9006,70.7,20.60,52.3,51.3,11.6,23.9,30.5,26.8,37.0,36.7,+1.2,.7517,2024-12-01
UC Irvine,104.4,86.7,.8943,70.4,17.70,52.5,42.1,20.7,14.7,29.0,19.6,29.1,20.6,+1.3,.482,2024-12-01
Clemson,113.3,94.3,.8918,67.6,19.00,55.3,47.5,16.5,21.9,36.3,26.9,32.1,28.0,+0.7,.6621,2024-12-01
Louisville,109.8,91.8,.8877,71.1,18.00,52.1,46.2,18.5,24.9,36.2,30.9,33.9,33.2,+0.32,.6978,2024-12-01
Mississippi St.,116.1,97.1,.8868,70.9,19.00,52.0,49.9,11.8,22.1,33.6,27.0,31.7,39.8,+0.7,.7429,2024-12-01
Baylor,122.7,102.6,.8865,67.4,20.10,54.8,56.1,16.2,23.3,39.5,30.9,26.3,30.5,+1.0,.7624,2024-12-01
North Texas,104.9,88.0,.8835,63.8,16.90,46.7,49.1,17.0,24.8,31.3,25.3,32.2,43.9,-0.04,.5117,2024-12-01
Utah St.,114.4,96.0,.8824,72.6,18.40,53.8,47.7,16.6,21.8,42.0,29.4,39.4,26.2,+1.2,.5966,2024-12-01
Boise St.,116.8,98.2,.8800,69.8,18.60,52.4,46.8,15.1,15.1,30.1,25.5,42.7,26.7,-0.45,.6123,2024-12-01
New Mexico,115.6,97.4,.8774,76.7,18.20,52.2,50.2,17.1,23.4,32.2,31.6,42.0,37.4,+0.6,.622,2024-12-01
Penn St.,116.8,98.6,.8756,73.3,18.20,59.2,47.8,16.3,23.4,34.4,27.7,40.5,32.0,+0.06,.6562,2024-12-01
Arizona,116.0,98.3,.8699,73.7,17.70,51.4,48.8,16.3,19.4,40.1,26.2,34.0,33.7,-1.1,.78,2024-12-01
Arizona St.,114.6,97.3,.8674,69.5,17.30,55.1,47.8,17.5,15.2,26.9,28.1,40.4,27.6,+2.1,.7866,2024-12-01
Nebraska,110.9,94.4,.8653,71.1,16.50,52.1,47.7,15.4,22.1,31.7,26.5,44.5,27.2,+0.6,.7184,2024-12-01
Texas A&M,113.8,96.8,.8644,68.8,17.00,47.6,45.1,17.1,19.3,43.8,30.0,44.6,35.5,+0.7,.7835,2024-12-01
Wisconsin,119.2,101.7,.8622,70.1,17.50,54.8,47.2,13.1,17.1,27.6,26.5,40.5,28.7,+1.6,.7414,2024-12-01
Oklahoma,114.5,97.8,.8606,68.7,16.70,56.0,47.3,17.0,22.8,31.2,33.2,36.3,27.1,+1.8,.7187,2024-12-01
Georgia,116.4,99.4,.8601,69.0,17.00,57.4,44.8,21.0,18.1,42.6,26.9,47.3,25.8,+0.8,.7024,2024-12-01
San Francisco,111.6,95.4,.8583,68.2,16.20,56.2,45.0,18.7,21.6,32.3,28.6,37.9,25.4,-0.5,.5618,2024-12-01
Liberty,112.1,95.9,.8577,64.6,16.20,58.8,47.7,19.1,17.8,24.8,25.1,32.2,27.9,+0.8,.4795,2024-12-01
Utah,115.5,98.9,.8561,72.4,16.60,59.6,41.5,15.9,17.7,36.3,25.8,37.4,31.9,-0.28,.6868,2024-12-01
Texas,110.4,94.9,.8510,69.8,15.50,56.7,42.6,12.7,19.4,28.3,27.1,38.0,28.7,+0.15,.7132,2024-12-01
Florida St.,106.3,91.4,.8498,73.2,14.90,52.6,44.8,17.9,25.4,29.9,30.4,45.5,40.4,+0.27,.6198,2024-12-01
DePaul,116.5,100.4,.8468,69.8,16.10,60.9,41.9,18.1,16.9,35.7,25.9,35.2,26.9,+0.27,.6423,2024-12-01
Butler,113.5,98.1,.8428,68.6,15.40,56.1,40.5,20.5,11.6,33.7,29.8,50.3,24.9,+0.6,.704,2024-12-01
North Carolina,121.3,104.9,.8412,75.0,16.40,54.6,50.2,12.7,14.4,25.9,28.0,43.2,28.1,-0.06,.7094,2024-12-01
Arkansas,106.3,92.1,.8385,73.1,14.20,56.7,46.1,16.9,23.0,25.7,24.0,32.5,24.3,-0.32,.7278,2024-12-01
VCU,103.8,90.7,.8253,69.1,13.10,52.7,42.6,19.3,23.3,30.3,29.7,36.2,41.6,-1.3,.5253,2024-12-01
Oregon St.,112.3,98.2,.8242,65.4,14.10,55.8,44.0,19.2,17.1,34.5,24.1,35.4,29.9,-0.9,.514,2024-12-01
Indiana,113.2,99.1,.8219,71.7,14.10,53.6,47.1,19.7,18.1,33.5,33.5,33.3,24.6,+0.04,.749,2024-12-01
Drake,107.4,94.2,.8187,63.7,13.20,53.3,48.4,22.8,23.3,39.4,25.6,48.5,41.2,+1.0,.4992,2024-12-01
St. Bonaventure,108.1,95.4,.8070,66.6,12.70,53.6,46.8,18.0,19.7,32.2,28.9,36.7,24.2,+0.15,.5049,2024-12-01
Vanderbilt,115.1,101.8,.8043,73.1,13.30,54.2,49.0,13.1,21.7,31.5,28.9,34.0,28.6,+0.13,.6933,2024-12-01
Michigan St.,111.2,98.4,.8035,69.5,12.80,50.9,47.9,16.3,18.1,34.5,23.1,39.4,29.3,+0.16,.748,2024-12-01
SMU,116.7,103.6,.7984,71.7,13.10,54.6,46.4,16.2,18.3,40.6,29.8,39.9,35.6,-0.6,.6195,2024-12-01
TCU,100.6,89.6,.7915,69.6,11.00,49.2,46.4,15.8,22.1,31.2,28.3,35.0,26.1,-1.0,.7495,2024-12-01
Creighton,110.0,98.6,.7787,72.0,11.40,53.7,43.7,18.7,13.0,28.0,28.0,31.7,19.4,-1.2,.7207,2024-12-01
Iowa,108.6,97.5,.7769,73.3,11.10,57.8,49.4,15.1,23.3,26.8,30.8,26.9,20.2,-0.10,.7086,2024-12-01
N.C. State,105.8,95.4,.7660,69.1,10.40,52.3,45.1,15.1,22.1,29.5,33.5,37.4,30.0,-0.39,.6215,2024-12-01
Missouri,114.4,103.4,.7615,69.3,11.00,58.6,44.9,15.8,23.2,39.1,28.5,52.8,27.8,-0.32,.6884,2024-12-01
McNeese St.,109.2,98.7,.7612,66.1,10.50,50.3,51.3,17.9,21.4,29.7,31.1,43.3,40.1,-1.0,.4709,2024-12-01
Bradley,115.0,104.1,.7598,67.1,10.90,61.0,47.0,19.4,15.2,29.2,27.5,36.5,33.4,-0.05,.51,2024-12-01
Notre Dame,114.4,103.5,.7590,67.5,10.90,55.6,48.7,15.4,14.1,29.5,26.9,26.0,24.5,-1.6,.6377,2024-12-01
Northwestern,106.8,96.9,.7536,65.8,9.90,49.2,46.9,15.0,20.9,33.0,27.3,38.3,32.6,-0.7,.7294,2024-12-01
Washington St.,111.3,101.1,.7518,73.6,10.20,55.8,48.4,20.1,16.8,34.8,29.9,34.1,33.7,-0.6,.5864,2024-12-01
Connecticut,116.4,105.7,.7505,66.5,10.70,59.5,44.9,15.2,19.6,35.9,23.8,30.5,46.0,-1.8,.6903,2024-12-01
South Dakota St.,111.8,101.6,.7501,72.5,10.20,54.4,47.0,17.8,13.6,30.8,22.5,35.5,30.4,-0.5,.4382,2024-12-01
Davidson,115.5,105.1,.7480,69.4,10.40,53.3,54.1,15.2,14.7,23.4,27.1,34.3,33.7,-0.03,.4912,2024-12-01
Lipscomb,104.8,95.4,.7472,69.6,9.40,49.6,49.8,16.3,18.6,24.9,28.0,22.9,19.4,-1.7,.3833,2024-12-01
Xavier,108.6,99.0,.7429,69.6,9.60,53.3,49.1,16.6,19.6,27.0,22.5,37.1,30.4,+0.44,.6769,2024-12-01
Rutgers,115.1,105.0,.7417,72.3,10.10,51.1,49.2,13.8,18.6,30.3,32.3,41.9,32.3,-0.8,.7207,2024-12-01
Yale,118.4,108.0,.7417,69.1,10.40,55.7,51.3,14.9,14.7,33.9,26.4,35.3,43.3,-2.3,.4267,2024-12-01
Rhode Island,112.5,102.7,.7406,73.5,9.80,59.9,41.9,15.2,16.4,27.1,30.0,51.9,28.6,+0.26,.4664,2024-12-01
South Carolina,109.8,100.4,.7370,68.2,9.40,52.0,46.9,16.7,15.5,29.5,29.5,43.7,32.9,-1.5,.7247,2024-12-01
Virginia,104.3,95.5,.7329,62.0,8.80,53.3,46.2,19.4,16.6,22.5,28.0,27.5,18.4,+0.09,.6443,2024-12-01
Kansas St.,110.3,101.0,.7320,69.5,9.30,57.2,48.0,18.6,21.7,36.8,30.7,30.8,26.0,-1.0,.7327,2024-12-01
LSU,106.6,97.8,.7302,69.8,8.80,52.3,42.0,19.4,18.0,36.3,33.9,37.3,29.8,+0.44,.6954,2024-12-01
Saint Joseph's,107.3,98.6,.7252,70.7,8.70,51.1,47.1,17.7,18.5,31.3,30.5,35.0,24.2,-0.23,.523,2024-12-01
Wichita St.,106.8,98.2,.7244,71.8,8.60,47.9,48.5,13.3,15.9,24.4,28.9,41.3,26.0,+0.9,.5193,2024-12-01
UNLV,111.8,103.1,.7174,67.2,8.70,52.0,49.6,16.7,19.5,28.3,34.2,43.3,36.3,-1.3,.6137,2024-12-01
Stanford,112.6,104.1,.7111,67.5,8.50,50.5,50.2,13.8,20.5,35.9,24.2,38.5,40.3,-0.8,.6114,2024-12-01
Furman,104.4,96.7,.7061,66.7,7.70,52.7,46.5,18.1,17.3,21.6,31.2,29.3,26.3,+0.5,.4012,2024-12-01
Samford,116.9,108.3,.7058,74.0,8.60,57.0,53.1,18.4,22.1,35.0,38.5,30.4,37.6,-0.22,.4104,2024-12-01
UT Rio Grande Valley,113.8,105.6,.7020,73.6,8.20,54.8,55.6,17.1,20.5,31.5,29.2,18.7,40.1,-0.7,.3864,2024-12-01
Akron,116.9,108.7,.6982,72.4,8.20,50.4,52.7,14.5,18.6,35.5,34.1,24.1,29.7,-0.6,.395,2024-12-01
Santa Clara,108.4,101.0,.6930,69.7,7.40,50.4,49.9,17.1,17.7,33.1,30.8,25.9,35.4,-3.0,.5871,2024-12-01
Washington,102.7,96.0,.6847,70.8,6.70,46.6,44.8,17.1,18.8,34.7,29.9,43.9,31.7,+0.6,.7045,2024-12-01
UCF,108.2,101.2,.6836,71.4,7.00,48.8,49.2,16.3,18.6,33.3,31.3,40.4,27.4,-0.02,.7357,2024-12-01
George Mason,103.0,96.6,.6769,68.3,6.40,52.7,40.7,20.7,18.2,35.3,35.1,51.2,31.8,-1.7,.502,2024-12-01
Northern Colorado,110.4,103.6,.6746,71.6,6.80,53.4,50.4,15.0,15.4,26.6,28.3,21.4,35.2,-0.9,.39,2024-12-01
Colorado,108.5,101.9,.6731,68.7,6.60,54.5,49.6,21.9,16.3,30.2,25.9,42.9,26.1,+0.27,.7466,2024-12-01
Murray St.,111.8,105.1,.6721,68.3,6.70,55.8,48.3,16.4,14.3,26.3,27.6,49.2,36.9,-0.9,.5192,2024-12-01
Columbia,112.4,105.8,.6685,70.4,6.60,57.4,48.9,16.5,19.0,33.2,28.7,32.7,27.5,+0.9,.3595,2024-12-01
UC Santa Barbara,109.5,103.2,.6631,66.1,6.30,59.1,44.0,18.5,16.0,33.0,27.4,33.2,25.4,-0.46,.3921,2024-12-01
Western Kentucky,101.7,95.9,.6627,75.5,5.80,48.0,45.3,17.4,17.9,24.6,27.4,37.9,42.2,-1.4,.5167,2024-12-01
Eastern Kentucky,111.8,105.5,.6607,69.3,6.30,49.3,53.1,15.3,21.6,34.2,34.9,24.2,38.5,-2.2,.3824,2024-12-01
La Salle,107.5,101.5,.6588,72.3,6.00,49.8,48.4,14.4,15.8,33.1,25.8,34.3,30.9,-0.9,.5201,2024-12-01
Villanova,114.3,108.0,.6571,65.6,6.30,55.3,51.5,17.7,19.0,39.8,27.9,24.1,31.3,-2.4,.6454,2024-12-01
California,109.0,103.3,.6513,70.2,5.70,54.6,51.1,19.5,18.5,34.6,26.1,47.7,30.2,+0.44,.6285,2024-12-01
Florida Atlantic,112.2,106.3,.6512,72.4,5.90,55.8,52.8,17.2,18.6,23.7,29.0,39.6,30.4,-2.8,.5293,2024-12-01
Grambling St.,103.7,98.5,.6446,68.7,5.20,50.2,51.3,23.6,15.3,21.3,29.5,28.9,38.1,-1.8,.3185,2024-12-01
Seattle,106.1,100.8,.6442,67.5,5.30,46.8,57.0,19.5,18.7,31.5,22.5,45.1,36.0,-2.7,.4547,2024-12-01
Central Michigan,104.7,99.5,.6430,71.8,5.20,51.1,50.4,22.6,18.0,32.4,24.3,27.4,43.5,-1.0,.3924,2024-12-01
UC San Diego,106.3,101.1,.6406,67.0,5.20,52.4,51.4,13.1,22.9,24.5,26.7,34.8,37.7,-0.9,.4159,2024-12-01
Montana St.,110.2,104.8,.6405,67.2,5.40,53.8,48.5,17.2,17.7,24.3,28.5,29.3,36.0,-2.9,.4401,2024-12-01
St. Thomas,109.7,104.4,.6370,69.6,5.30,55.0,51.2,18.6,18.4,24.1,32.2,26.3,40.3,-2.4,.3993,2024-12-01
Wake Forest,102.0,97.3,.6347,67.8,4.70,48.6,45.5,17.9,21.6,27.7,31.0,34.4,27.0,+0.6,.6405,2024-12-01
Middle Tennessee,112.0,106.8,.6338,69.4,5.20,50.8,49.8,16.9,17.5,34.5,29.5,34.5,38.0,-0.8,.5263,2024-12-01
Kent St.,99.9,95.3,.6317,65.0,4.60,42.3,45.2,17.3,19.5,34.1,27.6,32.5,43.9,-0.09,.427,2024-12-01
Elon,108.5,103.6,.6296,66.2,4.90,51.5,45.6,19.1,11.8,35.6,27.8,35.5,20.8,-1.5,.3679,2024-12-01
Minnesota,99.5,95.2,.6243,63.0,4.30,48.2,45.9,16.5,19.7,29.9,28.5,34.7,23.6,-1.7,.7119,2024-12-01
Arkansas St.,103.1,98.7,.6221,69.4,4.40,46.4,44.9,16.8,18.2,31.5,32.6,40.4,41.9,-1.5,.4412,2024-12-01
James Madison,112.3,107.6,.6211,68.0,4.70,52.6,56.0,18.7,15.3,35.2,19.5,26.7,40.4,-2.5,.4285,2024-12-01
Troy,105.1,100.8,.6173,69.2,4.30,53.1,51.3,23.9,21.0,37.5,31.7,34.4,23.5,-1.2,.424,2024-12-01
Oklahoma St.,108.6,104.4,.6125,73.5,4.20,48.9,56.5,13.8,21.5,33.2,25.0,44.4,38.8,-1.1,.7153,2024-12-01
Purdue Fort Wayne,115.3,111.0,.6063,68.7,4.30,54.7,54.5,13.3,21.0,28.2,34.5,28.9,29.1,-1.5,.3903,2024-12-01
Southern Utah,107.5,103.8,.6006,69.4,3.70,52.0,47.8,22.4,14.4,30.7,33.1,45.4,27.8,-0.44,.4208,2024-12-01
Louisiana Tech,109.0,105.4,.5941,67.9,3.60,54.0,46.9,17.4,15.5,28.9,31.0,38.1,26.7,-0.37,.4739,2024-12-01
Kennesaw St.,105.9,102.7,.5866,71.5,3.20,49.4,44.4,22.6,15.1,34.0,33.3,43.4,40.6,-1.7,.5198,2024-12-01
Wright St.,109.6,106.4,.5829,67.8,3.20,54.4,54.7,15.1,15.1,21.8,24.3,24.8,29.3,-2.3,.3872,2024-12-01
Illinois St.,108.6,105.5,.5827,68.0,3.10,54.5,51.9,15.4,15.7,20.7,24.3,36.4,33.1,-1.6,.4923,2024-12-01
Georgetown,104.2,101.3,.5806,70.7,2.90,52.3,46.0,17.5,23.3,36.9,30.6,25.5,22.9,-0.7,.6143,2024-12-01
Temple,108.2,105.3,.5754,71.3,2.90,50.7,44.5,15.6,14.9,30.8,34.9,45.9,32.3,-2.1,.4701,2024-12-01
Colorado St.,103.0,100.3,.5734,69.0,2.70,51.8,48.9,17.1,20.2,23.9,27.2,30.6,36.6,-1.6,.6265,2024-12-01
Miami FL,121.5,118.5,.5718,67.6,3.00,57.8,53.5,13.9,15.3,31.8,28.0,32.8,34.2,-2.6,.6354,2024-12-01
Boston College,104.1,101.7,.5675,68.7,2.40,48.6,47.3,17.6,17.4,34.0,26.7,34.9,35.4,-0.6,.6033,2024-12-01
High Point,113.5,111.1,.5618,65.2,2.40,57.4,47.0,16.9,16.3,29.5,33.4,45.0,30.8,-0.46,.3592,2024-12-01
Cal Poly,110.7,108.5,.5574,77.1,2.20,55.5,53.4,21.1,17.7,24.8,32.5,26.5,35.3,-1.1,.4761,2024-12-01
Texas A&M Corpus Chris,111.9,109.9,.5515,73.2,2.00,58.5,52.9,18.0,18.9,33.0,33.6,41.7,53.5,-1.1,.3903,2024-12-01
USC,107.3,105.5,.5481,68.7,1.80,52.7,53.2,15.6,19.7,24.3,30.6,34.1,32.2,-1.4,.7217,2024-12-01
George Washington,107.1,105.4,.5465,70.3,1.70,52.7,47.7,16.9,19.9,31.0,29.4,48.8,29.1,-0.19,.4552,2024-12-01
UTEP,99.8,98.3,.5461,70.0,1.50,46.9,52.6,17.9,29.0,24.7,34.5,39.6,52.6,-1.1,.5001,2024-12-01
North Florida,114.7,112.9,.5445,73.1,1.80,53.5,53.8,14.1,13.3,29.8,32.2,22.9,29.2,-0.6,.3911,2024-12-01
Loyola Chicago,106.7,105.1,.5433,70.7,1.60,52.4,42.4,14.4,19.5,34.0,30.9,39.7,38.6,+0.26,.5049,2024-12-01
North Dakota St.,113.4,111.9,.5390,64.6,1.50,55.7,52.7,16.6,10.8,25.7,30.3,26.4,26.7,-2.4,.4002,2024-12-01
Appalachian St.,101.4,100.1,.5373,64.6,1.30,50.7,47.4,19.9,14.0,29.9,31.6,36.4,21.3,-1.4,.3986,2024-12-01
Seton Hall,90.7,89.6,.5352,63.5,1.10,44.7,44.7,22.1,21.9,32.0,26.3,34.0,28.2,-2.5,.6845,2024-12-01
Norfolk St.,107.2,106.0,.5308,67.2,1.20,52.9,49.0,17.9,18.9,26.6,36.0,35.9,36.2,-1.5,.3327,2024-12-01
East Carolina,107.6,106.5,.5308,66.0,1.10,46.3,48.2,13.3,18.9,36.8,31.5,43.1,34.8,-0.39,.448,2024-12-01
Saint Louis,108.7,107.7,.5287,71.8,1.00,55.1,50.5,17.1,14.4,22.2,26.8,32.8,27.2,-1.1,.5481,2024-12-01
Illinois Chicago,110.6,109.5,.5277,73.8,1.10,53.9,55.9,20.3,15.1,32.8,26.3,35.2,39.6,-1.8,.4856,2024-12-01
Providence,103.0,102.1,.5241,65.2,0.90,50.6,45.5,18.4,15.9,37.8,21.7,35.2,37.4,-1.7,.6761,2024-12-01
Sam Houston St.,112.3,111.4,.5230,71.1,0.90,51.6,55.4,18.5,21.2,34.4,38.2,33.7,33.2,-1.9,.5233,2024-12-01
Southern Illinois,102.2,101.4,.5227,71.7,0.80,47.9,49.9,18.0,14.6,29.3,29.7,34.1,31.7,-3.1,.5026,2024-12-01
Texas St.,106.2,105.4,.5218,66.3,0.80,49.3,49.7,19.6,17.9,32.8,28.9,42.3,42.2,-1.7,.4021,2024-12-01
Rice,101.7,101.1,.5170,67.7,0.60,47.9,42.2,20.9,15.8,33.4,29.1,58.2,37.5,-1.0,.4357,2024-12-01
Grand Canyon,107.1,106.5,.5166,73.3,0.60,52.2,52.0,19.3,20.5,31.6,27.0,45.5,34.6,-1.1,.4181,2024-12-01
Georgia Tech,105.9,105.3,.5160,72.7,0.60,50.4,47.8,14.2,14.6,32.5,25.6,31.5,37.4,-2.1,.6067,2024-12-01
Milwaukee,107.0,106.4,.5160,69.3,0.60,50.7,51.9,20.2,16.7,38.6,27.3,36.0,34.7,-2.3,.3964,2024-12-01
Northeastern,103.0,102.6,.5117,68.7,0.40,53.0,47.5,17.2,17.8,24.7,28.5,28.9,27.8,-2.2,.3823,2024-12-01
Alabama St.,110.1,109.6,.5116,71.0,0.50,47.8,52.6,14.8,16.4,24.8,34.4,35.5,41.9,-1.7,.3406,2024-12-01
Syracuse,104.1,103.7,.5109,70.7,0.40,48.6,51.2,13.0,12.7,31.4,17.6,35.9,29.5,-0.5,.6539,2024-12-01
East Tennessee St.,107.3,107.0,.5084,67.3,0.30,53.1,50.4,15.3,19.0,40.2,28.5,30.9,36.2,-1.4,.368,2024-12-01
Ohio,107.6,107.4,.5056,70.8,0.20,51.2,55.5,15.4,19.4,26.2,30.6,34.2,37.9,-3.3,.4023,2024-12-01
Bryant,106.1,106.0,.5038,73.4,0.10,50.1,48.9,19.1,17.1,37.1,30.3,32.8,36.7,-2.9,.3335,2024-12-01
Idaho St.,100.3,100.2,.5020,65.9,0.10,42.7,50.0,19.1,18.8,38.6,25.2,32.8,37.1,-1.9,.376,2024-12-01
Florida Gulf Coast,103.3,103.3,.4990,65.5,0.00,50.9,48.5,17.7,16.1,25.6,29.4,16.9,32.0,-3.0,.3873,2024-12-01
Wofford,107.3,107.4,.4981,65.7,-0.10,52.1,52.5,20.1,14.0,33.2,31.5,21.9,36.3,-2.8,.4304,2024-12-01
Wyoming,100.7,100.7,.4978,68.9,0.00,47.5,47.3,21.2,13.7,37.1,25.7,43.2,34.6,-0.7,.5675,2024-12-01
South Florida,106.8,106.9,.4975,70.1,-0.10,51.7,50.5,16.5,15.7,27.1,27.6,38.2,36.8,-1.5,.4921,2024-12-01
Delaware,107.4,107.6,.4968,72.7,-0.20,52.3,49.2,17.1,16.5,22.9,34.2,37.0,30.8,-2.1,.3977,2024-12-01
Utah Valley,105.6,106.0,.4908,70.1,-0.40,52.1,51.3,20.8,15.6,35.7,23.0,44.8,39.1,-2.0,.4251,2024-12-01
Cal Baptist,109.5,109.9,.4908,67.7,-0.40,49.1,53.5,14.0,17.2,32.9,30.1,28.4,27.6,-2.5,.4513,2024-12-01
Radford,110.2,110.7,.4888,66.0,-0.50,51.1,50.8,17.4,16.2,34.9,28.8,42.6,34.7,-0.29,.4044,2024-12-01
Princeton,108.8,109.2,.4886,69.2,-0.40,54.9,53.8,14.0,19.5,23.4,28.0,30.5,32.1,-1.9,.4457,2024-12-01
UC Riverside,105.3,105.9,.4854,68.9,-0.60,47.0,52.4,16.2,14.2,31.0,31.1,27.8,30.9,-0.7,.4818,2024-12-01
Jacksonville,103.3,103.8,.4840,69.6,-0.50,49.2,55.7,21.8,20.0,35.5,29.7,25.3,38.1,-1.6,.3957,2024-12-01
Longwood,101.0,101.6,.4817,70.5,-0.60,46.9,52.0,19.4,22.6,31.3,32.9,49.2,27.6,-0.6,.3621,2024-12-01
Chattanooga,107.6,108.3,.4806,70.0,-0.70,50.0,50.5,16.7,15.3,27.5,31.0,36.8,34.6,-1.2,.429,2024-12-01
Miami OH,106.1,106.8,.4794,69.9,-0.70,54.2,55.2,19.0,22.1,28.9,29.2,20.8,30.4,-0.8,.3653,2024-12-01
UNC Greensboro,98.7,99.6,.4753,66.4,-0.90,44.1,45.0,16.9,17.7,32.8,31.8,33.0,35.1,-2.3,.3754,2024-12-01
Marshall,100.1,101.1,.4713,71.0,-1.00,47.3,48.4,17.7,18.8,33.3,27.3,43.6,57.5,-1.8,.3795,2024-12-01
Tulane,102.0,103.2,.4671,68.9,-1.20,48.1,46.2,16.2,17.1,30.6,30.1,36.1,33.6,-3.3,.4534,2024-12-01
Southern,101.5,102.7,.4668,70.2,-1.20,48.7,55.1,20.7,19.6,31.2,34.7,29.5,37.5,-2.1,.3192,2024-12-01
Virginia Tech,100.8,102.1,.4647,66.4,-1.30,47.4,50.8,21.6,19.7,37.2,28.7,40.8,34.5,-2.4,.6312,2024-12-01
UNC Wilmington,108.9,110.3,.4636,67.5,-1.40,46.8,51.6,15.1,17.5,34.2,31.2,50.7,35.0,-0.9,.3788,2024-12-01
Hofstra,100.4,101.7,.4629,65.6,-1.30,48.3,47.9,20.1,17.7,25.3,29.6,31.1,36.7,-0.9,.3873,2024-12-01
Towson,100.0,101.4,.4612,64.9,-1.40,42.6,49.1,15.7,17.6,33.5,30.2,33.1,38.0,-2.6,.428,2024-12-01
Charleston,102.4,103.9,.4605,72.5,-1.50,52.6,52.8,19.9,18.8,28.3,27.1,34.0,31.6,-1.1,.4158,2024-12-01
Cal St. Northridge,101.5,103.0,.4574,73.6,-1.50,52.3,47.0,18.3,20.5,30.7,23.1,40.7,51.2,-0.9,.4063,2024-12-01
Belmont,107.9,109.5,.4573,71.7,-1.60,55.6,52.4,16.1,17.3,27.6,26.1,24.4,21.6,-1.1,.4933,2024-12-01
Missouri St.,100.3,101.8,.4564,67.6,-1.50,48.0,52.1,19.2,20.6,34.1,27.0,42.3,42.7,-1.7,.4952,2024-12-01
Winthrop,99.1,101.3,.4363,74.9,-2.20,47.5,48.3,20.5,23.1,35.4,33.3,51.9,38.3,-1.8,.3661,2024-12-01
Jacksonville St.,106.2,108.8,.4308,66.6,-2.60,53.6,50.6,15.0,10.4,27.9,22.5,33.4,23.5,-2.5,.5011,2024-12-01
Gardner Webb,101.4,103.9,.4292,71.3,-2.50,52.1,49.8,23.3,15.0,33.7,29.3,30.3,30.1,-1.9,.4222,2024-12-01
Northern Iowa,104.1,106.8,.4280,67.4,-2.70,56.2,51.3,18.2,16.9,16.5,27.6,25.3,26.9,-2.8,.5146,2024-12-01
Montana,103.3,106.0,.4259,70.8,-2.70,48.5,50.5,19.9,15.0,27.5,34.1,40.7,34.7,-0.6,.4246,2024-12-01
Brown,105.3,108.1,.4252,66.2,-2.80,55.9,46.5,18.4,17.7,33.8,32.8,34.2,29.3,-2.7,.3934,2024-12-01
Georgia Southern,97.8,100.5,.4237,75.6,-2.70,52.3,48.4,22.6,20.7,28.6,30.1,31.7,53.8,-1.6,.3791,2024-12-01
East Texas A&M,98.5,101.3,.4186,69.7,-2.80,47.8,55.3,24.7,18.0,28.0,34.1,26.8,34.7,-4.0,.4767,2024-12-01
North Alabama,103.5,106.6,.4171,69.4,-3.10,49.2,56.3,14.3,21.0,27.8,33.2,25.0,28.5,-2.4,.3454,2024-12-01
Army,108.6,111.8,.4165,69.2,-3.20,51.6,51.7,15.1,12.8,27.7,32.5,28.2,23.4,-1.8,.2902,2024-12-01
Austin Peay,96.6,99.5,.4165,66.1,-2.90,45.4,52.0,15.2,19.6,24.4,32.3,28.6,40.7,-2.1,.4039,2024-12-01
Cornell,106.2,109.4,.4151,74.0,-3.20,53.3,47.7,19.5,16.2,27.4,35.6,35.7,39.1,-2.1,.397,2024-12-01
William & Mary,108.5,112.0,.4112,74.2,-3.50,52.9,54.1,20.0,17.3,31.1,31.5,37.2,42.2,-3.8,.391,2024-12-01
Southeast Missouri St.,97.4,100.6,.4070,74.0,-3.20,48.7,46.5,14.5,18.0,22.7,30.8,24.8,51.0,-2.6,.297,2024-12-01
Southeastern Louisiana,96.0,99.2,.4060,69.4,-3.20,48.7,49.3,20.2,20.9,27.2,35.2,26.4,40.4,-2.5,.4032,2024-12-01
Abilene Christian,102.4,105.9,.4054,67.6,-3.50,49.5,56.8,18.5,22.4,27.1,24.5,46.8,57.7,-1.9,.4227,2024-12-01
UNC Asheville,106.9,110.6,.4042,67.0,-3.70,48.5,51.8,16.2,14.6,34.8,34.4,27.8,37.8,-1.5,.3571,2024-12-01
Loyola Marymount,97.7,101.1,.4034,69.3,-3.40,46.4,49.0,13.1,17.4,24.4,26.9,21.9,25.0,-2.1,.5381,2024-12-01
Eastern Washington,107.2,111.0,.4027,69.5,-3.80,50.9,58.9,17.9,21.4,28.2,36.2,29.8,38.5,-4.3,.4393,2024-12-01
UAB,109.0,112.8,.4023,71.3,-3.80,49.3,52.9,14.9,15.6,38.7,27.4,30.9,32.4,-3.9,.4945,2024-12-01
Vermont,98.6,102.1,.4010,65.4,-3.50,48.1,48.7,19.5,17.8,23.4,32.9,30.9,28.6,-2.2,.3179,2024-12-01
Little Rock,97.0,100.4,.4010,68.4,-3.40,47.1,46.8,21.3,21.1,27.2,38.4,31.6,45.3,-1.5,.3141,2024-12-01
Tennessee Tech,105.1,108.9,.4008,69.1,-3.80,51.4,50.7,17.1,17.3,23.0,41.9,21.6,21.7,-1.9,.3074,2024-12-01
Toledo,108.0,111.9,.4001,71.6,-3.90,51.6,55.7,12.7,16.1,23.9,29.9,29.1,22.4,-1.5,.4396,2024-12-01
Northwestern St.,98.1,101.7,.3985,66.5,-3.60,48.4,49.6,21.0,15.8,31.3,30.3,23.2,39.2,-2.7,.4701,2024-12-01
Hawaii,106.6,110.5,.3984,65.7,-3.90,50.7,47.3,16.3,11.5,33.1,25.9,52.6,47.1,-0.43,.4257,2024-12-01
Drexel,105.9,109.8,.3974,64.4,-3.90,53.9,49.2,17.9,12.9,34.8,27.3,22.1,26.4,-2.3,.3608,2024-12-01
New Mexico St.,100.2,104.0,.3966,68.4,-3.80,42.9,45.6,17.0,12.4,37.4,28.9,36.7,53.7,-2.8,.4946,2024-12-01
Maine,97.0,100.7,.3948,68.6,-3.70,48.8,50.2,16.3,22.0,23.5,31.3,22.7,33.3,-2.3,.3016,2024-12-01
SIU Edwardsville,98.1,101.9,.3916,67.5,-3.80,46.8,50.7,18.6,16.4,33.7,30.2,20.7,39.4,-2.2,.2972,2024-12-01
UMass Lowell,108.9,113.3,.3881,72.4,-4.40,51.4,51.0,20.1,15.8,26.8,35.8,40.3,28.9,-2.1,.3011,2024-12-01
Stephen F. Austin,90.2,94.1,.3832,66.1,-3.90,48.1,44.7,27.4,21.1,38.3,30.9,35.2,36.4,-1.8,.4193,2024-12-01
American,104.9,109.5,.3771,64.8,-4.60,51.9,52.9,19.7,15.5,25.1,31.5,30.7,42.1,-2.4,.3072,2024-12-01
Sacred Heart,105.3,110.1,.3754,70.1,-4.80,50.2,54.3,17.3,18.6,26.8,28.3,24.8,38.7,-3.5,.3092,2024-12-01
South Alabama,101.8,106.6,.3715,64.7,-4.80,51.3,49.4,15.1,18.8,25.6,27.4,34.2,19.9,-1.8,.3912,2024-12-01
San Jose St.,105.1,110.0,.3715,65.4,-4.90,48.5,53.2,16.4,16.2,29.0,28.1,38.3,31.3,-3.7,.5488,2024-12-01
Robert Morris,96.3,101.3,.3588,69.3,-5.00,45.8,50.2,19.6,17.1,32.6,20.4,38.5,33.1,-1.6,.3709,2024-12-01
Georgia St.,101.9,107.8,.3431,70.6,-5.90,48.9,52.3,18.7,12.4,29.7,28.7,37.8,26.4,-2.0,.4135,2024-12-01
Quinnipiac,99.3,105.1,.3421,71.9,-5.80,42.9,51.3,17.8,19.2,32.2,36.1,27.1,31.4,-3.1,.3197,2024-12-01
South Dakota,109.1,115.6,.3399,75.7,-6.50,49.3,54.1,14.6,17.7,33.5,36.9,39.3,29.1,-1.6,.4084,2024-12-01
Merrimack,94.7,100.3,.3399,67.1,-5.60,45.1,49.1,17.8,21.9,21.7,38.2,24.2,39.5,-3.5,.3713,2024-12-01
Saint Peter's,101.5,107.6,.3369,64.3,-6.10,50.7,47.0,22.0,15.3,36.1,32.2,34.3,52.5,-2.0,.303,2024-12-01
Rider,97.1,103.0,.3359,65.6,-5.90,45.7,49.8,21.4,14.4,34.3,29.3,33.4,27.5,-1.6,.3412,2024-12-01
Fordham,100.8,107.0,.3340,70.2,-6.20,48.0,54.0,18.8,19.7,29.0,30.4,30.7,34.1,-3.0,.5111,2024-12-01
Portland St.,103.8,110.4,.3292,72.7,-6.60,50.0,57.3,19.4,21.2,34.8,35.7,37.4,33.0,-1.9,.3543,2024-12-01
Green Bay,105.7,112.6,.3276,72.5,-6.90,53.5,55.3,17.1,17.0,16.2,33.3,32.2,32.8,-4.1,.4405,2024-12-01
Stonehill,99.9,106.5,.3261,66.8,-6.60,49.9,49.2,19.3,18.3,23.5,35.5,30.4,35.8,-3.0,.2849,2024-12-01
Weber St.,100.3,106.8,.3251,68.1,-6.50,46.2,51.5,18.1,17.2,28.3,29.7,36.7,45.3,-2.7,.4012,2024-12-01
Hampton,99.2,105.7,.3250,65.1,-6.50,42.9,54.3,17.3,19.9,34.9,33.6,28.5,44.3,-3.2,.3899,2024-12-01
Charlotte,105.3,112.2,.3245,66.9,-6.90,47.7,53.1,13.7,14.5,26.9,31.8,50.6,34.3,-2.1,.4707,2024-12-01
Oakland,95.2,101.6,.3220,63.7,-6.40,46.8,52.1,17.3,14.6,26.3,29.4,22.6,26.0,-1.6,.4644,2024-12-01
Indiana St.,106.6,113.9,.3199,74.7,-7.30,57.5,51.9,21.2,17.2,26.5,27.6,29.4,37.9,-3.1,.4743,2024-12-01
Evansville,101.4,108.3,.3191,70.9,-6.90,49.4,53.7,18.8,17.1,21.6,28.6,30.9,39.6,-2.3,.5091,2024-12-01
Nicholls St.,101.6,108.6,.3176,69.4,-7.00,44.0,47.5,16.1,12.2,31.5,32.5,27.0,41.2,-2.2,.4314,2024-12-01
Southern Indiana,101.9,108.9,.3167,67.8,-7.00,52.6,51.8,18.4,17.4,27.2,31.0,35.0,42.5,-3.0,.2949,2024-12-01
Siena,100.6,107.7,.3140,65.4,-7.10,47.5,52.0,20.4,18.7,30.7,33.6,40.2,33.3,-2.5,.3379,2024-12-01
Massachusetts,101.9,109.1,.3134,71.7,-7.20,46.1,49.1,16.0,17.3,36.0,31.8,35.4,36.1,-3.5,.5032,2024-12-01
Albany,103.0,110.4,.3114,69.9,-7.40,47.3,57.3,15.1,21.8,27.5,28.3,36.3,43.2,-2.1,.2988,2024-12-01
Central Connecticut,93.7,100.4,.3099,65.7,-6.70,46.4,50.7,17.6,19.9,25.5,27.3,27.2,20.2,-1.9,.2395,2024-12-01
Coastal Carolina,97.6,104.7,.3096,63.7,-7.10,51.6,43.5,19.7,10.3,27.2,25.0,32.1,45.5,-3.2,.3566,2024-12-01
UC Davis,94.7,101.7,.3057,73.2,-7.00,46.4,50.6,21.5,20.3,23.6,34.1,40.4,45.8,-2.1,.4385,2024-12-01
Northern Arizona,103.8,111.5,.3053,66.6,-7.70,47.6,53.7,17.2,14.7,37.6,28.6,23.4,31.2,-1.2,.3352,2024-12-01
Presbyterian,103.0,110.8,.3019,65.9,-7.80,51.9,52.8,18.0,17.8,30.7,30.9,30.9,31.3,-2.8,.3825,2024-12-01
UT Arlington,106.5,114.5,.3016,71.9,-8.00,52.5,53.8,19.1,14.1,29.7,27.9,35.5,42.5,-3.8,.4272,2024-12-01
Richmond,97.7,105.1,.3014,67.2,-7.40,46.5,47.9,14.2,14.2,18.4,19.9,39.6,43.1,-3.4,.5102,2024-12-01
Marist,103.6,111.6,.2995,66.3,-8.00,52.2,52.1,15.6,16.3,27.1,23.5,26.1,33.3,-1.5,.2612,2024-12-01
Valparaiso,107.1,115.4,.2987,68.9,-8.30,45.1,55.1,13.8,17.7,31.3,28.0,40.8,31.0,-2.1,.4818,2024-12-01
Bethune Cookman,94.3,101.7,.2973,70.7,-7.40,46.2,50.1,18.1,18.9,23.1,37.1,26.2,30.9,-3.4,.3836,2024-12-01
Tennessee Martin,90.9,98.0,.2952,70.4,-7.10,39.9,49.2,21.7,18.3,33.1,34.2,27.7,34.9,-3.0,.2974,2024-12-01
Pacific,97.8,105.7,.2885,68.2,-7.90,47.7,49.5,19.7,14.3,31.2,24.7,34.1,38.1,-2.2,.5148,2024-12-01
Campbell,96.1,103.9,.2878,69.0,-7.80,48.1,56.3,18.8,18.1,19.5,20.8,31.3,34.9,-2.6,.3649,2024-12-01
Cal St. Fullerton,97.1,105.1,.2866,65.7,-8.00,42.0,51.7,20.3,18.0,26.3,37.5,38.8,38.4,-3.1,.4733,2024-12-01
Mount St. Mary's,96.6,104.6,.2845,67.7,-8.00,47.9,49.5,22.2,15.3,28.7,30.6,35.9,27.3,-0.47,.3349,2024-12-01
Bowling Green,102.3,110.9,.2828,70.6,-8.60,49.1,51.5,16.0,18.0,23.0,30.9,30.5,34.6,-3.6,.3424,2024-12-01
Louisiana,108.3,117.4,.2824,69.5,-9.10,48.6,56.4,15.9,18.4,25.9,40.1,30.0,49.5,-4.8,.4394,2024-12-01
Duquesne,96.4,104.7,.2783,68.9,-8.30,47.4,53.2,18.7,20.8,28.3,29.0,35.0,42.2,-5.0,.5184,2024-12-01
Nebraska Omaha,103.8,112.8,.2768,68.6,-9.00,48.1,54.1,18.4,14.9,28.9,26.8,35.1,34.8,-4.4,.438,2024-12-01
Eastern Michigan,98.4,107.1,.2745,68.9,-8.70,49.1,51.2,18.4,19.9,29.3,31.3,32.8,37.8,-2.1,.3843,2024-12-01
Cal St. Bakersfield,102.9,112.0,.2726,65.4,-9.10,47.8,51.2,17.3,18.1,35.9,27.8,31.3,47.5,-3.1,.4185,2024-12-01
Utah Tech,98.7,107.6,.2697,69.7,-8.90,43.8,52.0,14.9,17.8,24.5,35.6,35.7,37.3,-5.0,.4583,2024-12-01
Incarnate Word,111.5,121.6,.2695,67.4,-10.10,56.5,54.7,14.4,15.9,33.2,30.4,27.5,40.1,-2.3,.3609,2024-12-01
Eastern Illinois,97.4,106.5,.2638,68.0,-9.10,44.3,53.2,18.0,18.0,24.0,33.2,28.9,43.2,-2.4,.3379,2024-12-01
North Dakota,98.1,107.3,.2630,70.7,-9.20,43.5,51.5,21.6,14.2,33.5,29.9,30.3,31.1,-2.4,.4507,2024-12-01
Tulsa,99.6,109.2,.2574,69.8,-9.60,47.1,50.2,15.1,17.6,29.3,32.9,38.9,35.7,-3.2,.4496,2024-12-01
Oral Roberts,106.1,116.5,.2554,70.6,-10.40,48.1,61.6,19.8,15.2,27.6,29.8,28.8,38.9,-3.3,.4463,2024-12-01
UTSA,104.0,114.1,.2551,73.8,-10.10,45.7,54.9,20.6,19.2,34.2,31.1,34.2,40.0,-2.0,.4879,2024-12-01
Idaho,106.1,116.5,.2550,66.8,-10.40,51.2,56.6,19.8,16.4,30.5,33.3,30.3,33.9,-3.6,.4023,2024-12-01
Holy Cross,104.8,115.1,.2538,65.6,-10.30,50.1,55.7,17.5,15.1,25.8,28.6,25.3,28.1,-2.1,.3087,2024-12-01
Pepperdine,99.5,109.3,.2524,69.9,-9.80,47.4,48.7,19.9,13.9,25.0,27.7,37.5,31.9,-3.6,.5322,2024-12-01
Boston University,97.2,107.0,.2478,66.0,-9.80,48.9,49.1,22.3,17.2,31.4,25.1,29.3,31.1,-3.8,.2814,2024-12-01
Niagara,100.7,110.9,.2474,65.5,-10.20,48.9,51.2,18.0,16.2,20.8,29.8,29.6,28.4,-3.5,.301,2024-12-01
Bucknell,95.7,105.5,.2467,69.3,-9.80,50.9,49.3,20.1,16.6,25.9,30.1,39.4,34.3,-2.9,.3308,2024-12-01
Lafayette,96.5,106.4,.2439,67.6,-9.90,46.1,47.8,15.2,17.2,24.7,32.9,34.3,40.1,-3.6,.2902,2024-12-01
Western Michigan,98.1,108.3,.2428,67.7,-10.20,44.0,49.9,13.9,13.7,36.0,24.2,38.1,31.5,-3.2,.4117,2024-12-01
Sacramento St.,95.5,105.5,.2415,66.2,-10.00,48.9,48.4,22.1,17.6,28.1,29.2,30.4,50.5,-3.7,.377,2024-12-01
Iona,96.2,106.3,.2392,70.4,-10.10,44.0,56.6,23.4,22.9,40.8,28.6,32.8,39.2,-5.5,.3195,2024-12-01
Lamar,101.3,112.1,.2385,68.5,-10.80,45.1,54.1,20.5,16.4,34.9,36.1,42.5,41.8,-3.5,.4342,2024-12-01
Texas Southern,98.8,109.3,.2379,71.2,-10.50,42.9,53.2,18.9,15.3,28.9,35.3,32.8,42.1,-3.2,.3325,2024-12-01
Mercer,102.2,113.2,.2362,72.6,-11.00,52.0,55.0,22.1,18.0,27.7,34.3,24.7,40.1,-2.6,.3885,2024-12-01
South Carolina St.,94.7,104.9,.2346,69.9,-10.20,44.9,50.1,19.9,21.3,31.1,35.3,38.0,45.4,-3.3,.2836,2024-12-01
Harvard,99.6,110.4,.2341,68.1,-10.80,48.9,51.5,17.8,16.6,24.7,31.8,23.7,23.3,-4.2,.4055,2024-12-01
Northern Kentucky,94.3,104.7,.2310,67.7,-10.40,45.2,54.2,18.9,19.6,28.6,29.1,29.3,25.0,-3.1,.4077,2024-12-01
Howard,103.2,114.7,.2299,68.3,-11.50,51.6,57.2,21.8,15.9,27.3,26.9,28.4,39.8,-3.1,.3127,2024-12-01
North Carolina Central,104.3,116.2,.2241,67.4,-11.90,48.7,59.5,17.2,23.4,30.8,42.2,32.4,49.7,-4.5,.299,2024-12-01
Loyola MD,96.9,108.0,.2233,68.2,-11.10,46.9,50.2,18.4,17.2,30.8,30.9,21.9,31.5,-2.0,.2819,2024-12-01
Air Force,100.1,111.5,.2229,63.3,-11.40,54.0,51.4,18.8,15.6,25.3,27.8,37.0,31.8,-5.1,.592,2024-12-01
Tennessee St.,100.3,111.8,.2228,73.4,-11.50,49.4,53.6,19.1,17.5,35.2,33.2,37.0,38.7,-4.5,.28,2024-12-01
Detroit Mercy,95.8,106.9,.2211,68.8,-11.10,46.2,51.4,19.2,15.4,33.7,23.9,33.3,38.2,-3.6,.4245,2024-12-01
FIU,91.6,102.2,.2208,70.3,-10.60,44.4,49.2,16.8,21.2,27.2,28.1,36.1,47.7,-4.3,.4698,2024-12-01
Saint Francis,98.3,109.7,.2204,71.2,-11.40,48.6,54.5,21.3,17.6,26.1,31.5,22.4,33.3,-3.4,.3223,2024-12-01
Central Arkansas,98.4,109.9,.2204,67.5,-11.50,45.7,54.0,18.3,16.4,24.7,34.3,29.9,26.6,-3.1,.3906,2024-12-01
UMBC,104.2,116.3,.2202,71.1,-12.10,53.2,53.4,15.5,20.7,23.8,34.0,35.8,32.8,-3.3,.2982,2024-12-01
Morehead St.,98.2,109.6,.2201,67.5,-11.40,45.1,52.2,21.0,12.5,27.7,27.9,47.2,35.3,-1.9,.311,2024-12-01
Queens,94.5,105.5,.2187,72.1,-11.00,44.6,52.2,17.6,18.5,27.6,37.9,27.5,30.2,-2.1,.3752,2024-12-01
Le Moyne,97.2,108.6,.2186,71.1,-11.40,48.9,51.8,21.1,16.6,22.7,38.7,38.3,37.8,-3.8,.3199,2024-12-01
Colgate,98.4,110.4,.2115,67.4,-12.00,50.1,52.7,16.1,15.0,20.8,28.0,13.5,25.4,-4.3,.3477,2024-12-01
Denver,96.1,107.9,.2104,70.4,-11.80,45.0,52.3,19.7,16.2,25.1,29.8,34.2,45.5,-4.1,.4249,2024-12-01
Monmouth,99.1,111.3,.2084,69.0,-12.20,44.1,53.9,18.9,17.6,32.2,33.1,30.7,45.9,-5.7,.4272,2024-12-01
Fresno St.,92.4,103.8,.2078,75.4,-11.40,45.2,49.7,17.4,19.9,29.6,32.3,37.0,24.6,-3.1,.5989,2024-12-01
USC Upstate,103.0,116.2,.2008,75.6,-13.20,49.2,59.1,19.3,13.8,25.9,30.8,30.6,38.7,-5.8,.4117,2024-12-01
North Carolina A&T,101.2,114.1,.2000,75.0,-12.90,48.8,51.5,14.1,18.8,23.1,33.0,30.6,30.7,-2.9,.3998,2024-12-01
Navy,101.2,114.3,.1984,70.2,-13.10,45.8,53.1,15.6,19.0,31.9,32.0,33.0,43.8,-5.1,.281,2024-12-01
Houston Christian,98.2,111.1,.1944,65.5,-12.90,44.7,57.8,15.0,17.1,25.6,29.5,25.8,32.0,-4.3,.4322,2024-12-01
Cleveland St.,91.0,103.1,.1928,68.7,-12.10,42.5,54.4,22.7,24.9,34.3,32.6,32.1,40.5,-2.8,.377,2024-12-01
Western Illinois,100.5,114.3,.1858,64.7,-13.80,49.9,54.1,18.4,13.2,29.6,26.3,26.6,31.2,-2.8,.2857,2024-12-01
Bellarmine,101.9,116.0,.1842,68.8,-14.10,53.0,56.8,21.1,14.9,19.8,28.1,31.5,31.9,-4.1,.3652,2024-12-01
Manhattan,100.8,115.0,.1808,70.1,-14.20,47.2,54.5,17.2,15.6,30.9,29.9,28.8,25.7,-2.6,.2981,2024-12-01
Youngstown St.,88.8,101.5,.1767,69.9,-12.70,41.1,48.2,17.0,19.1,27.6,33.5,36.9,38.6,-3.7,.3631,2024-12-01
San Diego,90.2,103.3,.1735,74.3,-13.10,46.4,48.0,20.7,22.0,29.3,33.6,33.9,34.1,-3.8,.5065,2024-12-01
New Orleans,96.1,110.1,.1725,71.7,-14.00,44.9,52.7,19.3,19.3,30.4,37.6,34.4,31.5,-2.9,.5295,2024-12-01
LIU,97.6,111.9,.1714,67.4,-14.30,46.4,53.2,18.9,16.5,29.3,28.7,32.3,56.1,-5.4,.2604,2024-12-01
Ball St.,93.5,107.5,.1673,68.6,-14.00,45.5,49.3,15.7,14.5,19.2,28.7,50.9,45.3,-4.1,.324,2024-12-01
Charleston Southern,96.0,110.5,.1657,70.6,-14.50,47.0,56.6,21.0,13.8,31.7,28.5,36.5,30.6,-4.8,.4392,2024-12-01
Fairfield,97.3,112.2,.1632,67.0,-14.90,42.0,54.5,14.4,18.6,30.9,30.0,30.8,35.9,-2.8,.3244,2024-12-01
Southern Miss,97.9,113.2,.1582,72.4,-15.30,48.6,56.3,19.9,18.6,27.0,32.1,36.5,36.0,-2.9,.4163,2024-12-01
Portland,94.9,109.9,.1571,71.7,-15.00,46.9,52.6,18.2,11.6,19.4,23.1,33.9,23.3,-3.7,.4938,2024-12-01
VMI,97.0,112.3,.1560,69.4,-15.30,46.6,55.5,18.4,16.8,27.8,31.2,33.3,26.5,-3.7,.36,2024-12-01
Buffalo,100.0,116.2,.1508,72.5,-16.20,51.5,52.5,17.6,14.6,21.1,32.1,36.6,23.3,-2.7,.4002,2024-12-01
Louisiana Monroe,92.6,107.8,.1475,68.6,-15.20,44.3,53.9,19.4,17.5,27.5,29.4,30.1,26.4,-4.6,.3878,2024-12-01
IU Indy,103.0,120.0,.1469,66.8,-17.00,45.5,56.6,17.3,15.8,27.2,30.8,36.8,41.6,-3.3,.3704,2024-12-01
Binghamton,97.7,114.3,.1416,65.6,-16.60,51.9,49.4,21.8,12.8,23.7,32.8,31.8,36.9,-4.7,.2783,2024-12-01
Lindenwood,93.2,109.3,.1382,69.5,-16.10,43.4,56.1,18.1,20.7,29.7,34.4,27.6,34.2,-3.1,.3077,2024-12-01
The Citadel,92.9,108.9,.1379,67.0,-16.00,47.7,47.5,20.5,15.0,32.7,26.4,24.4,41.9,-2.7,.3442,2024-12-01
Lehigh,103.2,121.5,.1327,68.2,-18.30,49.8,55.6,15.8,12.6,17.9,37.4,30.4,28.2,-3.0,.3125,2024-12-01
UMKC,89.3,105.1,.1319,69.0,-15.80,40.4,53.0,21.2,17.7,26.6,30.1,31.4,33.7,-3.1,.4043,2024-12-01
Fairleigh Dickinson,103.4,121.9,.1315,72.1,-18.50,50.2,55.2,18.7,14.0,28.1,38.1,28.7,34.4,-4.3,.3067,2024-12-01
Western Carolina,86.6,102.2,.1297,75.0,-15.60,42.1,53.5,25.3,17.4,28.0,29.4,19.4,30.1,-2.2,.412,2024-12-01
Long Beach St.,93.4,110.3,.1291,64.7,-16.90,44.2,52.4,23.7,15.5,30.1,36.4,28.6,40.4,-5.8,.4506,2024-12-01
Dartmouth,96.4,113.9,.1280,73.3,-17.50,48.3,54.6,16.6,14.4,20.0,24.3,39.5,30.0,-2.5,.3622,2024-12-01
Mercyhurst,96.1,114.0,.1227,63.6,-17.90,46.5,58.5,17.2,21.7,23.2,38.3,28.9,39.3,-3.5,.2744,2024-12-01
West Georgia,93.1,110.6,.1203,69.1,-17.50,44.2,56.6,18.9,17.8,27.8,31.7,24.3,32.4,-6.7,.4013,2024-12-01
Penn,100.9,120.2,.1178,66.0,-19.30,45.6,53.3,16.6,14.7,33.4,35.4,41.3,25.9,-3.9,.4568,2024-12-01
NJIT,93.8,112.1,.1142,66.1,-18.30,45.3,51.2,20.6,14.0,29.0,34.2,27.7,44.4,-6.3,.3224,2024-12-01
Prairie View A&M,104.1,124.7,.1107,76.6,-20.60,45.9,60.4,14.0,17.6,25.9,44.4,35.4,42.2,-4.1,.3778,2024-12-01
Jackson St.,91.2,109.8,.1055,72.0,-18.60,40.4,61.7,21.8,14.6,27.0,27.3,30.0,22.6,-2.8,.4048,2024-12-01
Florida A&M,99.4,120.2,.1014,70.2,-20.80,44.0,57.2,23.2,10.7,25.0,37.4,34.1,33.0,-1.4,.3594,2024-12-01
Old Dominion,93.8,113.4,.1009,70.0,-19.60,43.5,54.7,19.9,15.2,33.7,35.8,24.5,36.7,-4.2,.3925,2024-12-01
Canisius,101.6,123.8,.0939,67.5,-22.20,48.0,57.5,20.3,14.3,21.0,37.5,20.0,33.9,-5.5,.3834,2024-12-01
Maryland Eastern Shore,98.7,120.5,.0917,69.3,-21.80,41.3,56.9,18.1,12.0,21.8,37.4,31.0,33.4,-5.3,.357,2024-12-01
Northern Illinois,90.1,110.4,.0877,71.5,-20.30,43.4,52.5,17.7,17.1,18.2,29.6,34.8,45.0,-4.7,.3776,2024-12-01
Morgan St.,94.5,115.8,.0875,71.9,-21.30,48.5,52.5,19.9,17.8,33.2,30.6,29.6,47.5,-5.6,.2727,2024-12-01
Alcorn St.,91.4,113.1,.0793,66.0,-21.70,37.6,58.4,22.0,16.4,33.5,38.4,23.9,36.5,-4.4,.3845,2024-12-01
Chicago St.,89.3,111.3,.0731,71.1,-22.00,39.9,54.1,19.6,17.4,24.0,38.1,26.7,40.0,-6.0,.4207,2024-12-01
Tarleton St.,87.6,109.4,.0723,68.2,-21.80,45.4,57.0,29.7,20.7,25.8,39.0,40.3,41.3,-4.1,.4662,2024-12-01
Alabama A&M,90.8,113.3,.0723,72.8,-22.50,40.6,56.2,19.8,22.8,32.2,39.5,37.4,47.9,-3.9,.2814,2024-12-01
Wagner,80.3,100.7,.0684,61.8,-20.40,36.4,52.9,22.5,20.2,27.6,28.8,16.7,45.2,-2.0,.2454,2024-12-01
Stetson,94.2,118.4,.0677,70.4,-24.20,51.1,52.9,21.0,12.8,26.5,35.6,33.7,24.3,-4.9,.3582,2024-12-01
Arkansas Pine Bluff,101.2,128.4,.0612,74.3,-27.20,49.8,61.5,23.1,13.6,24.4,43.1,23.2,38.1,-4.5,.3188,2024-12-01
Delaware St.,90.2,115.2,.0565,69.0,-25.00,40.6,55.7,17.4,18.2,30.0,37.6,29.5,36.9,-3.5,.2683,2024-12-01
Stony Brook,93.6,119.6,.0561,68.2,-26.00,42.4,60.7,18.1,14.5,27.4,33.5,31.9,26.8,-4.1,.3926,2024-12-01
New Hampshire,87.7,114.6,.0438,68.5,-26.90,45.3,53.9,20.7,16.0,24.7,34.4,28.7,32.5,-7.5,.3207,2024-12-01
Coppin St.,81.6,113.5,.0219,69.5,-31.90,38.4,59.7,20.6,17.2,26.5,30.7,28.4,36.9,-5.4,.3823,2024-12-01
Mississippi Valley St.,86.5,121.1,.0207,65.2,-34.60,37.8,59.2,26.8,13.1,22.4,43.6,24.1,45.8,-2.5,.4002,2024-12-01