label,date,fvg_tf,fvg_dir,fvg_low,fvg_high,fvg_size,nine_low,nine_high,bias,fvg_distance_from_9am,outcome,peak,min_after_ret,react_mfe_up,react_mae_dn,ret_ts,trough,max_after_ret,react_mfe_dn,react_mae_up
10AM_FVG,2025-05-05,5,bullish,20092.5,20096.25,3.75,19985.25,20071.25,1,21.25,HIT_9AM,20191.25,20044.75,18.75,40.0,2025-05-05 11:00:00-04:00,,,,
10AM_FVG,2025-05-13,5,bullish,21148.5,21151.0,2.5,20973.25,21132.0,1,16.5,NO_RETRACE,21347.0,,,,,,,,
10AM_FVG,2025-05-13,5,bullish,21180.75,21195.5,14.75,20973.25,21132.0,1,48.75,HELD_AT_FVG,21347.0,21186.5,84.5,22.0,2025-05-13 10:30:00-04:00,,,,
10AM_FVG,2025-05-13,5,bullish,21220.25,21235.75,15.5,20973.25,21132.0,1,88.25,HELD_AT_FVG,21347.0,21230.75,66.0,6.5,2025-05-13 11:05:00-04:00,,,,
10AM_FVG,2025-05-19,5,bullish,21405.0,21411.25,6.25,21154.0,21375.0,1,30.0,BROKE_FVG_HELD_9AM,21545.5,21376.25,30.0,28.75,2025-05-19 10:26:00-04:00,,,,
10AM_FVG,2025-05-21,5,bullish,21424.5,21447.0,22.5,21261.0,21405.0,1,19.5,PIERCED_9AM,21558.5,21071.75,1.0,311.0,2025-05-21 13:12:00-04:00,,,,
10AM_FVG,2025-05-27,5,bullish,21343.0,21344.0,1.0,21193.25,21316.0,1,27.0,NO_RETRACE,21488.25,,,,,,,,
10AM_FVG,2025-06-03,5,bullish,21615.75,21625.5,9.75,21510.0,21606.0,1,9.75,NO_RETRACE,21759.75,,,,,,,,
10AM_FVG,2025-06-03,5,bullish,21636.5,21638.75,2.25,21510.0,21606.0,1,30.5,BROKE_FVG_HELD_9AM,21759.75,21635.0,75.0,8.75,2025-06-03 14:10:00-04:00,,,,
10AM_FVG,2025-06-03,5,bullish,21648.75,21660.5,11.75,21510.0,21606.0,1,42.75,BROKE_FVG_HELD_9AM,21759.75,21635.0,34.75,6.25,2025-06-03 11:07:00-04:00,,,,
10AM_FVG,2025-06-12,5,bullish,21903.0,21907.5,4.5,21816.0,21892.0,1,11.0,HIT_9AM,21977.5,21881.75,68.5,27.25,2025-06-12 10:25:00-04:00,,,,
10AM_FVG,2025-06-12,5,bullish,21927.5,21934.0,6.5,21816.0,21892.0,1,35.5,HIT_9AM,21977.5,21881.75,43.5,52.25,2025-06-12 10:51:00-04:00,,,,
10AM_FVG,2025-06-16,5,bullish,21969.5,21970.25,0.75,21790.25,21944.75,1,24.75,HIT_9AM,21996.5,21910.5,28.0,21.5,2025-06-16 10:36:00-04:00,,,,
10AM_FVG,2025-06-18,5,bullish,21816.25,21817.5,1.25,21703.5,21801.5,1,14.75,PIERCED_9AM,21872.75,21660.0,32.25,22.25,2025-06-18 11:43:00-04:00,,,,
10AM_FVG,2025-06-18,5,bullish,21828.75,21829.25,0.5,21703.5,21801.5,1,27.25,PIERCED_9AM,21872.75,21660.0,17.25,37.25,2025-06-18 11:17:00-04:00,,,,
10AM_FVG,2025-06-18,5,bullish,21839.5,21839.75,0.25,21703.5,21801.5,1,38.0,PIERCED_9AM,21872.75,21660.0,20.0,26.5,2025-06-18 10:52:00-04:00,,,,
10AM_FVG,2025-06-27,5,bullish,22786.0,22793.25,7.25,22682.0,22770.25,1,15.75,PIERCED_9AM,22820.0,22600.0,26.75,45.25,2025-06-27 10:46:00-04:00,,,,
10AM_FVG,2025-07-01,5,bearish,22724.25,22733.5,9.25,22779.75,22835.0,-1,46.25,BROKE_FVG_HELD_9AM,,,,,2025-07-01 12:52:00-04:00,22593.75,22762.5,29.0,24.75
10AM_FVG,2025-07-02,5,bullish,22737.0,22740.25,3.25,22602.5,22728.75,1,8.25,NO_RETRACE,22858.75,,,,,,,,
10AM_FVG,2025-07-02,5,bullish,22745.0,22753.75,8.75,22602.5,22728.75,1,16.25,NO_RETRACE,22858.75,,,,,,,,
10AM_FVG,2025-07-02,5,bullish,22768.75,22789.5,20.75,22602.5,22728.75,1,40.0,HELD_AT_FVG,22858.75,22772.25,71.25,4.25,2025-07-02 10:44:00-04:00,,,,
10AM_FVG,2025-07-03,5,bullish,23039.5,23047.5,8.0,22890.75,23004.75,1,34.75,BROKE_FVG_HELD_9AM,23101.25,23028.0,22.75,13.0,2025-07-03 10:15:00-04:00,,,,
10AM_FVG,2025-07-14,5,bullish,22982.0,22984.75,2.75,22842.5,22979.0,1,3.0,NO_RETRACE,23067.75,,,,,,,,
10AM_FVG,2025-07-17,5,bullish,23180.0,23183.25,3.25,23065.75,23158.5,1,21.5,HELD_AT_FVG,23281.0,23181.25,62.5,6.25,2025-07-17 10:55:00-04:00,,,,
10AM_FVG,2025-07-31,5,bearish,23576.25,23585.0,8.75,23608.25,23804.75,-1,23.25,HIT_9AM,,,,,2025-07-31 11:03:00-04:00,23305.75,23617.0,90.0,19.75
10AM_FVG,2025-08-06,5,bullish,23262.25,23264.5,2.25,23148.75,23245.0,1,17.25,BROKE_FVG_HELD_9AM,23444.75,23258.25,125.0,1.75,2025-08-06 11:05:00-04:00,,,,
10AM_FVG,2025-08-08,5,bullish,23669.75,23673.5,3.75,23521.5,23649.0,1,20.75,HIT_9AM,23724.5,23612.0,13.75,64.0,2025-08-08 10:42:00-04:00,,,,
10AM_FVG,2025-08-08,5,bullish,23686.5,23687.25,0.75,23521.5,23649.0,1,37.5,HIT_9AM,23724.5,23612.0,15.5,67.0,2025-08-08 10:41:00-04:00,,,,
10AM_FVG,2025-08-13,5,bearish,23978.25,23984.5,6.25,24005.0,24069.0,-1,20.5,NO_RETRACE,,,,,,23886.0,,,
10AM_FVG,2025-08-13,5,bearish,23968.0,23970.25,2.25,24005.0,24069.0,-1,34.75,BROKE_FVG_HELD_9AM,,,,,2025-08-13 10:37:00-04:00,23886.0,23973.25,70.0,11.0
10AM_FVG,2025-08-19,5,bearish,23597.0,23598.0,1.0,23639.25,23770.75,-1,41.25,BROKE_FVG_HELD_9AM,,,,,2025-08-19 10:56:00-04:00,23425.25,23600.0,79.0,7.0
10AM_FVG,2025-08-19,5,bearish,23551.0,23567.0,16.0,23639.25,23770.75,-1,72.25,BROKE_FVG_HELD_9AM,,,,,2025-08-19 11:05:00-04:00,23425.25,23590.0,21.75,42.75
10AM_FVG,2025-08-22,5,bullish,23536.0,23541.25,5.25,23206.25,23343.0,1,193.0,BROKE_FVG_HELD_9AM,23650.0,23492.25,108.5,49.25,2025-08-22 10:21:00-04:00,,,,
10AM_FVG,2025-08-26,5,bullish,23530.0,23535.0,5.0,23426.75,23518.5,1,11.5,HIT_9AM,23600.0,23479.0,13.0,35.0,2025-08-26 10:32:00-04:00,,,,
10AM_FVG,2025-08-29,5,bearish,23472.75,23480.75,8.0,23507.0,23670.5,-1,26.25,HIT_9AM,,,,,2025-08-29 10:20:00-04:00,23401.5,23515.75,68.75,33.5
10AM_FVG,2025-08-29,5,bearish,23452.75,23469.0,16.25,23507.0,23670.5,-1,38.0,BROKE_FVG_HELD_9AM,,,,,2025-08-29 10:56:00-04:00,23401.5,23498.5,22.75,62.25
10AM_FVG,2025-09-05,5,bearish,23803.0,23805.25,2.25,23821.5,23902.5,-1,16.25,NO_RETRACE,,,,,,23505.0,,,
10AM_FVG,2025-09-05,5,bearish,23763.5,23783.0,19.5,23821.5,23902.5,-1,38.5,NO_RETRACE,,,,,,23505.0,,,
10AM_FVG,2025-09-05,5,bearish,23733.25,23754.75,21.5,23821.5,23902.5,-1,66.75,NO_RETRACE,,,,,,23505.0,,,
10AM_FVG,2025-09-05,5,bearish,23686.75,23692.0,5.25,23821.5,23902.5,-1,129.5,BROKE_FVG_HELD_9AM,,,,,2025-09-05 15:16:00-04:00,23505.0,23693.75,42.75,9.75
10AM_FVG,2025-09-05,5,bearish,23560.75,23563.0,2.25,23821.5,23902.5,-1,258.5,BROKE_FVG_HELD_9AM,,,,,2025-09-05 11:07:00-04:00,23505.0,23693.75,22.75,141.25
10AM_FVG,2025-09-09,5,bearish,23761.75,23798.0,36.25,23800.25,23857.75,-1,2.25,PIERCED_9AM,,,,,2025-09-09 10:45:00-04:00,23726.5,23887.75,26.0,44.25
10AM_FVG,2025-09-11,5,bullish,23999.25,24006.0,6.75,23909.75,23997.75,1,1.5,HIT_9AM,24048.75,23975.25,46.75,26.75,2025-09-11 10:45:00-04:00,,,,
10AM_FVG,2025-09-12,5,bullish,24076.5,24076.75,0.25,24002.0,24063.5,1,13.0,BROKE_FVG_HELD_9AM,24159.0,24071.25,39.25,1.25,2025-09-12 10:40:00-04:00,,,,
10AM_FVG,2025-09-12,5,bullish,24087.25,24091.0,3.75,24002.0,24063.5,1,23.75,BROKE_FVG_HELD_9AM,24159.0,24071.25,15.0,18.5,2025-09-12 11:03:00-04:00,,,,
10AM_FVG,2025-09-12,5,bullish,24096.5,24100.25,3.75,24002.0,24063.5,1,33.0,BROKE_FVG_HELD_9AM,24159.0,24071.25,12.5,22.25,2025-09-12 11:02:00-04:00,,,,
10AM_FVG,2025-09-18,5,bullish,24482.5,24497.25,14.75,24355.75,24469.0,1,13.5,HIT_9AM,24569.25,24451.0,75.5,13.75,2025-09-18 10:57:00-04:00,,,,
10AM_FVG,2025-09-22,5,bullish,24905.0,24908.0,3.0,24783.75,24880.5,1,24.5,BROKE_FVG_HELD_9AM,25027.25,24897.5,42.75,12.75,2025-09-22 11:12:00-04:00,,,,
10AM_FVG,2025-09-22,5,bullish,24909.0,24913.5,4.5,24783.75,24880.5,1,28.5,BROKE_FVG_HELD_9AM,25027.25,24897.5,14.75,17.75,2025-09-22 11:06:00-04:00,,,,
10AM_FVG,2025-10-01,5,bullish,24860.0,24871.25,11.25,24726.0,24841.5,1,18.5,NO_RETRACE,25037.0,,,,,,,,
10AM_FVG,2025-10-01,5,bullish,24893.0,24893.75,0.75,24726.0,24841.5,1,51.5,BROKE_FVG_HELD_9AM,25037.0,24876.0,42.75,14.75,2025-10-01 10:40:00-04:00,,,,
10AM_FVG,2025-10-09,5,bearish,25233.5,25247.25,13.75,25250.0,25337.25,-1,2.75,HIT_9AM,,,,,2025-10-09 10:49:00-04:00,25160.75,25295.5,34.75,42.0
10AM_FVG,2025-10-20,5,bullish,25250.0,25266.25,16.25,25114.75,25239.5,1,10.5,HELD_AT_FVG,25355.0,25265.0,54.75,13.25,2025-10-20 10:35:00-04:00,,,,
10AM_FVG,2025-10-20,5,bullish,25289.25,25294.75,5.5,25114.75,25239.5,1,49.75,BROKE_FVG_HELD_9AM,25355.0,25289.25,54.5,1.75,2025-10-20 11:14:00-04:00,,,,
10AM_FVG,2025-10-27,5,bullish,25869.5,25871.5,2.0,25796.25,25859.75,1,9.75,HIT_9AM,25981.5,25850.0,39.0,19.75,2025-10-27 10:48:00-04:00,,,,
10AM_FVG,2025-11-03,5,bearish,26112.0,26118.75,6.75,26119.5,26265.75,-1,0.75,HIT_9AM,,,,,2025-11-03 10:58:00-05:00,26012.75,26166.0,68.0,16.25
10AM_FVG,2025-11-03,5,bearish,26044.0,26082.25,38.25,26119.5,26265.75,-1,37.25,HIT_9AM,,,,,2025-11-03 10:37:00-05:00,26012.75,26166.0,20.0,71.25
10AM_FVG,2025-11-06,5,bearish,25447.5,25501.0,53.5,25509.5,25774.25,-1,8.5,NO_RETRACE,,,,,,25197.25,,,
10AM_FVG,2025-11-06,5,bearish,25373.0,25436.25,63.25,25509.5,25774.25,-1,73.25,BROKE_FVG_HELD_9AM,,,,,2025-11-06 14:05:00-05:00,25197.25,25438.75,36.75,46.5
10AM_FVG,2025-11-07,5,bearish,24913.5,24916.0,2.5,24917.5,25124.25,-1,1.5,PIERCED_9AM,,,,,2025-11-07 13:25:00-05:00,24709.0,25173.0,54.25,53.5
10AM_FVG,2025-11-14,5,bullish,25027.25,25057.25,30.0,24626.0,24970.5,1,56.75,NO_RETRACE,25293.5,,,,,,,,
10AM_FVG,2025-11-14,5,bullish,25079.75,25085.25,5.5,24626.0,24970.5,1,109.25,BROKE_FVG_HELD_9AM,25293.5,25069.25,191.75,7.0,2025-11-14 11:05:00-05:00,,,,
10AM_FVG,2025-11-14,5,bullish,25099.0,25122.0,23.0,24626.0,24970.5,1,128.5,BROKE_FVG_HELD_9AM,25293.5,25069.25,152.5,46.25,2025-11-14 10:55:00-05:00,,,,
10AM_FVG,2025-11-21,5,bearish,24023.25,24029.5,6.25,24101.0,24298.25,-1,71.5,PIERCED_9AM,,,,,2025-11-21 10:44:00-05:00,23930.0,24596.5,94.75,207.5
10AM_FVG,2025-11-24,5,bullish,24761.25,24776.75,15.5,24494.75,24722.25,1,39.0,HELD_AT_FVG,24993.25,24761.5,125.75,3.0,2025-11-24 10:55:00-05:00,,,,
10AM_FVG,2025-12-02,5,bullish,25626.75,25645.0,18.25,25471.25,25613.0,1,13.75,PIERCED_9AM,25664.0,25413.75,13.25,237.0,2025-12-02 10:58:00-05:00,,,,
10AM_FVG,2025-12-05,5,bullish,25818.5,25829.5,11.0,25611.25,25803.25,1,15.25,HIT_9AM,25867.75,25651.0,20.25,158.25,2025-12-05 10:20:00-05:00,,,,
10AM_FVG,2025-12-05,5,bullish,25838.0,25838.25,0.25,25611.25,25803.25,1,34.75,HIT_9AM,25861.75,25651.0,20.25,158.25,2025-12-05 10:20:00-05:00,,,,
10AM_FVG,2025-12-08,5,bearish,25705.5,25720.0,14.5,25722.0,25860.75,-1,2.0,HIT_9AM,,,,,2025-12-08 10:31:00-05:00,25563.75,25724.25,82.0,20.0
10AM_FVG,2025-12-08,5,bearish,25663.0,25665.5,2.5,25722.0,25860.75,-1,56.5,BROKE_FVG_HELD_9AM,,,,,2025-12-08 11:10:00-05:00,25563.75,25696.5,41.25,27.5
10AM_FVG,2025-12-09,5,bullish,25679.0,25680.5,1.5,25560.0,25653.25,1,25.75,BROKE_FVG_HELD_9AM,25738.5,25667.0,47.5,18.5,2025-12-09 11:07:00-05:00,,,,
10AM_FVG,2025-12-12,5,bearish,25472.25,25479.25,7.0,25501.5,25632.5,-1,22.25,NO_RETRACE,,,,,,25117.75,,,
10AM_FVG,2025-12-12,5,bearish,25385.25,25412.25,27.0,25501.5,25632.5,-1,89.25,HELD_AT_FVG,,,,,2025-12-12 10:45:00-05:00,25117.75,25401.5,269.5,14.25
10AM_FVG,2025-12-12,5,bearish,25336.75,25366.5,29.75,25501.5,25632.5,-1,135.0,BROKE_FVG_HELD_9AM,,,,,2025-12-12 13:12:00-05:00,25117.75,25368.25,93.25,20.75
10AM_FVG,2025-12-12,5,bearish,25278.0,25330.0,52.0,25501.5,25632.5,-1,171.5,BROKE_FVG_HELD_9AM,,,,,2025-12-12 12:17:00-05:00,25117.75,25368.25,89.0,86.5
10AM_FVG,2025-12-15,5,bearish,25092.0,25126.0,34.0,25213.75,25410.0,-1,87.75,HIT_9AM,,,,,2025-12-15 10:31:00-05:00,25055.0,25266.75,30.75,159.5
10AM_FVG,2025-12-15,5,bearish,25158.25,25163.75,5.5,25213.75,25410.0,-1,50.0,HIT_9AM,,,,,2025-12-15 11:00:00-05:00,25079.0,25266.75,26.25,121.75
10AM_FVG,2025-12-17,5,bearish,24930.5,24953.0,22.5,25010.5,25240.5,-1,57.5,NO_RETRACE,,,,,,24658.75,,,
10AM_FVG,2025-12-17,5,bearish,24863.0,24870.5,7.5,25010.5,25240.5,-1,140.0,BROKE_FVG_HELD_9AM,,,,,2025-12-17 11:04:00-05:00,24658.75,24893.0,102.0,35.0
10AM_FVG,2025-12-18,5,bullish,25103.75,25106.5,2.75,24928.25,25095.25,1,8.5,HIT_9AM,25178.25,24953.5,26.75,147.0,2025-12-18 12:05:00-05:00,,,,
10AM_FVG,2025-12-18,5,bullish,25130.25,25134.5,4.25,24928.25,25095.25,1,35.0,HIT_9AM,25178.25,24953.5,32.75,36.5,2025-12-18 10:46:00-05:00,,,,
10AM_FVG,2025-12-31,5,bearish,25569.25,25576.0,6.75,25581.75,25718.25,-1,5.75,HIT_9AM,,,,,2025-12-31 11:15:00-05:00,25444.5,25634.75,7.0,38.25
10AM_FVG,2026-01-13,5,bearish,25884.5,25896.0,11.5,25930.75,26043.0,-1,34.75,HIT_9AM,,,,,2026-01-13 10:54:00-05:00,25803.25,26026.0,39.75,129.25
10AM_FVG,2026-01-13,5,bearish,25848.25,25862.75,14.5,25930.75,26043.0,-1,68.0,HIT_9AM,,,,,2026-01-13 10:33:00-05:00,25803.25,26026.0,44.75,91.0
10AM_FVG,2026-01-14,5,bearish,25499.75,25548.75,49.0,25578.25,25791.25,-1,29.5,HIT_9AM,,,,,2026-01-14 10:55:00-05:00,25421.25,25644.0,53.5,98.5
10AM_FVG,2026-01-16,5,bearish,25658.0,25662.75,4.75,25726.25,25891.25,-1,63.5,HIT_9AM,,,,,2026-01-16 10:55:00-05:00,25590.25,25753.25,15.5,93.5
10AM_FVG,2026-01-16,5,bearish,25634.5,25646.25,11.75,25726.25,25891.25,-1,80.0,HIT_9AM,,,,,2026-01-16 10:51:00-05:00,25600.25,25753.25,18.0,122.0
10AM_FVG,2026-01-21,5,bullish,25363.5,25377.75,14.25,25072.25,25339.75,1,23.75,HIT_9AM,25653.25,25142.75,26.5,218.25,2026-01-21 11:37:00-05:00,,,,
10AM_FVG,2026-01-21,5,bullish,25387.25,25408.25,21.0,25072.25,25339.75,1,47.5,HIT_9AM,25653.25,25142.75,29.75,243.0,2026-01-21 11:36:00-05:00,,,,
10AM_FVG,2026-01-21,5,bullish,25425.75,25430.75,5.0,25072.25,25339.75,1,86.0,HIT_9AM,25653.25,25142.75,8.0,290.5,2026-01-21 11:32:00-05:00,,,,
10AM_FVG,2026-01-21,5,bullish,25450.5,25452.0,1.5,25072.25,25339.75,1,110.75,HIT_9AM,25653.25,25142.75,33.25,259.0,2026-01-21 11:05:00-05:00,,,,
10AM_FVG,2026-01-21,5,bullish,25460.75,25462.75,2.0,25072.25,25339.75,1,121.0,HIT_9AM,25653.25,25142.75,30.75,233.0,2026-01-21 10:56:00-05:00,,,,
10AM_FVG,2026-01-23,5,bullish,25709.75,25734.5,24.75,25556.75,25674.0,1,35.75,BROKE_FVG_HELD_9AM,25845.5,25682.75,33.5,47.75,2026-01-23 12:43:00-05:00,,,,
10AM_FVG,2026-01-23,5,bullish,25764.75,25768.0,3.25,25556.75,25674.0,1,90.75,BROKE_FVG_HELD_9AM,25845.5,25682.75,76.5,8.25,2026-01-23 10:40:00-05:00,,,,
10AM_FVG,2026-01-23,5,bullish,25786.0,25796.75,10.75,25556.75,25674.0,1,112.0,BROKE_FVG_HELD_9AM,25845.5,25682.75,32.75,35.0,2026-01-23 11:27:00-05:00,,,,
10AM_FVG,2026-01-23,5,bullish,25821.5,25825.25,3.75,25556.75,25674.0,1,147.5,BROKE_FVG_HELD_9AM,25844.5,25682.75,19.5,64.25,2026-01-23 11:05:00-05:00,,,,
10AM_FVG,2026-01-26,5,bullish,25867.0,25869.25,2.25,25704.25,25853.5,1,13.5,HIT_9AM,25932.75,25840.25,37.5,40.0,2026-01-26 11:00:00-05:00,,,,
10AM_FVG,2026-01-26,5,bullish,25874.0,25874.5,0.5,25704.25,25853.5,1,20.5,HIT_9AM,25932.75,25840.25,37.5,40.0,2026-01-26 11:00:00-05:00,,,,
10AM_FVG,2026-01-27,5,bullish,26076.0,26077.25,1.25,25917.25,26061.0,1,15.0,HIT_9AM,26114.5,26036.75,31.0,12.75,2026-01-27 10:50:00-05:00,,,,
10AM_FVG,2026-01-29,5,bearish,25707.25,25725.75,18.5,25858.25,26197.0,-1,132.5,HIT_9AM,,,,,2026-01-29 11:20:00-05:00,25536.0,26020.0,45.0,117.25
10AM_FVG,2026-01-29,5,bearish,25660.75,25684.75,24.0,25858.25,26197.0,-1,173.5,HIT_9AM,,,,,2026-01-29 11:14:00-05:00,25536.0,26020.0,20.75,147.0
10AM_FVG,2026-01-29,5,bearish,25643.5,25654.25,10.75,25858.25,26197.0,-1,204.0,HIT_9AM,,,,,2026-01-29 11:13:00-05:00,25536.0,26020.0,28.75,154.75
10AM_FVG,2026-01-29,5,bearish,25602.75,25609.0,6.25,25858.25,26197.0,-1,249.25,HIT_9AM,,,,,2026-01-29 10:56:00-05:00,25536.0,26020.0,68.0,133.75
10AM_FVG,2026-02-02,5,bullish,25836.25,25856.75,20.5,25519.5,25799.25,1,37.0,BROKE_FVG_HELD_9AM,25949.0,25803.25,55.25,48.75,2026-02-02 10:30:00-05:00,,,,
10AM_FVG,2026-02-02,5,bullish,25878.0,25883.75,5.75,25519.5,25799.25,1,78.75,BROKE_FVG_HELD_9AM,25949.0,25803.25,28.5,75.5,2026-02-02 10:27:00-05:00,,,,
10AM_FVG,2026-02-09,5,bullish,25213.0,25213.5,0.5,24955.5,25188.5,1,24.5,HIT_9AM,25429.0,25166.0,134.0,41.5,2026-02-09 10:24:00-05:00,,,,
10AM_FVG,2026-02-09,5,bullish,25212.75,25240.75,28.0,24955.5,25188.5,1,24.25,NO_RETRACE,25429.0,,,,,,,,
10AM_FVG,2026-02-09,5,bullish,25265.5,25277.0,11.5,24955.5,25188.5,1,77.0,NO_RETRACE,25429.0,,,,,,,,
10AM_FVG,2026-02-09,5,bullish,25300.0,25308.0,8.0,24955.5,25188.5,1,111.5,HELD_AT_FVG,25429.0,25305.5,90.25,12.5,2026-02-09 11:06:00-05:00,,,,
10AM_FVG,2026-02-11,5,bearish,25248.0,25272.25,24.25,25290.0,25465.5,-1,17.75,HIT_9AM,,,,,2026-02-11 10:53:00-05:00,25058.0,25360.75,66.5,33.75
10AM_FVG,2026-02-11,5,bearish,25195.0,25235.5,40.5,25290.0,25465.5,-1,54.5,HIT_9AM,,,,,2026-02-11 10:45:00-05:00,25058.0,25360.75,49.5,92.75
10AM_FVG,2026-02-11,5,bearish,25140.5,25142.0,1.5,25290.0,25465.5,-1,148.0,HIT_9AM,,,,,2026-02-11 10:35:00-05:00,25058.0,25360.75,40.25,124.5
10AM_FVG,2026-02-11,5,bearish,25120.75,25126.25,5.5,25290.0,25465.5,-1,163.75,HIT_9AM,,,,,2026-02-11 10:31:00-05:00,25067.75,25360.75,32.25,151.75
10AM_FVG,2026-02-12,5,bearish,25141.75,25176.5,34.75,25186.25,25400.25,-1,9.75,NO_RETRACE,,,,,,24721.5,,,
10AM_FVG,2026-02-12,5,bearish,25113.75,25125.25,11.5,25186.25,25400.25,-1,61.0,HELD_AT_FVG,,,,,2026-02-12 10:51:00-05:00,24721.5,25121.25,309.0,6.75
10AM_FVG,2026-02-12,5,bearish,25062.25,25078.5,16.25,25186.25,25400.25,-1,107.75,NO_RETRACE,,,,,,24721.5,,,
10AM_FVG,2026-02-12,5,bearish,25032.25,25051.5,19.25,25186.25,25400.25,-1,134.75,NO_RETRACE,,,,,,24721.5,,,
10AM_FVG,2026-02-20,5,bullish,25015.75,25025.75,10.0,24677.0,24958.0,1,57.75,HIT_9AM,25139.75,24879.25,104.5,91.5,2026-02-20 11:17:00-05:00,,,,
10AM_FVG,2026-02-23,5,bearish,24780.75,24813.0,32.25,24857.5,25040.0,-1,44.5,BROKE_FVG_HELD_9AM,,,,,2026-02-23 11:30:00-05:00,24667.75,24820.5,52.5,12.0
10AM_FVG,2026-02-23,5,bearish,24757.5,24772.5,15.0,24857.5,25040.0,-1,85.0,BROKE_FVG_HELD_9AM,,,,,2026-02-23 11:27:00-05:00,24667.75,24820.5,36.5,28.0
10AM_FVG,2026-02-26,5,bearish,25067.5,25141.5,74.0,25182.5,25398.75,-1,41.0,HELD_AT_FVG,,,,,2026-02-26 11:16:00-05:00,24862.0,25099.0,115.5,17.25
10AM_FVG,2026-02-26,5,bearish,24983.0,25064.25,81.25,25182.5,25398.75,-1,118.25,BROKE_FVG_HELD_9AM,,,,,2026-02-26 10:40:00-05:00,24862.0,25099.0,15.25,111.75
10AM_FVG,2026-03-03,5,bearish,24402.0,24427.75,25.75,24455.75,24661.0,-1,28.0,PIERCED_9AM,,,,,2026-03-03 10:31:00-05:00,24356.25,24850.25,54.5,214.75
10AM_FVG,2026-03-04,5,bullish,25010.0,25022.0,12.0,24813.5,24970.5,1,39.5,NO_RETRACE,25217.0,,,,,,,,
10AM_FVG,2026-03-04,5,bullish,25036.0,25074.75,38.75,24813.5,24970.5,1,65.5,HELD_AT_FVG,25217.0,25037.0,82.0,39.25,2026-03-04 10:40:00-05:00,,,,
10AM_FVG,2026-03-04,5,bullish,25094.0,25112.5,18.5,24813.5,24970.5,1,123.5,BROKE_FVG_HELD_9AM,25217.0,25037.0,43.25,78.0,2026-03-04 10:35:00-05:00,,,,
10AM_FVG,2026-03-04,5,bullish,25068.75,25078.5,9.75,24813.5,24970.5,1,98.25,BROKE_FVG_HELD_9AM,25217.0,25051.25,105.0,19.0,2026-03-04 11:12:00-05:00,,,,
10AM_FVG,2026-03-04,5,bullish,25086.5,25126.75,40.25,24813.5,24970.5,1,116.0,BROKE_FVG_HELD_9AM,25217.0,25051.25,58.0,66.0,2026-03-04 11:05:00-05:00,,,,
10AM_FVG,2026-03-06,5,bullish,24828.75,24844.5,15.75,24611.75,24742.5,1,86.25,PIERCED_9AM,24921.0,24605.0,51.75,95.5,2026-03-06 10:41:00-05:00,,,,
10AM_FVG,2026-03-06,5,bullish,24806.25,24848.75,42.5,24611.75,24742.5,1,63.75,PIERCED_9AM,24921.0,24605.0,65.25,64.75,2026-03-06 11:07:00-05:00,,,,
10AM_FVG,2026-04-02,5,bullish,23964.75,23966.0,1.25,23678.0,23907.75,1,57.0,BROKE_FVG_HELD_9AM,24267.75,23931.75,314.75,21.25,2026-04-02 10:25:00-04:00,,,,
10AM_FVG,2026-04-02,5,bullish,23982.75,24015.0,32.25,23678.0,23907.75,1,75.0,NO_RETRACE,24225.75,,,,,,,,
10AM_FVG,2026-04-02,5,bullish,24032.5,24122.5,90.0,23678.0,23907.75,1,124.75,HELD_AT_FVG,24225.75,24057.75,95.5,34.75,2026-04-02 10:49:00-04:00,,,,
10AM_FVG,2026-04-07,5,bearish,24044.25,24070.5,26.25,24118.0,24303.25,-1,47.5,PIERCED_9AM,,,,,2026-04-07 10:15:00-04:00,23941.5,24380.75,104.75,99.75
10AM_FVG,2026-04-07,5,bearish,24063.75,24065.5,1.75,24118.0,24303.25,-1,52.5,PIERCED_9AM,,,,,2026-04-07 11:15:00-04:00,23941.5,24380.75,74.0,166.5
10AM_FVG,2026-04-07,5,bearish,24015.5,24048.0,32.5,24118.0,24303.25,-1,70.0,PIERCED_9AM,,,,,2026-04-07 11:11:00-04:00,23941.5,24380.75,23.5,228.25
10AM_FVG,2026-04-15,5,bullish,26107.75,26115.75,8.0,25979.75,26073.5,1,34.25,BROKE_FVG_HELD_9AM,26377.25,26103.0,90.25,4.75,2026-04-15 10:39:00-04:00,,,,
10AM_FVG,2026-04-15,5,bullish,26148.5,26153.0,4.5,25979.75,26073.5,1,75.0,BROKE_FVG_HELD_9AM,26377.25,26103.0,74.25,3.0,2026-04-15 11:07:00-04:00,,,,
10AM_FVG,2026-04-22,5,bullish,26907.5,26921.75,14.25,26807.75,26892.5,1,15.0,NO_RETRACE,27093.0,,,,,,,,
10AM_FVG,2026-04-22,5,bullish,26925.0,26940.75,15.75,26807.75,26892.5,1,32.5,HELD_AT_FVG,27093.0,26940.25,61.25,7.75,2026-04-22 11:04:00-04:00,,,,
10AM_FVG,2026-04-22,5,bullish,26946.75,26962.0,15.25,26807.75,26892.5,1,54.25,BROKE_FVG_HELD_9AM,27093.0,26940.25,44.0,25.0,2026-04-22 10:32:00-04:00,,,,
10AM_FVG,2025-05-13,15,bullish,21229.25,21230.75,1.5,20973.25,21132.0,1,97.25,NO_RETRACE,21347.0,,,,,,,,
10AM_FVG,2025-05-21,15,bullish,21417.25,21447.0,29.75,21261.0,21405.0,1,12.25,PIERCED_9AM,21558.5,21071.75,1.0,311.0,2025-05-21 13:12:00-04:00,,,,
10AM_FVG,2025-06-03,15,bullish,21621.25,21652.25,31.0,21510.0,21606.0,1,15.25,HELD_AT_FVG,21759.75,21635.0,75.0,8.75,2025-06-03 14:10:00-04:00,,,,
10AM_FVG,2025-06-18,15,bullish,21828.75,21840.5,11.75,21703.5,21801.5,1,27.25,PIERCED_9AM,21869.0,21660.0,20.0,26.5,2025-06-18 10:52:00-04:00,,,,
10AM_FVG,2025-07-01,15,bearish,22719.75,22748.5,28.75,22779.75,22835.0,-1,31.25,BROKE_FVG_HELD_9AM,,,,,2025-07-01 12:48:00-04:00,22593.75,22762.5,18.75,27.25
10AM_FVG,2025-07-02,15,bullish,22760.75,22772.25,11.5,22602.5,22728.75,1,32.0,NO_RETRACE,22858.75,,,,,,,,
10AM_FVG,2025-07-17,15,bullish,23180.0,23193.5,13.5,23065.75,23158.5,1,21.5,NO_RETRACE,23281.0,,,,,,,,
10AM_FVG,2025-07-18,15,bearish,23224.25,23225.0,0.75,23251.25,23320.5,-1,26.25,HIT_9AM,,,,,2025-07-18 10:45:00-04:00,23170.0,23253.0,47.0,10.25
10AM_FVG,2025-07-31,15,bearish,23584.5,23600.0,15.5,23608.25,23804.75,-1,8.25,HIT_9AM,,,,,2025-07-31 12:00:00-04:00,23305.75,23617.0,33.0,26.5
10AM_FVG,2025-08-13,15,bearish,23973.25,23977.0,3.75,24005.0,24069.0,-1,28.0,NO_RETRACE,,,,,,23886.0,,,
10AM_FVG,2025-08-19,15,bearish,23600.0,23622.75,22.75,23639.25,23770.75,-1,16.5,NO_RETRACE,,,,,,23425.25,,,
10AM_FVG,2025-09-05,15,bearish,23665.75,23754.75,89.0,23821.5,23902.5,-1,66.75,HELD_AT_FVG,,,,,2025-09-05 11:42:00-04:00,23505.0,23693.75,68.5,6.25
10AM_FVG,2025-09-05,15,bearish,23575.0,23589.25,14.25,23821.5,23902.5,-1,232.25,BROKE_FVG_HELD_9AM,,,,,2025-09-05 11:15:00-04:00,23560.75,23693.75,29.25,79.0
10AM_FVG,2025-09-12,15,bullish,24076.5,24079.25,2.75,24002.0,24063.5,1,13.0,BROKE_FVG_HELD_9AM,24159.0,24071.25,23.5,12.5,2025-09-12 11:22:00-04:00,,,,
10AM_FVG,2025-09-22,15,bullish,24889.0,24890.25,1.25,24783.75,24880.5,1,8.5,NO_RETRACE,25027.25,,,,,,,,
10AM_FVG,2025-09-22,15,bullish,24905.75,24913.5,7.75,24783.75,24880.5,1,25.25,BROKE_FVG_HELD_9AM,25027.25,24897.5,14.75,17.75,2025-09-22 11:06:00-04:00,,,,
10AM_FVG,2025-10-20,15,bullish,25253.0,25265.0,12.0,25114.75,25239.5,1,13.5,NO_RETRACE,25355.0,,,,,,,,
10AM_FVG,2025-10-20,15,bullish,25283.5,25294.75,11.25,25114.75,25239.5,1,44.0,HELD_AT_FVG,25355.0,25289.25,54.5,1.75,2025-10-20 11:14:00-04:00,,,,
10AM_FVG,2025-11-06,15,bearish,25364.25,25404.25,40.0,25509.5,25774.25,-1,105.25,BROKE_FVG_HELD_9AM,,,,,2025-11-06 11:05:00-05:00,25197.25,25438.75,156.25,12.75
10AM_FVG,2025-11-14,15,bullish,25028.25,25085.25,57.0,24626.0,24970.5,1,57.75,HELD_AT_FVG,25293.5,25069.25,191.75,7.0,2025-11-14 11:05:00-05:00,,,,
10AM_FVG,2025-11-24,15,bullish,24753.0,24761.5,8.5,24494.75,24722.25,1,30.75,NO_RETRACE,24993.25,,,,,,,,
10AM_FVG,2025-12-08,15,bearish,25666.25,25683.5,17.25,25722.0,25860.75,-1,38.5,BROKE_FVG_HELD_9AM,,,,,2025-12-08 11:23:00-05:00,25563.75,25696.5,63.75,5.0
10AM_FVG,2025-12-12,15,bearish,25384.0,25410.25,26.25,25501.5,25632.5,-1,91.25,HELD_AT_FVG,,,,,2025-12-12 10:45:00-05:00,25117.75,25401.5,269.5,14.25
10AM_FVG,2025-12-12,15,bearish,25278.0,25295.25,17.25,25501.5,25632.5,-1,206.25,BROKE_FVG_HELD_9AM,,,,,2025-12-12 12:17:00-05:00,25117.75,25368.25,89.0,86.5
10AM_FVG,2025-12-17,15,bearish,24893.0,24895.5,2.5,25010.5,25240.5,-1,115.0,NO_RETRACE,,,,,,24658.75,,,
10AM_FVG,2025-12-18,15,bullish,25103.75,25122.0,18.25,24928.25,25095.25,1,8.5,HIT_9AM,25178.25,24953.5,47.5,21.75,2025-12-18 11:00:00-05:00,,,,
10AM_FVG,2025-12-31,15,bearish,25569.0,25574.0,5.0,25581.75,25718.25,-1,7.75,HIT_9AM,,,,,2025-12-31 11:15:00-05:00,25444.5,25634.75,7.0,38.25
10AM_FVG,2026-01-07,15,bullish,25902.0,25903.0,1.0,25761.5,25880.0,1,22.0,HIT_9AM,25998.0,25814.25,87.5,23.0,2026-01-07 11:23:00-05:00,,,,
10AM_FVG,2026-01-13,15,bearish,25881.25,25892.5,11.25,25930.75,26043.0,-1,38.25,HIT_9AM,,,,,2026-01-13 10:54:00-05:00,25803.25,26026.0,39.75,129.25
10AM_FVG,2026-01-14,15,bearish,25536.5,25548.75,12.25,25578.25,25791.25,-1,29.5,HIT_9AM,,,,,2026-01-14 11:22:00-05:00,25421.25,25644.0,108.75,50.0
10AM_FVG,2026-01-16,15,bearish,25675.0,25709.25,34.25,25726.25,25891.25,-1,17.0,HIT_9AM,,,,,2026-01-16 10:59:00-05:00,25600.25,25753.25,20.25,72.5
10AM_FVG,2026-01-21,15,bullish,25342.0,25377.75,35.75,25072.25,25339.75,1,2.25,HIT_9AM,25653.25,25142.75,26.5,218.25,2026-01-21 11:37:00-05:00,,,,
10AM_FVG,2026-01-21,15,bullish,25387.25,25452.0,64.75,25072.25,25339.75,1,47.5,HIT_9AM,25653.25,25142.75,33.25,259.0,2026-01-21 11:05:00-05:00,,,,
10AM_FVG,2026-01-23,15,bullish,25719.5,25744.75,25.25,25556.75,25674.0,1,45.5,BROKE_FVG_HELD_9AM,25845.5,25682.75,29.0,52.25,2026-01-23 12:42:00-05:00,,,,
10AM_FVG,2026-01-23,15,bullish,25764.75,25771.0,6.25,25556.75,25674.0,1,90.75,BROKE_FVG_HELD_9AM,25845.5,25682.75,61.5,6.25,2026-01-23 11:32:00-05:00,,,,
10AM_FVG,2026-01-23,15,bullish,25786.0,25804.75,18.75,25556.75,25674.0,1,112.0,BROKE_FVG_HELD_9AM,25829.75,25682.75,32.75,35.0,2026-01-23 11:27:00-05:00,,,,
10AM_FVG,2026-01-28,15,bearish,26191.5,26207.25,15.75,26213.5,26305.25,-1,6.25,BROKE_FVG_HELD_9AM,,,,,2026-01-28 11:07:00-05:00,26100.75,26212.0,85.5,12.5
10AM_FVG,2026-01-29,15,bearish,25643.5,25720.0,76.5,25858.25,26197.0,-1,138.25,HIT_9AM,,,,,2026-01-29 11:13:00-05:00,25537.75,26020.0,28.75,154.75
10AM_FVG,2026-02-09,15,bullish,25254.25,25257.0,2.75,24955.5,25188.5,1,65.75,NO_RETRACE,25429.0,,,,,,,,
10AM_FVG,2026-02-09,15,bullish,25275.5,25305.5,30.0,24955.5,25188.5,1,87.0,NO_RETRACE,25429.0,,,,,,,,
10AM_FVG,2026-02-12,15,bearish,25032.25,25081.75,49.5,25186.25,25400.25,-1,104.5,NO_RETRACE,,,,,,24721.5,,,
10AM_FVG,2026-02-20,15,bullish,25068.0,25070.25,2.25,24677.0,24958.0,1,110.0,HIT_9AM,25130.0,24879.25,85.0,103.0,2026-02-20 11:15:00-05:00,,,,
10AM_FVG,2026-02-23,15,bearish,24757.5,24817.0,59.5,24857.5,25040.0,-1,40.5,BROKE_FVG_HELD_9AM,,,,,2026-02-23 11:27:00-05:00,24668.25,24820.5,36.5,28.0
10AM_FVG,2026-02-26,15,bearish,25000.5,25064.25,63.75,25182.5,25398.75,-1,118.25,BROKE_FVG_HELD_9AM,,,,,2026-02-26 10:45:00-05:00,24888.75,25099.0,36.5,69.75
10AM_FVG,2026-03-04,15,bullish,25010.0,25060.75,50.75,24813.5,24970.5,1,39.5,HELD_AT_FVG,25217.0,25037.0,122.75,8.25,2026-03-04 10:45:00-05:00,,,,
10AM_FVG,2026-03-06,15,bullish,24796.25,24810.0,13.75,24611.75,24742.5,1,53.75,PIERCED_9AM,24921.0,24605.0,84.25,63.0,2026-03-06 10:46:00-05:00,,,,
10AM_FVG,2026-04-01,15,bullish,24244.25,24251.75,7.5,24036.25,24194.5,1,49.75,HIT_9AM,24349.0,24124.75,68.75,33.0,2026-04-01 11:28:00-04:00,,,,
10AM_FVG,2026-04-02,15,bullish,24006.0,24084.0,78.0,23678.0,23907.75,1,98.25,HELD_AT_FVG,24225.75,24057.75,91.5,27.75,2026-04-02 12:08:00-04:00,,,,
10AM_FVG,2026-04-07,15,bearish,24020.0,24059.25,39.25,24118.0,24303.25,-1,58.75,PIERCED_9AM,,,,,2026-04-07 11:15:00-04:00,23997.25,24380.75,74.0,166.5
10AM_FVG,2026-04-08,15,bearish,25039.0,25049.25,10.25,25065.0,25251.75,-1,15.75,HIT_9AM,,,,,2026-04-08 11:03:00-04:00,24943.25,25157.5,54.25,83.5
10AM_FVG,2026-04-14,15,bullish,25777.5,25780.0,2.5,25639.5,25763.75,1,13.75,HIT_9AM,26002.75,25762.5,121.0,16.25,2026-04-14 11:05:00-04:00,,,,
10AM_FVG,2026-04-15,15,bullish,26093.75,26106.75,13.0,25979.75,26073.5,1,20.25,HELD_AT_FVG,26377.25,26103.0,100.0,16.75,2026-04-15 12:56:00-04:00,,,,
10AM_FVG,2026-04-15,15,bullish,26135.0,26136.5,1.5,25979.75,26073.5,1,61.5,BROKE_FVG_HELD_9AM,26377.25,26103.0,86.5,30.25,2026-04-15 12:47:00-04:00,,,,
10AM_FVG,2026-04-22,15,bullish,26925.0,26944.5,19.5,26807.75,26892.5,1,32.5,HELD_AT_FVG,27093.0,26940.25,60.75,8.25,2026-04-22 11:01:00-04:00,,,,
