date,nine_open,nine_high,nine_low,nine_close,nine_range,n45_open,n45_high,n45_low,n45_close,n45_range,1h_L0,1h_L25,1h_L50,1h_L75,1h_L100,5m_L0,5m_L25,5m_L50,5m_L75,5m_L100,ten_open,bias_dir,above_50_at_10,continuation,chop_score,close_10_11,mfe_10_11,mae_10_11,range_10_11,close_10_12,mfe_10_12,mae_10_12,range_10_12,close_10_13,mfe_10_13,mae_10_13,range_10_13,close_10_15,mfe_10_15,mae_10_15,range_10_15,close_10_16,mfe_10_16,mae_10_16,range_10_16
2025-05-02,20095.5,20141.5,20019.5,20072.75,122.0,20100.5,20115.5,20046.25,20058.25,69.25,20019.5,20050.0,20080.5,20111.0,20141.5,20046.25,20063.5625,20080.875,20098.1875,20115.5,20069.25,-1,0,reversal,0.0,96.75,111.75,-8.0,119.75,127.75,137.5,-8.0,145.5,172.0,196.75,-8.0,204.75,152.75,207.75,-8.0,215.75,116.25,207.75,-8.0,215.75
2025-05-05,20004.25,20071.25,19985.25,20059.75,86.0,20034.25,20061.5,20022.75,20044.5,38.75,19985.25,20006.75,20028.25,20049.75,20071.25,20022.75,20032.4375,20042.125,20051.8125,20061.5,20059.75,1,1,continuation,0.0,44.5,55.75,-50.75,106.5,42.5,64.5,-50.75,115.25,74.5,86.25,-50.75,137.0,92.0,131.5,-50.75,182.25,5.75,131.5,-50.75,182.25
2025-05-06,19840.0,19864.5,19746.75,19756.5,117.75,19847.25,19861.5,19797.0,19799.5,64.5,19746.75,19776.1875,19805.625,19835.0625,19864.5,19797.0,19813.125,19829.25,19845.375,19861.5,19757.0,-1,0,continuation,0.0,148.25,181.0,-18.75,199.75,139.5,196.0,-18.75,214.75,107.75,270.0,-18.75,288.75,197.0,270.0,-18.75,288.75,118.75,270.0,-18.75,288.75
2025-05-07,19932.75,19944.75,19858.0,19936.25,86.75,19924.0,19936.5,19858.0,19874.0,78.5,19858.0,19879.6875,19901.375,19923.0625,19944.75,19858.0,19877.625,19897.25,19916.875,19936.5,19937.0,1,1,continuation,0.4,-94.0,40.75,-107.75,148.5,-87.0,40.75,-152.25,193.0,-38.25,40.75,-152.25,193.0,-51.25,40.75,-258.5,299.25,13.0,118.0,-258.5,376.5
2025-05-08,20174.5,20184.0,20061.0,20090.0,123.0,20123.25,20125.75,20061.0,20076.5,64.75,20061.0,20091.75,20122.5,20153.25,20184.0,20061.0,20077.1875,20093.375,20109.5625,20125.75,20089.5,-1,0,continuation,0.4,-72.5,35.25,-111.5,146.75,183.25,227.25,-111.5,338.75,242.0,248.0,-111.5,359.5,194.5,248.0,-111.5,359.5,63.25,248.0,-111.5,359.5
2025-05-09,20232.75,20279.75,20204.5,20254.25,75.25,20227.25,20250.0,20220.0,20240.5,30.0,20204.5,20223.3125,20242.125,20260.9375,20279.75,20220.0,20227.5,20235.0,20242.5,20250.0,20254.0,1,1,reversal,0.4,-111.75,21.0,-196.5,217.5,-84.0,21.0,-196.5,217.5,-166.25,21.0,-196.5,217.5,-112.25,21.0,-196.5,217.5,-117.5,21.0,-196.5,217.5
2025-05-12,20916.5,20940.0,20746.5,20786.75,193.5,20778.0,20800.75,20754.25,20797.25,46.5,20746.5,20794.875,20843.25,20891.625,20940.0,20754.25,20765.875,20777.5,20789.125,20800.75,20788.5,-1,0,continuation,0.0,-17.75,61.0,-98.5,159.5,-23.5,61.0,-98.5,159.5,89.25,95.0,-98.5,193.5,107.5,157.75,-98.5,256.25,161.25,165.75,-98.5,264.25
2025-05-13,21008.25,21132.0,20973.25,21125.0,158.75,21066.75,21071.5,21045.5,21056.0,26.0,20973.25,21012.9375,21052.625,21092.3125,21132.0,21045.5,21052.0,21058.5,21065.0,21071.5,21125.0,1,1,continuation,0.0,125.75,133.0,-10.5,143.5,158.75,178.25,-10.5,188.75,196.25,213.75,-10.5,224.25,202.25,222.0,-10.5,232.5,145.5,222.0,-10.5,232.5
2025-05-14,21324.75,21404.75,21272.75,21330.75,132.0,21341.75,21345.5,21277.0,21309.25,68.5,21272.75,21305.75,21338.75,21371.75,21404.75,21277.0,21294.125,21311.25,21328.375,21345.5,21331.25,1,0,continuation,0.4,26.25,38.75,-34.75,73.5,44.75,58.75,-43.0,101.75,35.25,88.5,-43.0,131.5,38.25,88.5,-50.0,138.5,65.5,88.5,-50.0,138.5
2025-05-15,21288.0,21339.5,21248.25,21298.75,91.25,21317.5,21321.25,21248.25,21268.75,73.0,21248.25,21271.0625,21293.875,21316.6875,21339.5,21248.25,21266.5,21284.75,21303.0,21321.25,21298.75,1,1,continuation,0.4,36.5,48.25,-42.0,90.25,130.75,147.75,-42.0,189.75,192.75,196.25,-42.0,238.25,94.0,231.0,-42.0,273.0,120.5,231.0,-42.0,273.0
2025-05-16,21438.75,21504.5,21388.75,21441.25,115.75,21415.25,21440.25,21409.0,21438.0,31.25,21388.75,21417.6875,21446.625,21475.5625,21504.5,21409.0,21416.8125,21424.625,21432.4375,21440.25,21436.5,1,0,reversal,0.4,-45.25,20.5,-116.5,137.0,-24.0,20.5,-116.5,137.0,-9.0,20.5,-116.5,137.0,40.0,56.5,-116.5,173.0,68.75,76.5,-116.5,193.0
2025-05-19,21212.0,21375.0,21154.0,21356.25,221.0,21332.25,21375.0,21316.5,21362.75,58.5,21154.0,21209.25,21264.5,21319.75,21375.0,21316.5,21331.125,21345.75,21360.375,21375.0,21356.25,1,1,continuation,0.0,37.25,106.5,-9.0,115.5,77.25,120.25,-9.0,129.25,142.75,146.75,-9.0,155.75,139.75,189.25,-9.0,198.25,166.75,189.25,-9.0,198.25
2025-05-20,21436.5,21458.0,21354.0,21394.5,104.0,21413.75,21417.5,21358.0,21374.5,59.5,21354.0,21380.0,21406.0,21432.0,21458.0,21358.0,21372.875,21387.75,21402.625,21417.5,21394.25,-1,0,reversal,0.4,13.5,57.0,-31.75,88.75,41.75,57.0,-31.75,88.75,64.25,78.5,-31.75,110.25,-45.5,79.5,-53.5,133.0,53.0,79.5,-96.25,175.75
2025-05-21,21312.75,21405.0,21261.0,21374.0,144.0,21364.25,21383.5,21355.75,21382.0,27.75,21261.0,21297.0,21333.0,21369.0,21405.0,21355.75,21362.6875,21369.625,21376.5625,21383.5,21374.25,1,1,continuation,0.0,81.75,84.75,-12.0,96.75,141.0,161.25,-12.0,173.25,140.75,184.25,-12.0,196.25,-196.5,184.25,-214.0,398.25,-225.5,184.25,-302.5,486.75
2025-05-22,21191.5,21293.0,21113.75,21286.5,179.25,21164.0,21194.5,21148.5,21181.5,46.0,21113.75,21158.5625,21203.375,21248.1875,21293.0,21148.5,21160.0,21171.5,21183.0,21194.5,21286.5,1,1,continuation,0.4,-54.75,43.75,-120.0,163.75,-14.5,43.75,-120.0,163.75,-68.25,43.75,-120.0,163.75,18.5,43.75,-120.0,163.75,-102.75,51.25,-120.25,171.5
2025-05-23,20801.5,20953.5,20755.5,20887.25,198.0,20907.25,20911.25,20843.75,20863.0,67.5,20755.5,20805.0,20854.5,20904.0,20953.5,20843.75,20860.625,20877.5,20894.375,20911.25,20888.0,1,1,continuation,0.0,22.75,105.75,-7.0,112.75,47.25,121.25,-7.0,128.25,95.25,121.25,-7.0,128.25,151.25,195.75,-7.0,202.75,90.75,195.75,-7.0,202.75
2025-05-26,21261.75,21307.75,21250.0,21279.25,57.75,21302.75,21305.0,21292.5,21296.75,12.5,21250.0,21264.4375,21278.875,21293.3125,21307.75,21292.5,21295.625,21298.75,21301.875,21305.0,21279.75,1,1,reversal,0.4,-49.25,2.75,-55.5,58.25,-6.5,2.75,-64.25,67.0,4.75,16.5,-64.25,80.75,4.75,16.5,-64.25,80.75,4.75,16.5,-64.25,80.75
2025-05-27,21276.5,21316.0,21193.25,21295.25,122.75,21242.5,21279.5,21237.5,21265.75,42.0,21193.25,21223.9375,21254.625,21285.3125,21316.0,21237.5,21248.0,21258.5,21269.0,21279.5,21294.25,1,1,continuation,0.0,61.75,99.5,-2.25,101.75,105.25,112.0,-2.25,114.25,136.25,165.0,-2.25,167.25,148.5,194.0,-2.25,196.25,171.5,194.0,-2.25,196.25
2025-05-28,21507.0,21564.75,21451.5,21466.75,113.25,21542.0,21545.0,21478.75,21482.5,66.25,21451.5,21479.8125,21508.125,21536.4375,21564.75,21478.75,21495.3125,21511.875,21528.4375,21545.0,21467.0,-1,0,continuation,0.0,-34.5,20.75,-40.75,61.5,-30.0,20.75,-40.75,61.5,-2.25,20.75,-40.75,61.5,2.0,35.5,-65.5,101.0,-94.25,47.0,-118.0,165.0
2025-05-29,21645.0,21693.0,21485.5,21518.0,207.5,21527.0,21537.5,21486.75,21491.75,50.75,21485.5,21537.375,21589.25,21641.125,21693.0,21486.75,21499.4375,21512.125,21524.8125,21537.5,21517.75,-1,0,continuation,0.0,-1.75,16.25,-137.5,153.75,-168.75,16.25,-192.25,208.5,-62.0,16.25,-216.75,233.0,-155.0,16.25,-216.75,233.0,-106.0,16.25,-216.75,233.0
2025-05-30,21335.25,21390.75,21234.75,21260.0,156.0,21301.0,21330.0,21286.25,21289.75,43.75,21234.75,21273.75,21312.75,21351.75,21390.75,21286.25,21297.1875,21308.125,21319.0625,21330.0,21258.75,-1,0,reversal,0.4,95.75,140.75,-2.5,143.25,64.25,140.75,-2.5,143.25,-150.0,140.75,-187.25,328.0,42.25,140.75,-187.25,328.0,110.75,174.5,-187.25,361.75
2025-06-02,21284.5,21458.0,21257.25,21308.0,200.75,21422.5,21435.5,21371.75,21380.0,63.75,21257.25,21307.4375,21357.625,21407.8125,21458.0,21371.75,21387.6875,21403.625,21419.5625,21435.5,21308.0,1,0,reversal,0.4,89.0,110.75,-73.5,184.25,126.5,136.75,-73.5,210.25,138.5,146.5,-73.5,220.0,209.0,218.0,-73.5,291.5,225.25,235.75,-73.5,309.25
2025-06-03,21534.5,21606.0,21510.0,21589.25,96.0,21563.5,21599.25,21558.25,21579.25,41.0,21510.0,21534.0,21558.0,21582.0,21606.0,21558.25,21568.5,21578.75,21589.0,21599.25,21593.25,1,1,continuation,0.0,68.0,70.25,-35.75,106.0,91.0,97.0,-35.75,132.75,145.0,154.5,-35.75,190.25,117.25,166.5,-35.75,202.25,110.75,166.5,-35.75,202.25
2025-06-04,21709.0,21793.5,21699.25,21749.5,94.25,21761.5,21786.5,21752.25,21775.75,34.25,21699.25,21722.8125,21746.375,21769.9375,21793.5,21752.25,21760.8125,21769.375,21777.9375,21786.5,21712.0,1,0,reversal,0.4,49.0,51.75,-71.0,122.75,42.25,72.75,-71.0,143.75,41.75,72.75,-71.0,143.75,70.5,90.75,-71.0,161.75,45.5,90.75,-71.0,161.75
2025-06-05,21800.5,21840.0,21691.75,21723.75,148.25,21778.5,21781.25,21691.75,21736.25,89.5,21691.75,21728.8125,21765.875,21802.9375,21840.0,21691.75,21714.125,21736.5,21758.875,21781.25,21724.0,-1,0,reversal,0.4,133.5,154.5,-23.25,177.75,196.0,212.25,-23.25,235.5,-36.5,212.25,-53.5,265.75,-37.5,212.25,-117.5,329.75,-136.5,212.25,-220.5,432.75
2025-06-06,21761.0,21863.5,21746.25,21840.0,117.25,21840.5,21863.5,21837.75,21857.75,25.75,21746.25,21775.5625,21804.875,21834.1875,21863.5,21837.75,21844.1875,21850.625,21857.0625,21863.5,21840.0,1,1,continuation,0.4,-20.5,9.75,-76.25,86.0,-33.75,30.25,-104.25,134.5,-85.0,30.25,-118.5,148.75,-5.0,40.0,-118.5,158.5,-50.5,40.0,-118.5,158.5
2025-06-09,21797.25,21820.0,21750.25,21787.0,69.75,21795.25,21804.0,21776.75,21804.0,27.25,21750.25,21767.6875,21785.125,21802.5625,21820.0,21776.75,21783.5625,21790.375,21797.1875,21804.0,21787.25,-1,1,reversal,0.0,54.75,105.25,0.0,105.25,51.75,105.25,0.0,105.25,82.75,105.25,0.0,105.25,81.75,105.25,0.0,105.25,31.25,105.25,0.0,105.25
2025-06-10,21854.75,21893.25,21818.0,21857.75,75.25,21852.0,21875.5,21841.25,21872.25,34.25,21818.0,21836.8125,21855.625,21874.4375,21893.25,21841.25,21849.8125,21858.375,21866.9375,21875.5,21857.0,1,1,reversal,0.4,-3.5,32.5,-9.25,41.75,17.75,32.5,-114.0,146.5,52.75,60.0,-114.0,174.0,92.25,110.25,-114.0,224.25,107.75,135.25,-114.0,249.25
2025-06-11,22029.0,22043.25,21915.0,21980.25,128.25,21972.5,21976.0,21915.0,21953.75,61.0,21915.0,21947.0625,21979.125,22011.1875,22043.25,21915.0,21930.25,21945.5,21960.75,21976.0,21980.75,-1,1,reversal,0.4,76.0,81.75,-10.75,92.5,13.0,86.0,-10.75,96.75,-3.0,86.0,-73.5,159.5,-119.75,86.0,-190.5,276.5,-93.0,86.0,-190.5,276.5
2025-06-12,21836.5,21892.0,21816.0,21857.25,76.0,21879.75,21889.75,21863.75,21886.5,26.0,21816.0,21835.0,21854.0,21873.0,21892.0,21863.75,21870.25,21876.75,21883.25,21889.75,21857.0,1,1,continuation,0.4,76.5,92.0,-17.25,109.25,65.5,120.5,-17.25,137.75,66.75,120.5,-17.25,137.75,80.5,120.5,-17.25,137.75,79.75,120.5,-17.25,137.75
2025-06-13,21657.75,21796.25,21626.0,21731.25,170.25,21768.75,21769.0,21737.5,21755.0,31.5,21626.0,21668.5625,21711.125,21753.6875,21796.25,21737.5,21745.375,21753.25,21761.125,21769.0,21731.25,1,1,reversal,0.4,11.75,49.5,-113.75,163.25,102.25,111.5,-113.75,225.25,96.25,124.5,-113.75,238.25,-62.75,124.5,-128.75,253.25,-79.0,124.5,-130.0,254.5
2025-06-16,21816.0,21944.75,21790.25,21927.75,154.5,21862.5,21893.0,21839.5,21881.25,53.5,21790.25,21828.875,21867.5,21906.125,21944.75,21839.5,21852.875,21866.25,21879.625,21893.0,21927.75,1,1,continuation,0.0,31.25,53.75,-8.25,62.0,17.25,68.75,-8.25,77.0,11.25,68.75,-10.25,79.0,12.5,68.75,-17.25,86.0,20.75,68.75,-17.25,86.0
2025-06-17,21827.25,21886.5,21802.5,21869.75,84.0,21811.0,21846.5,21802.5,21832.0,44.0,21802.5,21823.5,21844.5,21865.5,21886.5,21802.5,21813.5,21824.5,21835.5,21846.5,21869.75,1,1,continuation,0.4,-20.25,38.0,-26.25,64.25,2.75,38.0,-26.25,64.25,-58.5,38.0,-68.75,106.75,-118.75,38.0,-186.0,224.0,-139.25,38.0,-186.0,224.0
2025-06-18,21764.5,21801.5,21703.5,21778.25,98.0,21754.25,21782.75,21747.5,21778.75,35.25,21703.5,21728.0,21752.5,21777.0,21801.5,21747.5,21756.3125,21765.125,21773.9375,21782.75,21778.75,1,1,continuation,0.4,75.75,94.0,-21.75,115.75,35.25,94.0,-21.75,115.75,25.5,94.0,-21.75,115.75,-85.75,94.0,-112.75,206.75,-55.0,94.0,-118.75,212.75
2025-06-19,21547.0,21569.75,21433.5,21468.75,136.25,21504.75,21510.75,21433.5,21465.0,77.25,21433.5,21467.5625,21501.625,21535.6875,21569.75,21433.5,21452.8125,21472.125,21491.4375,21510.75,21468.75,-1,0,inside,0.6000000000000001,39.5,50.25,-13.0,63.25,-6.5,54.75,-13.0,67.75,43.0,58.5,-13.0,71.5,43.0,58.5,-13.0,71.5,43.0,58.5,-13.0,71.5
2025-06-23,21883.25,21929.25,21758.5,21925.25,170.75,21877.0,21915.5,21848.25,21904.0,67.25,21758.5,21801.1875,21843.875,21886.5625,21929.25,21848.25,21865.0625,21881.875,21898.6875,21915.5,21925.25,1,1,continuation,0.4,29.5,92.75,0.0,92.75,13.0,92.75,-2.75,95.5,-84.5,92.75,-186.75,279.5,111.0,164.75,-186.75,351.5,147.75,167.75,-186.75,354.5
2025-06-24,22286.0,22333.25,22260.0,22293.25,73.25,22311.25,22333.25,22310.0,22314.0,23.25,22260.0,22278.3125,22296.625,22314.9375,22333.25,22310.0,22315.8125,22321.625,22327.4375,22333.25,22288.75,1,0,continuation,0.4,26.5,51.75,-23.0,74.75,73.5,102.75,-23.0,125.75,111.25,128.75,-23.0,151.75,136.75,143.0,-23.0,166.0,116.5,159.0,-23.0,182.0
2025-06-25,22508.0,22548.25,22485.75,22522.5,62.5,22538.25,22546.5,22514.0,22514.5,32.5,22485.75,22501.375,22517.0,22532.625,22548.25,22514.0,22522.125,22530.25,22538.375,22546.5,22522.75,1,1,reversal,0.4,-30.25,6.5,-60.0,66.5,-78.75,6.5,-93.75,100.25,-80.25,6.5,-112.5,119.0,-102.25,6.5,-134.5,141.0,-59.75,6.5,-134.5,141.0
2025-06-26,22554.25,22566.5,22476.25,22544.0,90.25,22524.75,22533.75,22484.0,22497.75,49.75,22476.25,22498.8125,22521.375,22543.9375,22566.5,22484.0,22496.4375,22508.875,22521.3125,22533.75,22544.0,-1,1,reversal,0.0,26.25,55.25,-6.5,61.75,66.25,76.0,-6.5,82.5,63.25,88.5,-6.5,95.0,122.5,142.5,-6.5,149.0,129.25,148.75,-6.5,155.25
2025-06-27,22731.0,22770.25,22682.0,22764.5,88.25,22733.25,22745.0,22731.25,22735.25,13.75,22682.0,22704.0625,22726.125,22748.1875,22770.25,22731.25,22734.6875,22738.125,22741.5625,22745.0,22764.5,1,1,continuation,0.4,-4.75,59.25,-16.5,75.75,44.5,59.25,-18.5,77.75,30.5,59.25,-18.5,77.75,-154.0,59.25,-164.5,223.75,-12.5,59.25,-164.5,223.75
2025-06-30,22867.5,22890.0,22795.0,22827.0,95.0,22814.5,22829.25,22795.25,22800.25,34.0,22795.0,22818.75,22842.5,22866.25,22890.0,22795.25,22803.75,22812.25,22820.75,22829.25,22826.5,-1,0,continuation,0.4,-5.25,27.5,-18.75,46.25,17.25,32.5,-25.25,57.75,15.0,40.75,-25.25,66.0,22.75,40.75,-46.5,87.25,59.25,107.5,-46.5,154.0
2025-07-01,22793.75,22835.0,22779.75,22782.25,55.25,22793.5,22826.5,22788.75,22819.75,37.75,22779.75,22793.5625,22807.375,22821.1875,22835.0,22788.75,22798.1875,22807.625,22817.0625,22826.5,22788.75,-1,0,reversal,0.4,-100.5,56.25,-114.5,170.75,-129.5,56.25,-195.0,251.25,-88.0,56.25,-195.0,251.25,-86.25,56.25,-195.0,251.25,-95.75,56.25,-195.0,251.25
2025-07-02,22616.0,22728.75,22602.5,22706.75,126.25,22693.75,22727.5,22693.25,22710.5,34.25,22602.5,22634.0625,22665.625,22697.1875,22728.75,22693.25,22701.8125,22710.375,22718.9375,22727.5,22706.5,1,1,continuation,0.0,104.75,125.75,-3.75,129.5,115.75,141.25,-3.75,145.0,134.0,141.25,-3.75,145.0,122.0,143.5,-3.75,147.25,138.25,152.25,-3.75,156.0
2025-07-03,22893.0,23004.75,22890.75,22997.5,114.0,22957.25,22975.75,22948.0,22967.25,27.75,22890.75,22919.25,22947.75,22976.25,23004.75,22948.0,22954.9375,22961.875,22968.8125,22975.75,22995.25,1,1,continuation,0.0,51.75,75.25,-0.25,75.5,88.0,106.0,-0.25,106.25,61.5,106.0,-0.25,106.25,63.75,106.0,-0.25,106.25,63.75,106.0,-0.25,106.25
2025-07-04,22922.5,22933.5,22887.5,22923.5,46.0,22924.25,22933.25,22916.5,22919.5,16.75,22887.5,22899.0,22910.5,22922.0,22933.5,22916.5,22920.6875,22924.875,22929.0625,22933.25,22924.25,1,1,continuation,0.0,12.25,21.75,-16.25,38.0,9.5,21.75,-16.25,38.0,-19.75,21.75,-28.75,50.5,-19.75,21.75,-28.75,50.5,-19.75,21.75,-28.75,50.5
2025-07-07,22951.25,22978.0,22900.25,22945.25,77.75,22948.25,22955.0,22921.25,22952.5,33.75,22900.25,22919.6875,22939.125,22958.5625,22978.0,22921.25,22929.6875,22938.125,22946.5625,22955.0,22945.0,-1,1,continuation,0.4,-50.0,18.0,-62.25,80.25,-16.25,18.0,-62.25,80.25,-75.0,18.0,-111.75,129.75,-67.5,18.0,-164.75,182.75,-61.25,18.0,-164.75,182.75
2025-07-08,22939.25,22956.25,22880.0,22881.25,76.25,22904.75,22917.75,22902.25,22907.75,15.5,22880.0,22899.0625,22918.125,22937.1875,22956.25,22902.25,22906.125,22910.0,22913.875,22917.75,22881.75,-1,0,continuation,0.4,12.5,61.0,-40.75,101.75,24.5,61.0,-40.75,101.75,34.75,81.0,-40.75,121.75,17.25,81.0,-40.75,121.75,10.0,81.0,-40.75,121.75
2025-07-09,22935.75,23097.0,22930.5,23085.5,166.5,23055.0,23088.75,23055.0,23085.5,33.75,22930.5,22972.125,23013.75,23055.375,23097.0,23055.0,23063.4375,23071.875,23080.3125,23088.75,23085.75,1,1,continuation,0.4,-138.75,25.5,-158.0,183.5,-137.5,25.5,-168.75,194.25,-103.0,25.5,-168.75,194.25,-53.75,25.5,-168.75,194.25,-34.75,25.5,-168.75,194.25
2025-07-10,23049.25,23089.75,22939.0,22960.0,150.75,23028.75,23033.75,22988.75,22993.5,45.0,22939.0,22976.6875,23014.375,23052.0625,23089.75,22988.75,23000.0,23011.25,23022.5,23033.75,22960.0,-1,0,continuation,0.4,3.25,26.75,-59.0,85.75,64.5,65.25,-59.0,124.25,32.25,65.25,-59.0,124.25,77.75,90.0,-59.0,149.0,55.0,90.0,-59.0,149.0
2025-07-11,22904.0,22967.75,22863.0,22964.0,104.75,22877.75,22939.75,22863.0,22936.0,76.75,22863.0,22889.1875,22915.375,22941.5625,22967.75,22863.0,22882.1875,22901.375,22920.5625,22939.75,22963.75,1,1,continuation,0.0,6.0,43.75,-24.75,68.5,12.5,46.25,-55.0,101.25,39.5,46.25,-55.0,101.25,13.0,58.0,-55.0,113.0,-8.5,58.0,-55.0,113.0
2025-07-14,22899.25,22979.0,22842.5,22911.75,136.5,22853.75,22924.5,22842.5,22919.5,82.0,22842.5,22876.625,22910.75,22944.875,22979.0,22842.5,22863.0,22883.5,22904.0,22924.5,22912.0,1,1,continuation,0.0,80.0,81.25,-6.5,87.75,96.75,110.75,-6.5,117.25,121.5,129.0,-6.5,135.5,139.5,155.75,-6.5,162.25,122.5,155.75,-6.5,162.25
2025-07-15,23196.0,23222.75,23122.75,23138.0,100.0,23164.0,23184.5,23142.25,23148.5,42.25,23122.75,23147.75,23172.75,23197.75,23222.75,23142.25,23152.8125,23163.375,23173.9375,23184.5,23138.75,-1,0,continuation,0.4,-39.25,59.5,-43.25,102.75,18.5,59.5,-43.25,102.75,-40.25,59.5,-56.25,115.75,-44.5,59.5,-56.25,115.75,-86.75,59.5,-88.75,148.25
2025-07-16,23073.25,23090.0,22957.5,22967.75,132.5,23013.25,23032.25,22996.25,22997.0,36.0,22957.5,22990.625,23023.75,23056.875,23090.0,22996.25,23005.25,23014.25,23023.25,23032.25,22968.25,-1,0,continuation,0.4,22.0,66.75,-20.0,86.75,22.5,76.75,-132.5,209.25,77.75,81.5,-132.5,214.0,104.75,105.75,-132.5,238.25,106.25,131.75,-132.5,264.25
2025-07-17,23145.75,23158.5,23065.75,23150.0,92.75,23122.5,23138.0,23117.5,23136.0,20.5,23065.75,23088.9375,23112.125,23135.3125,23158.5,23117.5,23122.625,23127.75,23132.875,23138.0,23150.5,1,1,continuation,0.0,43.75,48.5,-36.0,84.5,98.75,106.5,-36.0,142.5,106.25,125.5,-36.0,161.5,102.0,130.5,-36.0,166.5,107.25,130.5,-36.0,166.5
2025-07-18,23268.5,23320.5,23251.25,23259.5,69.25,23267.75,23297.75,23267.5,23286.75,30.25,23251.25,23268.5625,23285.875,23303.1875,23320.5,23267.5,23275.0625,23282.625,23290.1875,23297.75,23257.5,-1,0,continuation,0.0,-52.5,35.75,-70.75,106.5,-10.0,35.75,-77.0,112.75,-70.0,35.75,-84.5,120.25,-53.5,35.75,-87.5,123.25,-30.75,35.75,-87.5,123.25
2025-07-21,23237.75,23396.0,23223.5,23375.5,172.5,23338.5,23386.5,23337.75,23378.5,48.75,23223.5,23266.625,23309.75,23352.875,23396.0,23337.75,23349.9375,23362.125,23374.3125,23386.5,23376.25,1,1,continuation,0.0,21.25,48.75,-0.25,49.0,9.5,48.75,-0.25,49.0,29.25,48.75,-17.5,66.25,13.75,48.75,-17.5,66.25,-32.0,48.75,-48.0,96.75
2025-07-22,23334.5,23349.75,23112.0,23142.5,237.75,23278.25,23279.25,23209.0,23213.25,70.25,23112.0,23171.4375,23230.875,23290.3125,23349.75,23209.0,23226.5625,23244.125,23261.6875,23279.25,23142.25,-1,0,continuation,0.4,82.25,87.5,-37.25,124.75,64.25,93.0,-37.25,130.25,56.5,93.0,-37.25,130.25,109.75,111.25,-37.25,148.5,78.75,114.75,-37.25,152.0
2025-07-23,23237.0,23273.75,23157.75,23165.75,116.0,23198.0,23210.75,23162.25,23195.5,48.5,23157.75,23186.75,23215.75,23244.75,23273.75,23162.25,23174.375,23186.5,23198.625,23210.75,23165.5,-1,0,continuation,0.4,34.25,38.5,-23.0,61.5,92.25,128.5,-23.0,151.5,62.75,128.5,-23.0,151.5,136.0,158.5,-23.0,181.5,159.0,159.5,-23.0,182.5
2025-07-24,23360.25,23400.75,23333.5,23363.25,67.25,23360.0,23400.75,23355.5,23390.75,45.25,23333.5,23350.3125,23367.125,23383.9375,23400.75,23355.5,23366.8125,23378.125,23389.4375,23400.75,23363.25,1,0,reversal,0.4,9.5,17.75,-64.75,82.5,25.0,37.25,-64.75,102.0,7.5,37.25,-64.75,102.0,37.25,61.75,-64.75,126.5,13.25,61.75,-64.75,126.5
2025-07-25,23371.25,23408.0,23330.25,23389.75,77.75,23361.5,23385.0,23361.25,23384.0,23.75,23330.25,23349.6875,23369.125,23388.5625,23408.0,23361.25,23367.1875,23373.125,23379.0625,23385.0,23389.5,1,1,continuation,0.0,15.75,33.75,-6.0,39.75,31.25,39.25,-6.0,45.25,60.75,87.5,-6.0,93.5,53.5,87.5,-6.0,93.5,33.25,87.5,-6.0,93.5
2025-07-28,23514.5,23525.0,23462.5,23520.0,62.5,23495.0,23519.0,23466.0,23500.75,53.0,23462.5,23478.125,23493.75,23509.375,23525.0,23466.0,23479.25,23492.5,23505.75,23519.0,23520.25,1,1,continuation,0.4,-27.0,7.5,-54.0,61.5,-26.25,7.5,-83.25,90.75,-34.75,7.5,-83.25,90.75,-57.5,7.5,-83.25,90.75,-28.5,7.5,-83.25,90.75
2025-07-29,23579.25,23652.25,23556.0,23589.75,96.25,23621.75,23626.0,23575.5,23590.0,50.5,23556.0,23580.0625,23604.125,23628.1875,23652.25,23575.5,23588.125,23600.75,23613.375,23626.0,23583.25,1,0,reversal,0.0,-55.5,9.5,-69.25,78.75,-79.5,9.5,-145.25,154.75,-76.25,9.5,-145.25,154.75,-105.0,9.5,-145.25,154.75,-126.25,9.5,-161.25,170.75
2025-07-30,23490.0,23526.5,23450.25,23483.25,76.25,23508.0,23526.5,23486.25,23489.75,40.25,23450.25,23469.3125,23488.375,23507.4375,23526.5,23486.25,23496.3125,23506.375,23516.4375,23526.5,23483.25,-1,0,reversal,0.4,31.75,58.0,-19.5,77.5,46.75,58.0,-19.5,77.5,51.0,64.0,-19.5,83.5,-71.25,106.5,-82.75,189.25,1.0,106.5,-128.25,234.75
2025-07-31,23801.75,23804.75,23608.25,23671.0,196.5,23636.25,23661.25,23608.25,23645.0,53.0,23608.25,23657.375,23706.5,23755.625,23804.75,23608.25,23621.5,23634.75,23648.0,23661.25,23671.25,-1,0,continuation,0.0,-130.0,28.75,-136.25,165.0,-87.0,28.75,-187.5,216.25,-101.75,28.75,-187.5,216.25,-256.25,28.75,-365.5,394.25,-317.25,28.75,-365.5,394.25
2025-08-01,23068.5,23102.5,22858.0,22882.0,244.5,22919.75,22929.5,22865.25,22866.0,64.25,22858.0,22919.125,22980.25,23041.375,23102.5,22865.25,22881.3125,22897.375,22913.4375,22929.5,22879.75,-1,0,continuation,0.4,50.0,142.75,-80.5,223.25,127.0,142.75,-80.5,223.25,-0.5,165.75,-80.5,246.25,-9.5,165.75,-91.5,257.25,1.0,165.75,-91.5,257.25
2025-08-04,23075.5,23258.0,23070.0,23246.5,188.0,23189.5,23227.0,23189.5,23216.75,37.5,23070.0,23117.0,23164.0,23211.0,23258.0,23189.5,23198.875,23208.25,23217.625,23227.0,23246.5,1,1,continuation,0.0,-31.25,17.25,-52.5,69.75,7.75,17.25,-59.0,76.25,23.75,33.25,-59.0,92.25,14.75,40.0,-59.0,99.0,50.25,61.5,-59.0,120.5
2025-08-05,23361.25,23397.25,23303.5,23378.0,93.75,23357.75,23397.25,23354.25,23381.5,43.0,23303.5,23326.9375,23350.375,23373.8125,23397.25,23354.25,23365.0,23375.75,23386.5,23397.25,23345.0,1,0,reversal,0.4,-163.25,17.25,-206.25,223.5,-188.75,17.25,-231.5,248.75,-164.75,17.25,-231.5,248.75,-197.75,17.25,-231.5,248.75,-211.25,17.25,-231.5,248.75
2025-08-06,23178.75,23245.0,23148.75,23200.75,96.25,23202.5,23239.5,23184.0,23217.75,55.5,23148.75,23172.8125,23196.875,23220.9375,23245.0,23184.0,23197.875,23211.75,23225.625,23239.5,23201.5,1,1,continuation,0.4,80.75,88.25,-37.25,125.5,166.25,174.0,-37.25,211.25,169.25,188.0,-37.25,225.25,214.0,234.5,-37.25,271.75,223.25,243.25,-37.25,280.5
2025-08-07,23597.5,23659.0,23569.5,23654.5,89.5,23605.25,23610.75,23569.5,23600.75,41.25,23569.5,23591.875,23614.25,23636.625,23659.0,23569.5,23579.8125,23590.125,23600.4375,23610.75,23654.25,1,1,continuation,0.4,-115.5,17.0,-136.0,153.0,-156.5,17.0,-177.25,194.25,-193.25,17.0,-264.25,281.25,-247.75,17.0,-324.25,341.25,-152.25,17.0,-324.25,341.25
2025-08-08,23533.25,23649.0,23521.5,23643.75,127.5,23604.0,23644.5,23604.0,23628.5,40.5,23521.5,23553.375,23585.25,23617.125,23649.0,23604.0,23614.125,23624.25,23634.375,23644.5,23643.5,1,1,continuation,0.0,9.25,59.25,-17.25,76.5,36.75,59.25,-31.5,90.75,33.0,63.25,-31.5,94.75,67.5,81.0,-31.5,112.5,70.25,81.0,-31.5,112.5
2025-08-11,23722.25,23745.0,23681.0,23745.0,64.0,23729.0,23736.75,23715.5,23734.25,21.25,23681.0,23697.0,23713.0,23729.0,23745.0,23715.5,23720.8125,23726.125,23731.4375,23736.75,23744.75,1,1,continuation,0.0,-17.75,22.75,-34.0,56.75,19.25,22.75,-34.0,56.75,-8.5,59.75,-34.0,93.75,-58.75,59.75,-94.0,153.75,-106.25,59.75,-157.75,217.5
2025-08-12,23773.25,23808.5,23650.0,23653.5,158.5,23737.5,23763.25,23682.5,23699.5,80.75,23650.0,23689.625,23729.25,23768.875,23808.5,23682.5,23702.6875,23722.875,23743.0625,23763.25,23654.0,-1,0,continuation,0.4,122.75,127.75,-32.0,159.75,213.5,223.75,-32.0,255.75,246.0,257.5,-32.0,289.5,253.5,278.5,-32.0,310.5,280.0,295.25,-32.0,327.25
2025-08-13,24019.75,24069.0,24005.0,24017.25,64.0,24045.25,24048.25,24026.5,24041.0,21.75,24005.0,24021.0,24037.0,24053.0,24069.0,24026.5,24031.9375,24037.375,24042.8125,24048.25,24017.5,-1,0,continuation,0.0,-58.25,0.25,-85.0,85.25,-92.5,0.25,-125.25,125.5,-117.75,0.25,-131.5,131.75,-84.25,0.25,-131.5,131.75,-74.25,0.25,-131.5,131.75
2025-08-14,23843.75,23960.25,23816.5,23936.5,143.75,23922.25,23937.75,23907.25,23930.75,30.5,23816.5,23852.4375,23888.375,23924.3125,23960.25,23907.25,23914.875,23922.5,23930.125,23937.75,23936.0,1,1,continuation,0.4,19.75,69.5,-31.25,100.75,-4.75,69.5,-73.25,142.75,11.25,69.5,-73.25,142.75,-12.25,69.5,-73.25,142.75,-14.5,69.5,-73.25,142.75
2025-08-15,23904.5,23924.25,23770.5,23806.75,153.75,23852.75,23854.0,23776.75,23784.0,77.25,23770.5,23808.9375,23847.375,23885.8125,23924.25,23776.75,23796.0625,23815.375,23834.6875,23854.0,23803.75,-1,0,continuation,0.4,-3.75,79.5,-37.75,117.25,-15.5,79.5,-69.0,148.5,15.25,79.5,-69.0,148.5,7.25,79.5,-69.0,148.5,2.0,79.5,-69.0,148.5
2025-08-18,23775.0,23818.25,23735.0,23748.75,83.25,23776.75,23805.0,23772.0,23791.75,33.0,23735.0,23755.8125,23776.625,23797.4375,23818.25,23772.0,23780.25,23788.5,23796.75,23805.0,23749.0,-1,0,reversal,0.4,29.25,75.5,-30.25,105.75,-2.0,75.5,-30.25,105.75,-14.25,75.5,-30.25,105.75,46.5,75.5,-30.25,105.75,47.75,75.5,-30.25,105.75
2025-08-19,23744.0,23770.75,23639.25,23678.75,131.5,23682.75,23685.0,23639.25,23650.5,45.75,23639.25,23672.125,23705.0,23737.875,23770.75,23639.25,23650.6875,23662.125,23673.5625,23685.0,23678.25,-1,0,continuation,0.0,-137.0,49.75,-138.25,188.0,-119.5,49.75,-164.25,214.0,-195.75,49.75,-208.5,258.25,-216.0,49.75,-234.0,283.75,-208.0,49.75,-253.0,302.75
2025-08-20,23426.75,23432.0,23146.0,23173.75,286.0,23323.5,23324.25,23264.75,23265.0,59.5,23146.0,23217.5,23289.0,23360.5,23432.0,23264.75,23279.625,23294.5,23309.375,23324.25,23174.25,-1,0,continuation,0.4,-116.75,40.25,-139.0,179.25,-2.5,92.0,-139.0,231.0,59.25,129.5,-139.0,268.5,69.75,141.25,-139.0,280.25,150.5,194.25,-139.0,333.25
2025-08-21,23223.5,23290.5,23175.0,23186.5,115.5,23256.0,23268.0,23175.0,23265.75,93.0,23175.0,23203.875,23232.75,23261.625,23290.5,23175.0,23198.25,23221.5,23244.75,23268.0,23186.0,-1,0,continuation,0.4,109.0,162.25,-30.75,193.0,18.0,162.25,-30.75,193.0,-24.75,162.25,-35.75,198.0,39.5,162.25,-66.5,228.75,32.0,162.25,-66.5,228.75
2025-08-22,23242.5,23343.0,23206.25,23265.25,136.75,23322.5,23337.25,23294.0,23333.25,43.25,23206.25,23240.4375,23274.625,23308.8125,23343.0,23294.0,23304.8125,23315.625,23326.4375,23337.25,23269.5,1,0,continuation,0.0,333.25,374.5,0.0,374.5,299.5,380.5,0.0,380.5,258.75,380.5,0.0,380.5,316.75,380.5,0.0,380.5,295.5,380.5,0.0,380.5
2025-08-25,23479.25,23520.5,23445.0,23519.5,75.5,23480.75,23496.5,23448.5,23492.0,48.0,23445.0,23463.875,23482.75,23501.625,23520.5,23448.5,23460.5,23472.5,23484.5,23496.5,23519.0,1,1,continuation,0.0,51.75,56.0,-14.5,70.5,81.75,97.75,-14.5,112.25,77.25,97.75,-14.5,112.25,33.25,97.75,-14.5,112.25,-23.5,97.75,-30.25,128.0
2025-08-26,23470.75,23518.5,23426.75,23494.5,91.75,23498.0,23499.0,23426.75,23443.5,72.25,23426.75,23449.6875,23472.625,23495.5625,23518.5,23426.75,23444.8125,23462.875,23480.9375,23499.0,23493.5,1,1,continuation,0.0,29.0,58.0,-11.5,69.5,24.25,58.0,-11.5,69.5,46.0,62.75,-11.5,74.25,56.5,62.75,-14.5,77.25,93.5,106.5,-14.5,121.0
2025-08-27,23581.75,23585.75,23488.5,23534.75,97.25,23524.75,23530.5,23488.5,23499.75,42.0,23488.5,23512.8125,23537.125,23561.4375,23585.75,23488.5,23499.0,23509.5,23520.0,23530.5,23534.75,-1,0,reversal,0.4,65.75,81.25,-8.5,89.75,89.0,97.0,-8.5,105.5,65.75,97.0,-8.5,105.5,92.0,122.75,-8.5,131.25,85.25,122.75,-8.5,131.25
2025-08-28,23633.25,23743.25,23572.5,23609.25,170.75,23702.5,23709.5,23655.0,23657.75,54.5,23572.5,23615.1875,23657.875,23700.5625,23743.25,23655.0,23668.625,23682.25,23695.875,23709.5,23609.5,-1,0,reversal,0.4,104.75,120.5,-16.25,136.75,78.0,144.75,-16.25,161.0,122.5,156.5,-16.25,172.75,178.75,183.0,-16.25,199.25,156.75,194.25,-16.25,210.5
2025-08-29,23666.5,23670.5,23507.0,23519.25,163.5,23600.5,23601.0,23537.5,23543.25,63.5,23507.0,23547.875,23588.75,23629.625,23670.5,23537.5,23553.375,23569.25,23585.125,23601.0,23519.5,-1,0,continuation,0.0,-84.5,32.25,-106.0,138.25,-87.5,32.25,-106.0,138.25,-41.25,32.25,-106.0,138.25,-60.25,32.25,-118.0,150.25,-46.25,32.25,-118.0,150.25
2025-09-01,23477.25,23495.0,23443.25,23488.75,51.75,23481.25,23486.25,23473.25,23485.75,13.0,23443.25,23456.1875,23469.125,23482.0625,23495.0,23473.25,23476.5,23479.75,23483.0,23486.25,23488.5,1,1,continuation,0.0,3.0,5.25,-12.5,17.75,6.75,18.5,-12.5,31.0,14.25,18.5,-12.5,31.0,14.25,18.5,-12.5,31.0,14.25,18.5,-12.5,31.0
2025-09-02,23096.0,23261.0,23025.0,23233.25,236.0,23150.75,23200.0,23137.75,23198.5,62.25,23025.0,23084.0,23143.0,23202.0,23261.0,23137.75,23153.3125,23168.875,23184.4375,23200.0,23230.25,1,1,continuation,0.4,-68.25,50.0,-95.25,145.25,-182.5,50.0,-203.75,253.75,-104.0,50.0,-203.75,253.75,-41.0,50.0,-203.75,253.75,47.0,59.75,-203.75,263.5
2025-09-03,23422.75,23457.0,23369.75,23381.75,87.25,23397.25,23411.25,23369.75,23404.25,41.5,23369.75,23391.5625,23413.375,23435.1875,23457.0,23369.75,23380.125,23390.5,23400.875,23411.25,23382.5,-1,0,reversal,0.4,126.5,143.5,-10.5,154.0,32.5,143.5,-10.5,154.0,28.5,143.5,-10.5,154.0,-40.75,143.5,-64.25,207.75,69.5,143.5,-64.25,207.75
2025-09-04,23484.75,23548.25,23457.25,23479.25,91.0,23487.75,23513.0,23460.0,23485.25,53.0,23457.25,23480.0,23502.75,23525.5,23548.25,23460.0,23473.25,23486.5,23499.75,23513.0,23479.25,-1,0,continuation,0.4,42.25,51.0,-69.25,120.25,59.25,76.75,-69.25,146.0,58.75,86.0,-69.25,155.25,140.75,145.25,-69.25,214.5,187.0,201.25,-69.25,270.5
2025-09-05,23874.0,23902.5,23821.5,23852.75,81.0,23874.25,23887.5,23835.5,23879.75,52.0,23821.5,23841.75,23862.0,23882.25,23902.5,23835.5,23848.5,23861.5,23874.5,23887.5,23852.75,-1,0,continuation,0.0,-305.25,1.25,-308.0,309.25,-234.25,1.25,-347.75,349.0,-198.5,1.25,-347.75,349.0,-195.25,1.25,-347.75,349.0,-162.25,1.25,-347.75,349.0
2025-09-08,23778.5,23876.5,23766.75,23845.5,109.75,23830.75,23852.0,23814.0,23849.25,38.0,23766.75,23794.1875,23821.625,23849.0625,23876.5,23814.0,23823.5,23833.0,23842.5,23852.0,23846.25,1,1,continuation,0.4,13.5,41.75,-40.0,81.75,26.5,41.75,-40.0,81.75,-35.0,41.75,-56.25,98.0,-52.75,41.75,-84.0,125.75,-42.75,41.75,-87.75,129.5
2025-09-09,23839.25,23857.75,23800.25,23815.0,57.5,23841.25,23848.5,23824.25,23829.0,24.25,23800.25,23814.625,23829.0,23843.375,23857.75,23824.25,23830.3125,23836.375,23842.4375,23848.5,23816.0,-1,0,continuation,0.4,-30.25,34.75,-89.5,124.25,-31.25,34.75,-89.5,124.25,5.25,34.75,-89.5,124.25,28.0,39.25,-89.5,128.75,51.25,71.75,-89.5,161.25
2025-09-10,24004.0,24015.0,23894.25,23930.75,120.75,23931.0,23945.5,23912.0,23944.5,33.5,23894.25,23924.4375,23954.625,23984.8125,24015.0,23912.0,23920.375,23928.75,23937.125,23945.5,23930.5,-1,0,continuation,0.4,36.25,60.25,-6.75,67.0,19.25,60.25,-9.75,70.0,-6.25,60.25,-33.5,93.75,-68.0,60.25,-94.75,155.0,-56.75,60.25,-145.5,205.75
2025-09-11,23959.25,23997.75,23909.75,23979.25,88.0,23925.0,23965.5,23909.75,23950.0,55.75,23909.75,23931.75,23953.75,23975.75,23997.75,23909.75,23923.6875,23937.625,23951.5625,23965.5,23978.75,1,1,continuation,0.0,25.25,43.25,-32.0,75.25,45.5,70.0,-32.0,102.0,29.75,70.0,-32.0,102.0,54.75,70.0,-32.0,102.0,33.0,70.0,-32.0,102.0
2025-09-12,24041.75,24063.5,24002.0,24046.0,61.5,24030.0,24039.25,24020.0,24026.75,19.25,24002.0,24017.375,24032.75,24048.125,24063.5,24020.0,24024.8125,24029.625,24034.4375,24039.25,24044.75,1,1,continuation,0.0,61.25,71.0,-26.75,97.75,46.0,71.0,-26.75,97.75,65.75,80.0,-26.75,106.75,109.25,114.25,-26.75,141.0,64.75,114.25,-26.75,141.0
2025-09-15,24173.25,24262.25,24162.25,24260.75,100.0,24204.0,24234.5,24204.0,24228.5,30.5,24162.25,24187.25,24212.25,24237.25,24262.25,24204.0,24211.625,24219.25,24226.875,24234.5,24260.5,1,1,continuation,0.0,1.5,5.0,-39.5,44.5,19.75,29.25,-39.5,68.75,5.25,33.75,-39.5,73.25,10.5,33.75,-39.5,73.25,51.0,55.25,-39.5,94.75
2025-09-16,24353.0,24366.25,24280.5,24295.25,85.75,24323.75,24326.25,24301.25,24318.75,25.0,24280.5,24301.9375,24323.375,24344.8125,24366.25,24301.25,24307.5,24313.75,24320.0,24326.25,24294.5,-1,0,continuation,0.0,0.5,23.75,-15.75,39.5,-26.75,23.75,-33.25,57.0,-11.5,23.75,-37.0,60.75,14.0,23.75,-37.0,60.75,-8.25,28.25,-37.0,65.25
2025-09-17,24284.75,24301.0,24223.0,24237.0,78.0,24236.25,24258.5,24223.0,24255.5,35.5,24223.0,24242.5,24262.0,24281.5,24301.0,24223.0,24231.875,24240.75,24249.625,24258.5,24237.25,-1,0,continuation,0.4,-56.75,2.75,-66.5,69.25,-66.25,2.75,-78.25,81.0,-88.0,2.75,-103.25,106.0,-85.0,44.0,-233.75,277.75,-5.5,70.75,-233.75,304.5
2025-09-18,24445.75,24469.0,24355.75,24453.0,113.25,24381.75,24414.25,24355.75,24413.0,58.5,24355.75,24384.0625,24412.375,24440.6875,24469.0,24355.75,24370.375,24385.0,24399.625,24414.25,24452.75,1,1,continuation,0.0,35.5,110.25,-2.75,113.0,38.75,116.5,-2.75,119.25,87.5,116.5,-2.75,119.25,56.75,116.5,-2.75,119.25,3.75,116.5,-2.75,119.25
2025-09-22,24798.25,24880.5,24783.75,24872.25,96.75,24847.5,24865.5,24840.5,24857.75,25.0,24783.75,24807.9375,24832.125,24856.3125,24880.5,24840.5,24846.75,24853.0,24859.25,24865.5,24872.5,1,1,continuation,0.0,54.25,58.75,-17.75,76.5,38.75,65.5,-17.75,83.25,114.25,123.25,-17.75,141.0,139.75,149.0,-17.75,166.75,126.0,154.75,-17.75,172.5
2025-09-23,25009.25,25010.75,24932.5,24940.25,78.25,24953.25,24971.5,24946.25,24954.5,25.25,24932.5,24952.0625,24971.625,24991.1875,25010.75,24946.25,24952.5625,24958.875,24965.1875,24971.5,24940.5,-1,0,continuation,0.0,4.25,34.5,-11.0,45.5,5.5,34.5,-11.0,45.5,-12.25,34.5,-25.5,60.0,-149.75,34.5,-161.25,195.75,-109.5,34.5,-161.25,195.75
2025-09-24,24882.0,24899.25,24785.0,24820.5,114.25,24835.25,24839.5,24804.5,24805.5,35.0,24785.0,24813.5625,24842.125,24870.6875,24899.25,24804.5,24813.25,24822.0,24830.75,24839.5,24821.25,-1,0,continuation,0.0,-27.25,19.75,-31.0,50.75,-141.5,19.75,-144.5,164.25,-136.25,19.75,-193.25,213.0,-81.75,19.75,-193.25,213.0,-81.75,19.75,-193.25,213.0
2025-09-25,24567.75,24587.0,24422.0,24452.75,165.0,24427.75,24497.75,24424.5,24485.5,73.25,24422.0,24463.25,24504.5,24545.75,24587.0,24424.5,24442.8125,24461.125,24479.4375,24497.75,24452.5,-1,0,reversal,0.4,182.0,204.25,-8.0,212.25,224.75,244.5,-8.0,252.5,172.5,244.5,-8.0,252.5,175.75,244.5,-8.0,252.5,179.5,244.5,-8.0,252.5
2025-09-26,24694.25,24716.0,24596.75,24706.5,119.25,24671.5,24711.75,24643.5,24699.5,68.25,24596.75,24626.5625,24656.375,24686.1875,24716.0,24643.5,24660.5625,24677.625,24694.6875,24711.75,24706.25,1,1,continuation,0.4,-140.75,27.0,-186.25,213.25,-125.5,27.0,-186.25,213.25,-15.25,27.0,-186.25,213.25,19.5,30.75,-186.25,217.0,19.25,31.25,-186.25,217.5
2025-09-29,24899.5,24955.0,24845.75,24941.25,109.25,24914.25,24947.75,24913.0,24947.25,34.75,24845.75,24873.0625,24900.375,24927.6875,24955.0,24913.0,24921.6875,24930.375,24939.0625,24947.75,24941.75,1,1,continuation,0.0,-12.5,33.25,-24.5,57.75,-92.75,33.25,-111.0,144.25,-107.25,33.25,-120.5,153.75,-99.25,33.25,-141.75,175.0,-104.5,33.25,-161.25,194.5
2025-09-30,24833.0,24837.0,24722.5,24788.25,114.5,24797.75,24806.5,24765.0,24781.25,41.5,24722.5,24751.125,24779.75,24808.375,24837.0,24765.0,24775.375,24785.75,24796.125,24806.5,24788.0,-1,1,reversal,0.4,54.5,66.5,-41.75,108.25,22.75,76.0,-41.75,117.75,-4.5,76.0,-41.75,117.75,49.75,76.0,-56.75,132.75,109.75,125.75,-56.75,182.5
2025-10-01,24777.25,24841.5,24726.0,24782.75,115.5,24829.0,24835.5,24734.75,24737.0,100.75,24726.0,24754.875,24783.75,24812.625,24841.5,24734.75,24759.9375,24785.125,24810.3125,24835.5,24777.75,1,0,continuation,0.0,119.75,134.25,-22.75,157.0,153.5,160.75,-22.75,183.5,177.25,180.25,-22.75,203.0,246.25,259.25,-22.75,282.0,233.75,259.25,-22.75,282.0
2025-10-02,25162.0,25180.0,25014.25,25063.5,165.75,25048.5,25071.25,25025.25,25028.75,46.0,25014.25,25055.6875,25097.125,25138.5625,25180.0,25025.25,25036.75,25048.25,25059.75,25071.25,25063.5,-1,0,continuation,0.4,-41.75,28.25,-44.75,73.0,14.25,28.25,-69.75,98.0,13.75,28.25,-69.75,98.0,48.25,53.5,-69.75,123.25,44.75,63.25,-69.75,133.0
2025-10-03,25120.0,25171.0,25100.0,25106.75,71.0,25134.75,25160.0,25130.0,25150.75,30.0,25100.0,25117.75,25135.5,25153.25,25171.0,25130.0,25137.5,25145.0,25152.5,25160.0,25106.75,-1,0,continuation,0.4,10.0,21.75,-55.75,77.5,38.5,45.25,-55.75,101.0,11.25,49.25,-55.75,105.0,-97.75,49.25,-183.75,233.0,-110.0,49.25,-183.75,233.0
2025-10-06,25191.0,25221.75,25117.0,25155.5,104.75,25140.25,25174.25,25135.25,25165.0,39.0,25117.0,25143.1875,25169.375,25195.5625,25221.75,25135.25,25145.0,25154.75,25164.5,25174.25,25155.75,-1,0,continuation,0.4,-3.0,28.75,-45.5,74.25,52.0,60.75,-45.5,106.25,46.75,60.75,-45.5,106.25,82.75,97.25,-45.5,142.75,28.25,97.25,-45.5,142.75
2025-10-07,25253.75,25274.75,25217.0,25241.75,57.75,25245.75,25253.0,25229.25,25248.25,23.75,25217.0,25231.4375,25245.875,25260.3125,25274.75,25229.25,25235.1875,25241.125,25247.0625,25253.0,25242.0,-1,0,continuation,0.4,-55.75,15.25,-69.25,84.5,-212.25,15.25,-256.75,272.0,-217.25,15.25,-256.75,272.0,-189.0,15.25,-256.75,272.0,-196.75,15.25,-256.75,272.0
2025-10-08,25063.25,25183.5,25055.25,25174.0,128.25,25132.0,25166.0,25127.5,25161.25,38.5,25055.25,25087.3125,25119.375,25151.4375,25183.5,25127.5,25137.125,25146.75,25156.375,25166.0,25174.0,1,1,continuation,0.0,20.0,57.0,-1.25,58.25,80.75,87.0,-1.25,88.25,77.25,102.5,-1.25,103.75,96.5,124.0,-1.25,125.25,155.5,169.75,-1.25,171.0
2025-10-09,25332.5,25337.25,25250.0,25279.0,87.25,25276.0,25304.5,25253.75,25301.75,50.75,25250.0,25271.8125,25293.625,25315.4375,25337.25,25253.75,25266.4375,25279.125,25291.8125,25304.5,25279.5,-1,0,continuation,0.0,-29.0,9.5,-86.0,95.5,-16.5,9.5,-86.0,95.5,-75.75,9.5,-86.0,95.5,-44.5,9.5,-118.75,128.25,15.25,16.0,-118.75,134.75
2025-10-10,25297.75,25388.0,25293.75,25357.5,94.25,25368.5,25388.0,25345.5,25355.25,42.5,25293.75,25317.3125,25340.875,25364.4375,25388.0,25345.5,25356.125,25366.75,25377.375,25388.0,25357.25,1,1,reversal,0.4,-163.25,14.0,-229.25,243.25,-529.25,14.0,-690.0,704.0,-699.25,14.0,-709.5,723.5,-768.75,14.0,-785.75,799.75,-954.5,14.0,-973.0,987.0
2025-10-13,24786.75,24893.25,24724.5,24888.25,168.75,24812.0,24829.75,24769.0,24827.25,60.75,24724.5,24766.6875,24808.875,24851.0625,24893.25,24769.0,24784.1875,24799.375,24814.5625,24829.75,24887.25,1,1,continuation,0.4,-129.0,26.5,-143.75,170.25,5.5,26.5,-143.75,170.25,60.75,69.0,-143.75,212.75,14.0,77.75,-143.75,221.5,33.5,77.75,-143.75,221.5
2025-10-14,24620.25,24656.5,24423.25,24575.75,233.25,24452.75,24513.0,24423.25,24474.75,89.75,24423.25,24481.5625,24539.875,24598.1875,24656.5,24423.25,24445.6875,24468.125,24490.5625,24513.0,24575.25,-1,1,reversal,0.0,114.75,169.25,-20.75,190.0,230.0,263.0,-20.75,283.75,316.75,372.0,-20.75,392.75,324.0,372.0,-20.75,392.75,181.75,372.0,-20.75,392.75
2025-10-15,25021.5,25024.25,24897.0,25014.25,127.25,24941.5,24986.0,24897.0,24918.0,89.0,24897.0,24928.8125,24960.625,24992.4375,25024.25,24897.0,24919.25,24941.5,24963.75,24986.0,25013.75,-1,1,reversal,0.4,86.0,104.0,-0.5,104.5,-79.75,104.0,-137.25,241.25,-110.75,104.0,-137.25,241.25,-61.25,104.0,-350.25,454.25,-89.0,104.0,-350.25,454.25
2025-10-16,25080.25,25125.5,25026.0,25061.75,99.5,25091.75,25125.5,25047.5,25050.5,78.0,25026.0,25050.875,25075.75,25100.625,25125.5,25047.5,25067.0,25086.5,25106.0,25125.5,25062.0,-1,0,continuation,0.4,45.25,117.75,-48.5,166.25,-89.75,117.75,-115.5,233.25,-134.5,117.75,-330.5,448.25,-263.75,117.75,-418.75,536.5,-231.25,117.75,-418.75,536.5
2025-10-17,24737.5,24890.0,24672.25,24822.5,217.75,24693.25,24786.5,24678.25,24766.0,108.25,24672.25,24726.6875,24781.125,24835.5625,24890.0,24678.25,24705.3125,24732.375,24759.4375,24786.5,24822.75,1,1,continuation,0.4,-58.25,138.0,-75.5,213.5,26.75,138.0,-148.25,286.25,80.5,157.25,-148.25,305.5,174.0,207.25,-148.25,355.5,165.75,231.5,-148.25,379.75
2025-10-20,25129.5,25239.5,25114.75,25222.0,124.75,25188.75,25232.0,25181.25,25220.0,50.75,25114.75,25145.9375,25177.125,25208.3125,25239.5,25181.25,25193.9375,25206.625,25219.3125,25232.0,25222.25,1,1,continuation,0.0,92.0,99.5,-12.0,111.5,95.25,123.25,-12.0,135.25,92.5,123.25,-12.0,135.25,105.0,132.75,-12.0,144.75,77.5,132.75,-12.0,144.75
2025-10-21,25298.75,25306.0,25213.75,25234.75,92.25,25255.75,25262.25,25219.25,25240.5,43.0,25213.75,25236.8125,25259.875,25282.9375,25306.0,25219.25,25230.0,25240.75,25251.5,25262.25,25235.0,-1,0,continuation,0.4,63.0,66.75,-32.0,98.75,87.75,91.75,-32.0,123.75,50.5,112.5,-32.0,144.5,74.5,112.5,-32.0,144.5,56.25,112.5,-32.0,144.5
2025-10-22,25260.75,25289.5,25172.75,25258.0,116.75,25259.5,25261.5,25235.75,25255.75,25.75,25172.75,25201.9375,25231.125,25260.3125,25289.5,25235.75,25242.1875,25248.625,25255.0625,25261.5,25257.75,-1,1,continuation,0.4,-84.25,23.25,-207.25,230.5,-157.0,23.25,-254.75,278.0,-265.5,23.25,-391.5,414.75,-299.75,23.25,-452.5,475.75,-217.0,23.25,-452.5,475.75
2025-10-23,25008.0,25179.75,24940.25,25160.5,239.5,25092.0,25139.25,25091.25,25137.25,48.0,24940.25,25000.125,25060.0,25119.875,25179.75,25091.25,25103.25,25115.25,25127.25,25139.25,25160.5,1,1,continuation,0.0,29.25,38.75,-76.75,115.5,33.75,56.0,-76.75,132.75,79.5,81.25,-76.75,158.0,113.25,127.75,-76.75,204.5,92.0,127.75,-76.75,204.5
2025-10-24,25459.0,25550.5,25430.0,25475.25,120.5,25507.5,25550.5,25476.5,25484.5,74.0,25430.0,25460.125,25490.25,25520.375,25550.5,25476.5,25495.0,25513.5,25532.0,25550.5,25492.5,1,1,continuation,0.4,-24.25,48.75,-60.0,108.75,30.5,54.5,-60.0,114.5,59.0,76.5,-60.0,136.5,51.25,76.5,-60.0,136.5,16.5,76.5,-60.0,136.5
2025-10-27,25830.5,25859.75,25796.25,25848.25,63.5,25839.0,25850.0,25824.25,25833.5,25.75,25796.25,25812.125,25828.0,25843.875,25859.75,25824.25,25830.6875,25837.125,25843.5625,25850.0,25848.75,1,1,continuation,0.0,8.75,43.0,-26.75,69.75,44.0,60.0,-26.75,86.75,65.0,68.25,-26.75,95.0,93.25,97.5,-26.75,124.25,112.25,132.75,-26.75,159.5
2025-10-28,26012.5,26094.0,26008.75,26064.5,85.25,26077.75,26080.75,26037.0,26059.5,43.75,26008.75,26030.0625,26051.375,26072.6875,26094.0,26037.0,26047.9375,26058.875,26069.8125,26080.75,26064.75,1,1,reversal,0.4,-29.75,13.0,-56.25,69.25,-4.25,13.0,-58.75,71.75,44.0,82.25,-58.75,141.0,129.75,132.0,-58.75,190.75,95.5,167.25,-58.75,226.0
2025-10-29,26260.75,26319.25,26254.25,26319.0,65.0,26276.0,26289.75,26266.0,26282.0,23.75,26254.25,26270.5,26286.75,26303.0,26319.25,26266.0,26271.9375,26277.875,26283.8125,26289.75,26318.75,1,1,continuation,0.4,-59.0,7.75,-75.25,83.0,-81.25,7.75,-100.5,108.25,-64.75,7.75,-115.25,123.0,-134.0,7.75,-271.25,279.0,-38.5,7.75,-271.25,279.0
2025-10-30,26087.5,26147.25,25941.5,26125.25,205.75,25974.25,26078.0,25963.75,26055.75,114.25,25941.5,25992.9375,26044.375,26095.8125,26147.25,25963.75,25992.3125,26020.875,26049.4375,26078.0,26124.75,1,1,continuation,0.4,-107.75,54.75,-146.0,200.75,-133.75,54.75,-157.75,212.5,-51.25,54.75,-157.75,212.5,-136.0,54.75,-157.75,212.5,-253.0,54.75,-256.5,311.25
2025-10-31,26210.75,26217.0,26080.25,26102.75,136.75,26118.5,26133.5,26088.0,26108.75,45.5,26080.25,26114.4375,26148.625,26182.8125,26217.0,26088.0,26099.375,26110.75,26122.125,26133.5,26102.5,-1,0,continuation,0.4,62.25,79.0,-45.5,124.5,-50.75,80.5,-52.5,133.0,-153.0,80.5,-171.0,251.5,-88.5,80.5,-214.75,295.25,-109.75,80.5,-214.75,295.25
2025-11-03,26188.75,26265.75,26119.5,26133.5,146.25,26167.25,26182.5,26150.0,26154.5,32.5,26119.5,26156.0625,26192.625,26229.1875,26265.75,26150.0,26158.125,26166.25,26174.375,26182.5,26139.5,-1,0,continuation,0.0,-51.0,15.5,-126.75,142.25,-21.25,15.5,-126.75,142.25,10.5,20.0,-126.75,146.75,-23.0,26.5,-126.75,153.25,-29.25,26.5,-126.75,153.25
2025-11-04,25715.25,25881.0,25663.0,25874.75,218.0,25775.0,25785.0,25735.0,25776.5,50.0,25663.0,25717.5,25772.0,25826.5,25881.0,25735.0,25747.5,25760.0,25772.5,25785.0,25874.75,1,1,continuation,0.4,-86.25,19.0,-111.0,130.0,-119.25,19.0,-151.5,170.5,-195.5,19.0,-232.5,251.5,-268.75,19.0,-300.5,319.5,-295.25,19.0,-329.75,348.75
2025-11-05,25586.5,25690.75,25487.75,25686.75,203.0,25528.5,25620.25,25522.0,25608.5,98.25,25487.75,25538.5,25589.25,25640.0,25690.75,25522.0,25546.5625,25571.125,25595.6875,25620.25,25686.25,1,1,continuation,0.0,33.5,50.25,-67.75,118.0,88.25,102.75,-67.75,170.5,126.0,142.0,-67.75,209.75,176.75,192.25,-67.75,260.0,55.0,192.25,-67.75,260.0
2025-11-06,25766.75,25774.25,25509.5,25513.5,264.75,25607.0,25673.0,25602.5,25628.75,70.5,25509.5,25575.6875,25641.875,25708.0625,25774.25,25602.5,25620.125,25637.75,25655.375,25673.0,25513.25,-1,0,continuation,0.0,-210.25,30.75,-222.75,253.5,-292.25,30.75,-311.75,342.5,-175.25,30.75,-316.0,346.75,-109.0,30.75,-316.0,346.75,-254.25,30.75,-316.0,346.75
2025-11-07,25111.5,25124.25,24917.5,25025.0,206.75,24975.5,24998.0,24932.25,24935.75,65.75,24917.5,24969.1875,25020.875,25072.5625,25124.25,24932.25,24948.6875,24965.125,24981.5625,24998.0,25006.5,-1,0,continuation,0.4,-183.0,38.5,-184.5,223.0,-260.25,38.5,-287.5,326.0,-165.25,38.5,-297.5,336.0,107.0,110.0,-297.5,407.5,157.5,166.5,-297.5,464.0
2025-11-10,25555.5,25657.75,25521.5,25638.25,136.25,25629.5,25647.5,25611.0,25616.5,36.5,25521.5,25555.5625,25589.625,25623.6875,25657.75,25611.0,25620.125,25629.25,25638.375,25647.5,25637.25,1,1,continuation,0.0,-113.75,29.25,-121.5,150.75,-116.0,29.25,-185.0,214.25,-2.25,29.25,-185.0,214.25,65.25,80.75,-185.0,265.75,75.75,122.75,-185.0,307.75
2025-11-11,25597.0,25646.0,25560.5,25627.0,85.5,25609.5,25625.0,25577.5,25582.75,47.5,25560.5,25581.875,25603.25,25624.625,25646.0,25577.5,25589.375,25601.25,25613.125,25625.0,25627.0,1,1,reversal,0.0,-114.5,1.5,-141.0,142.5,-116.5,1.5,-148.5,150.0,-9.5,4.25,-148.5,152.75,36.5,68.75,-148.5,217.25,20.25,68.75,-148.5,217.25
2025-11-12,25800.75,25801.25,25561.5,25593.75,239.75,25645.0,25657.75,25571.0,25578.5,86.75,25561.5,25621.4375,25681.375,25741.3125,25801.25,25571.0,25592.6875,25614.375,25636.0625,25657.75,25594.25,-1,0,continuation,0.0,-36.75,65.5,-62.75,128.25,-61.25,65.5,-105.5,171.0,14.5,65.5,-105.5,171.0,-13.25,65.5,-105.5,171.0,31.5,65.5,-105.5,171.0
2025-11-13,25498.0,25509.25,25280.75,25381.25,228.5,25292.5,25343.75,25280.75,25317.5,63.0,25280.75,25337.875,25395.0,25452.125,25509.25,25280.75,25296.5,25312.25,25328.0,25343.75,25382.0,-1,0,continuation,0.4,-124.0,115.0,-185.0,300.0,-189.0,115.0,-227.0,342.0,-245.25,115.0,-256.25,371.25,-327.75,115.0,-380.0,495.0,-282.0,115.0,-380.0,495.0
2025-11-14,24717.0,24970.5,24626.0,24953.25,344.5,24834.5,24916.5,24819.0,24895.0,97.5,24626.0,24712.125,24798.25,24884.375,24970.5,24819.0,24843.375,24867.75,24892.125,24916.5,24953.0,1,1,continuation,0.0,190.0,225.5,-90.5,316.0,294.75,315.0,-90.5,405.5,251.0,340.5,-90.5,431.0,275.5,340.5,-90.5,431.0,153.0,340.5,-90.5,431.0
2025-11-17,25078.5,25254.75,24955.25,25199.75,299.5,25159.25,25228.0,25151.25,25218.75,76.75,24955.25,25030.125,25105.0,25179.875,25254.75,25151.25,25170.4375,25189.625,25208.8125,25228.0,25199.75,1,1,reversal,0.4,-119.5,16.25,-143.75,160.0,-3.5,16.25,-256.25,272.5,-198.75,16.25,-256.25,272.5,-443.75,16.25,-445.25,461.5,-311.75,16.25,-467.75,484.0
2025-11-18,24731.75,24832.0,24522.0,24523.25,310.0,24654.25,24738.5,24615.5,24623.5,123.0,24522.0,24599.5,24677.0,24754.5,24832.0,24615.5,24646.25,24677.0,24707.75,24738.5,24522.5,-1,0,continuation,0.4,-64.25,87.75,-92.5,180.25,131.0,175.25,-142.5,317.75,230.75,260.75,-142.5,403.25,252.25,287.75,-142.5,430.25,62.5,287.75,-142.5,430.25
2025-11-19,24665.0,24901.5,24572.75,24894.25,328.75,24743.0,24779.5,24723.25,24769.0,56.25,24572.75,24654.9375,24737.125,24819.3125,24901.5,24723.25,24737.3125,24751.375,24765.4375,24779.5,24894.0,1,1,continuation,0.4,-125.0,94.0,-146.75,240.75,-179.0,94.0,-247.5,341.5,-258.25,94.0,-386.0,480.0,-235.75,94.0,-386.0,480.0,-169.5,94.0,-386.0,480.0
2025-11-20,25230.0,25293.5,25145.0,25273.75,148.5,25212.0,25268.0,25170.0,25213.5,98.0,25145.0,25182.125,25219.25,25256.375,25293.5,25170.0,25194.5,25219.0,25243.5,25268.0,25275.25,1,1,continuation,0.4,-113.25,34.75,-119.25,154.0,-721.5,34.75,-763.5,798.25,-880.25,34.75,-967.0,1001.75,-877.5,34.75,-1070.75,1105.5,-1138.25,34.75,-1175.75,1210.5
2025-11-21,24242.75,24298.25,24101.0,24180.25,197.25,24180.75,24228.25,24101.0,24194.5,127.25,24101.0,24150.3125,24199.625,24248.9375,24298.25,24101.0,24132.8125,24164.625,24196.4375,24228.25,24175.5,-1,0,continuation,0.4,-153.75,53.5,-248.25,301.75,196.25,197.75,-248.25,446.0,174.0,240.5,-248.25,488.75,283.5,421.0,-248.25,669.25,138.25,421.0,-248.25,669.25
2025-11-24,24498.5,24722.25,24494.75,24683.75,227.5,24624.0,24690.0,24611.5,24617.75,78.5,24494.75,24551.625,24608.5,24665.375,24722.25,24611.5,24631.125,24650.75,24670.375,24690.0,24683.25,1,1,continuation,0.0,96.75,133.75,-19.25,153.0,163.25,207.0,-19.25,226.25,236.75,256.75,-19.25,276.0,230.5,277.25,-19.25,296.5,252.25,310.0,-19.25,329.25
2025-11-25,24884.0,24892.75,24602.0,24815.5,290.75,24729.25,24729.25,24625.0,24631.25,104.25,24602.0,24674.6875,24747.375,24820.0625,24892.75,24625.0,24651.0625,24677.125,24703.1875,24729.25,24817.5,-1,1,reversal,0.4,0.5,56.0,-163.5,219.5,82.0,96.0,-163.5,259.5,168.5,243.75,-163.5,407.25,196.25,243.75,-163.5,407.25,261.75,318.25,-163.5,481.75
2025-11-26,25214.25,25281.5,25155.75,25167.25,125.75,25233.0,25265.0,25232.75,25262.0,32.25,25155.75,25187.1875,25218.625,25250.0625,25281.5,25232.75,25240.8125,25248.875,25256.9375,25265.0,25167.5,-1,0,continuation,0.4,100.5,104.0,-32.75,136.75,187.25,208.0,-32.75,240.75,171.0,208.0,-32.75,240.75,164.75,208.0,-32.75,240.75,128.5,208.0,-32.75,240.75
2025-11-27,25300.25,25318.0,25287.0,25296.25,31.0,25299.0,25300.25,25295.0,25298.25,5.25,25287.0,25294.75,25302.5,25310.25,25318.0,25295.0,25296.3125,25297.625,25298.9375,25300.25,25296.25,-1,0,continuation,0.4,4.5,11.5,-6.25,17.75,0.0,11.5,-10.5,22.0,3.5,11.5,-10.5,22.0,3.5,11.5,-10.5,22.0,3.5,11.5,-10.5,22.0
2025-11-28,25371.5,25421.5,25329.5,25370.0,92.0,25357.25,25395.25,25341.75,25393.0,53.5,25329.5,25352.5,25375.5,25398.5,25421.5,25341.75,25355.125,25368.5,25381.875,25395.25,25370.0,-1,0,reversal,0.4,38.75,51.0,-21.5,72.5,56.75,67.0,-21.5,88.5,117.0,120.25,-21.5,141.75,114.75,130.25,-21.5,151.75,114.75,130.25,-21.5,151.75
2025-12-01,25266.0,25379.75,25209.0,25360.5,170.75,25247.0,25330.0,25237.0,25296.75,93.0,25209.0,25251.6875,25294.375,25337.0625,25379.75,25237.0,25260.25,25283.5,25306.75,25330.0,25364.25,1,1,continuation,0.0,48.5,55.5,-98.0,153.5,70.75,86.5,-98.0,184.5,86.5,131.5,-98.0,229.5,10.0,131.5,-98.0,229.5,37.5,131.5,-98.0,229.5
2025-12-02,25506.75,25613.0,25471.25,25597.25,141.75,25595.5,25604.25,25566.5,25583.75,37.75,25471.25,25506.6875,25542.125,25577.5625,25613.0,25566.5,25575.9375,25585.375,25594.8125,25604.25,25597.25,1,1,continuation,0.4,50.5,72.75,-69.25,142.0,-88.25,72.75,-183.5,256.25,-91.25,72.75,-183.5,256.25,36.25,72.75,-183.5,256.25,2.75,72.75,-183.5,256.25
2025-12-03,25648.5,25653.0,25420.75,25495.25,232.25,25475.5,25505.0,25461.5,25466.5,43.5,25420.75,25478.8125,25536.875,25594.9375,25653.0,25461.5,25472.375,25483.25,25494.125,25505.0,25500.0,-1,0,reversal,0.4,62.5,105.25,-11.25,116.5,60.5,123.0,-11.25,134.25,125.5,137.0,-11.25,148.25,169.75,172.25,-11.25,183.5,157.25,185.75,-11.25,197.0
2025-12-04,25632.0,25732.5,25540.0,25554.5,192.5,25590.75,25609.0,25570.0,25584.75,39.0,25540.0,25588.125,25636.25,25684.375,25732.5,25570.0,25579.75,25589.5,25599.25,25609.0,25555.25,-1,0,continuation,0.0,14.5,83.75,-35.25,119.0,86.75,95.0,-50.0,145.0,62.25,99.0,-50.0,149.0,33.5,99.0,-68.25,167.25,72.25,99.0,-68.25,167.25
2025-12-05,25614.5,25803.25,25611.25,25791.0,192.0,25709.0,25753.5,25707.0,25753.0,46.5,25611.25,25659.25,25707.25,25755.25,25803.25,25707.0,25718.625,25730.25,25741.875,25753.5,25791.0,1,1,continuation,0.4,-47.75,76.75,-74.5,151.25,-61.25,76.75,-140.0,216.75,-61.0,76.75,-140.0,216.75,-53.5,76.75,-140.0,216.75,-65.0,76.75,-140.0,216.75
2025-12-08,25810.0,25860.75,25722.0,25744.5,138.75,25805.0,25807.5,25722.0,25758.25,85.5,25722.0,25756.6875,25791.375,25826.0625,25860.75,25722.0,25743.375,25764.75,25786.125,25807.5,25744.0,-1,0,continuation,0.0,-81.0,34.5,-94.0,128.5,-104.25,34.5,-121.75,156.25,-63.25,34.5,-150.25,184.75,-152.5,34.5,-180.25,214.75,-75.25,34.5,-180.25,214.75
2025-12-09,25616.5,25653.25,25560.0,25630.25,93.25,25613.0,25635.0,25595.75,25617.75,39.25,25560.0,25583.3125,25606.625,25629.9375,25653.25,25595.75,25605.5625,25615.375,25625.1875,25635.0,25630.75,1,1,continuation,0.0,53.25,56.25,-15.5,71.75,78.0,85.0,-15.5,100.5,86.5,102.25,-15.5,117.75,71.75,107.75,-15.5,123.25,72.25,107.75,-15.5,123.25
2025-12-10,25673.0,25683.0,25567.0,25630.75,116.0,25643.25,25673.0,25630.5,25635.25,42.5,25567.0,25596.0,25625.0,25654.0,25683.0,25630.5,25641.125,25651.75,25662.375,25673.0,25630.75,-1,1,continuation,0.4,-64.0,26.0,-80.5,106.5,19.75,27.75,-102.5,130.25,34.25,51.25,-102.5,153.75,193.25,203.25,-102.5,305.75,169.5,239.0,-102.5,341.5
2025-12-11,25644.0,25680.75,25400.5,25414.25,280.25,25587.0,25591.25,25483.5,25487.0,107.75,25400.5,25470.5625,25540.625,25610.6875,25680.75,25483.5,25510.4375,25537.375,25564.3125,25591.25,25414.5,-1,0,continuation,0.4,116.75,214.75,-24.25,239.0,86.25,214.75,-24.25,239.0,178.0,232.75,-24.25,257.0,275.25,308.5,-24.25,332.75,300.25,308.5,-24.25,332.75
2025-12-12,25625.0,25632.5,25501.5,25558.0,131.0,25554.0,25567.5,25504.75,25507.25,62.75,25501.5,25534.25,25567.0,25599.75,25632.5,25504.75,25520.4375,25536.125,25551.8125,25567.5,25558.5,-1,0,continuation,0.0,-318.0,0.75,-345.0,345.75,-384.25,0.75,-440.75,441.5,-281.75,0.75,-440.75,441.5,-314.25,0.75,-440.75,441.5,-348.25,0.75,-440.75,441.5
2025-12-15,25380.25,25410.0,25213.75,25225.75,196.25,25288.0,25307.25,25257.0,25304.5,50.25,25213.75,25262.8125,25311.875,25360.9375,25410.0,25257.0,25269.5625,25282.125,25294.6875,25307.25,25225.75,-1,0,continuation,0.0,-73.0,10.25,-191.25,201.5,-62.5,41.0,-191.25,232.25,-94.75,41.0,-191.25,232.25,-75.75,41.0,-191.25,232.25,-141.0,41.0,-191.25,232.25
2025-12-16,25007.25,25155.0,24960.5,25150.5,194.5,25023.0,25099.25,24960.5,25075.75,138.75,24960.5,25009.125,25057.75,25106.375,25155.0,24960.5,24995.1875,25029.875,25064.5625,25099.25,25150.5,1,1,continuation,0.4,-71.0,14.0,-214.0,228.0,-57.5,14.0,-214.0,228.0,-190.0,14.0,-214.0,228.0,-71.75,14.0,-224.25,238.25,-19.0,51.75,-224.25,276.0
2025-12-17,25224.25,25240.5,25010.5,25099.0,230.0,25080.25,25100.0,25010.5,25062.5,89.5,25010.5,25068.0,25125.5,25183.0,25240.5,25010.5,25032.875,25055.25,25077.625,25100.0,25098.75,-1,0,continuation,0.0,-267.25,13.25,-292.75,306.0,-289.5,13.25,-340.75,354.0,-303.5,13.25,-342.75,356.0,-349.25,13.25,-403.5,416.75,-436.75,13.25,-440.0,453.25
2025-12-18,24991.5,25095.25,24928.25,25043.0,167.0,24964.25,25005.25,24928.25,24956.0,77.0,24928.25,24970.0,25011.75,25053.5,25095.25,24928.25,24947.5,24966.75,24986.0,25005.25,25042.25,1,1,continuation,0.4,88.5,129.5,-99.5,229.0,110.25,136.0,-99.5,235.5,76.5,136.0,-99.5,235.5,-66.25,136.0,-99.5,235.5,-23.5,136.0,-99.5,235.5
2025-12-22,25752.75,25795.0,25671.0,25747.75,124.0,25693.25,25733.0,25685.25,25718.75,47.75,25671.0,25702.0,25733.0,25764.0,25795.0,25685.25,25697.1875,25709.125,25721.0625,25733.0,25747.25,-1,1,continuation,0.0,-73.0,7.25,-117.75,125.0,-32.5,7.25,-117.75,125.0,-26.25,7.25,-117.75,125.0,-56.5,7.25,-117.75,125.0,-59.0,7.25,-117.75,125.0
2025-12-23,25620.75,25751.25,25609.0,25692.25,142.25,25730.0,25751.25,25720.75,25733.75,30.5,25609.0,25644.5625,25680.125,25715.6875,25751.25,25720.75,25728.375,25736.0,25743.625,25751.25,25691.0,1,1,continuation,0.4,40.25,49.75,-63.75,113.5,82.25,85.75,-63.75,149.5,63.75,87.5,-63.75,151.25,106.0,111.25,-63.75,175.0,120.25,129.25,-63.75,193.0
2025-12-24,25822.5,25827.5,25781.75,25809.75,45.75,25794.75,25808.25,25785.0,25793.75,23.25,25781.75,25793.1875,25804.625,25816.0625,25827.5,25785.0,25790.8125,25796.625,25802.4375,25808.25,25809.5,-1,1,reversal,0.0,19.5,31.5,-5.5,37.0,66.75,77.0,-5.5,82.5,68.5,82.75,-5.5,88.25,52.25,82.75,-5.5,88.25,52.25,82.75,-5.5,88.25
2025-12-26,25897.0,25935.0,25864.5,25880.75,70.5,25928.75,25935.0,25909.25,25915.0,25.75,25864.5,25882.125,25899.75,25917.375,25935.0,25909.25,25915.6875,25922.125,25928.5625,25935.0,25881.0,-1,0,continuation,0.4,18.25,25.0,-46.75,71.75,-6.75,30.0,-46.75,76.75,-9.5,30.0,-46.75,76.75,10.25,30.0,-46.75,76.75,-14.25,30.0,-46.75,76.75
2025-12-29,25693.75,25818.75,25656.0,25723.0,162.75,25793.0,25793.5,25734.5,25747.0,59.0,25656.0,25696.6875,25737.375,25778.0625,25818.75,25734.5,25749.25,25764.0,25778.75,25793.5,25722.75,1,0,reversal,0.4,-20.0,50.5,-61.25,111.75,-27.0,50.5,-61.25,111.75,-23.0,50.5,-75.0,125.5,43.0,51.75,-75.0,126.75,18.5,51.75,-75.0,126.75
2025-12-30,25714.25,25774.75,25673.5,25756.75,101.25,25691.0,25738.0,25673.5,25736.25,64.5,25673.5,25698.8125,25724.125,25749.4375,25774.75,25673.5,25689.625,25705.75,25721.875,25738.0,25756.0,1,1,continuation,0.4,-11.75,5.5,-77.75,83.25,-36.25,38.0,-77.75,115.75,-27.0,38.0,-77.75,115.75,-44.25,38.0,-77.75,115.75,-78.0,38.0,-87.75,125.75
2025-12-31,25703.0,25718.25,25581.75,25605.75,136.5,25620.0,25626.25,25581.75,25604.25,44.5,25581.75,25615.875,25650.0,25684.125,25718.25,25581.75,25592.875,25604.0,25615.125,25626.25,25606.0,-1,0,continuation,0.0,-51.25,12.0,-63.5,75.5,-0.75,12.0,-63.5,75.5,-24.5,12.0,-63.5,75.5,-69.75,28.75,-74.0,102.75,-151.0,28.75,-161.5,190.25
2026-01-02,25692.25,25803.5,25638.0,25733.25,165.5,25691.0,25775.25,25689.25,25755.0,86.0,25638.0,25679.375,25720.75,25762.125,25803.5,25689.25,25710.75,25732.25,25753.75,25775.25,25733.75,1,1,reversal,0.0,-358.75,46.25,-373.25,419.5,-392.25,46.25,-439.75,486.0,-409.75,46.25,-439.75,486.0,-333.75,46.25,-468.5,514.75,-348.5,46.25,-468.5,514.75
2026-01-05,25575.75,25673.25,25538.5,25594.75,134.75,25602.5,25632.75,25560.0,25596.25,72.75,25538.5,25572.1875,25605.875,25639.5625,25673.25,25560.0,25578.1875,25596.375,25614.5625,25632.75,25594.75,1,0,continuation,0.4,69.75,96.5,-29.25,125.75,63.25,113.25,-29.25,142.5,32.0,113.25,-29.25,142.5,-17.75,113.25,-46.25,159.5,-7.75,113.25,-46.25,159.5
2026-01-06,25616.5,25761.5,25592.75,25753.0,168.75,25666.25,25719.0,25661.75,25710.0,57.25,25592.75,25634.9375,25677.125,25719.3125,25761.5,25661.75,25676.0625,25690.375,25704.6875,25719.0,25753.25,1,1,continuation,0.4,-65.5,25.5,-80.25,105.75,-57.5,25.5,-114.25,139.75,6.5,32.5,-114.25,146.75,54.5,68.0,-114.25,182.25,60.0,84.5,-114.25,198.75
2026-01-07,25788.5,25880.0,25761.5,25857.0,118.5,25854.5,25873.25,25840.5,25857.5,32.75,25761.5,25791.125,25820.75,25850.375,25880.0,25840.5,25848.6875,25856.875,25865.0625,25873.25,25855.0,1,1,continuation,0.4,50.25,56.25,-46.0,102.25,115.0,116.25,-46.0,162.25,116.0,143.0,-46.0,189.0,47.75,143.0,-46.0,189.0,-20.25,143.0,-46.0,189.0
2026-01-08,25799.0,25811.0,25597.5,25603.5,213.5,25622.25,25676.25,25597.5,25649.75,78.75,25597.5,25650.875,25704.25,25757.625,25811.0,25597.5,25617.1875,25636.875,25656.5625,25676.25,25603.25,-1,0,continuation,0.0,81.5,110.25,-33.75,144.0,67.5,110.25,-33.75,144.0,77.25,110.25,-33.75,144.0,30.5,110.25,-33.75,144.0,79.5,110.25,-33.75,144.0
2026-01-09,25805.0,25824.75,25648.25,25734.0,176.5,25751.5,25769.75,25673.25,25705.75,96.5,25648.25,25692.375,25736.5,25780.625,25824.75,25673.25,25697.375,25721.5,25745.625,25769.75,25738.25,-1,1,continuation,0.4,73.5,140.75,-122.5,263.25,172.0,182.25,-122.5,304.75,184.75,197.75,-122.5,320.25,216.25,234.5,-122.5,357.0,194.75,247.75,-122.5,370.25
2026-01-12,25743.75,25924.75,25719.75,25901.0,205.0,25853.75,25875.0,25834.25,25871.25,40.75,25719.75,25771.0,25822.25,25873.5,25924.75,25834.25,25844.4375,25854.625,25864.8125,25875.0,25901.25,1,1,continuation,0.0,14.75,32.0,-37.75,69.75,59.25,68.25,-37.75,106.0,67.0,75.75,-37.75,113.5,113.5,117.25,-37.75,155.0,50.75,119.25,-37.75,157.0
2026-01-13,25970.75,26043.0,25930.75,25947.0,112.25,25990.5,26003.0,25957.5,25975.0,45.5,25930.75,25958.8125,25986.875,26014.9375,26043.0,25957.5,25968.875,25980.25,25991.625,26003.0,25946.25,-1,0,continuation,0.0,-51.75,25.0,-140.25,165.25,62.5,79.75,-140.25,220.0,-69.5,79.75,-140.25,220.0,-80.0,79.75,-140.25,220.0,-42.25,79.75,-143.0,222.75
2026-01-14,25754.25,25791.25,25578.25,25585.25,213.0,25631.75,25674.25,25614.0,25666.25,60.25,25578.25,25631.5,25684.75,25738.0,25791.25,25614.0,25629.0625,25644.125,25659.1875,25674.25,25585.75,-1,0,continuation,0.0,-94.0,109.25,-116.25,225.5,-125.75,109.25,-145.75,255.0,-136.0,109.25,-152.5,261.75,-85.25,109.25,-164.5,273.75,51.0,109.25,-164.5,273.75
2026-01-15,25894.25,25954.25,25842.75,25864.0,111.5,25927.0,25954.25,25890.25,25902.75,64.0,25842.75,25870.625,25898.5,25926.375,25954.25,25890.25,25906.25,25922.25,25938.25,25954.25,25863.75,-1,0,continuation,0.4,20.25,62.0,-60.25,122.25,60.75,73.5,-60.25,133.75,-10.0,76.0,-60.25,136.25,-106.75,76.0,-117.75,193.75,-144.75,76.0,-183.0,259.0
2026-01-16,25826.25,25891.25,25726.25,25728.75,165.0,25820.5,25853.0,25807.0,25821.0,46.0,25726.25,25767.5,25808.75,25850.0,25891.25,25807.0,25818.5,25830.0,25841.5,25853.0,25729.0,-1,0,continuation,0.0,-48.25,36.5,-138.75,175.25,-12.0,36.5,-138.75,175.25,-68.75,36.5,-138.75,175.25,-13.0,36.5,-138.75,175.25,-44.25,36.5,-138.75,175.25
2026-01-19,25320.5,25347.5,25236.25,25316.25,111.25,25246.0,25266.0,25236.25,25262.5,29.75,25236.25,25264.0625,25291.875,25319.6875,25347.5,25236.25,25243.6875,25251.125,25258.5625,25266.0,25316.0,-1,1,reversal,0.0,11.0,27.75,-28.25,56.0,62.5,67.5,-28.25,95.75,81.75,102.0,-28.25,130.25,81.75,102.0,-28.25,130.25,81.75,102.0,-28.25,130.25
2026-01-20,25212.25,25369.0,25201.25,25323.0,167.75,25334.25,25334.75,25267.5,25298.0,67.25,25201.25,25243.1875,25285.125,25327.0625,25369.0,25267.5,25284.3125,25301.125,25317.9375,25334.75,25322.75,1,1,continuation,0.4,40.5,95.0,-68.75,163.75,76.25,107.25,-68.75,176.0,-30.0,107.25,-68.75,176.0,-153.25,107.25,-194.75,302.0,-180.0,107.25,-223.75,331.0
2026-01-21,25084.0,25339.75,25072.25,25325.0,267.5,25201.5,25244.25,25196.75,25236.0,47.5,25072.25,25139.125,25206.0,25272.875,25339.75,25196.75,25208.625,25220.5,25232.375,25244.25,25324.5,1,1,continuation,0.4,145.25,163.5,-31.5,195.0,-94.75,172.0,-103.5,275.5,-78.5,172.0,-181.75,353.75,314.5,317.25,-181.75,499.0,147.0,328.75,-181.75,510.5
2026-01-22,25735.75,25739.25,25554.25,25580.25,185.0,25646.25,25659.0,25556.75,25574.5,102.25,25554.25,25600.5,25646.75,25693.0,25739.25,25556.75,25582.3125,25607.875,25633.4375,25659.0,25580.0,-1,0,continuation,0.4,26.0,78.75,-45.25,124.0,89.25,119.75,-45.25,165.0,131.5,141.0,-45.25,186.25,59.75,141.25,-45.25,186.5,81.5,141.25,-45.25,186.5
2026-01-23,25570.75,25674.0,25556.75,25667.25,117.25,25616.0,25636.25,25579.5,25592.0,56.75,25556.75,25586.0625,25615.375,25644.6875,25674.0,25579.5,25593.6875,25607.875,25622.0625,25636.25,25673.25,1,1,continuation,0.0,153.25,154.25,-10.75,165.0,115.0,172.25,-10.75,183.0,20.75,172.25,-10.75,183.0,74.75,172.25,-10.75,183.0,61.75,172.25,-10.75,183.0
2026-01-26,25716.75,25853.5,25704.25,25838.0,149.25,25816.5,25835.0,25800.75,25805.75,34.25,25704.25,25741.5625,25778.875,25816.1875,25853.5,25800.75,25809.3125,25817.875,25826.4375,25835.0,25837.5,1,1,continuation,0.0,44.0,61.25,-34.5,95.75,68.75,90.75,-34.5,125.25,53.25,95.0,-34.5,129.5,41.0,95.25,-34.5,129.75,7.0,95.25,-34.5,129.75
2026-01-27,25990.5,26061.0,25917.25,26052.75,143.75,25959.0,25990.5,25958.75,25981.25,31.75,25917.25,25953.1875,25989.125,26025.0625,26061.0,25958.75,25966.6875,25974.625,25982.5625,25990.5,26052.5,1,1,continuation,0.0,26.0,46.0,-30.5,76.5,27.25,54.5,-30.5,85.0,9.25,54.5,-30.5,85.0,39.75,54.5,-30.5,85.0,23.5,62.0,-30.5,92.5
2026-01-28,26273.25,26305.25,26213.5,26253.5,91.75,26285.0,26305.25,26230.0,26250.25,75.25,26213.5,26236.4375,26259.375,26282.3125,26305.25,26230.0,26248.8125,26267.625,26286.4375,26305.25,26253.0,-1,0,continuation,0.0,-90.5,12.5,-94.0,106.5,-136.25,12.5,-152.25,164.75,-111.75,12.5,-152.25,164.75,-92.25,12.5,-152.25,164.75,-102.5,12.5,-152.25,164.75
2026-01-29,26194.5,26197.0,25858.25,25864.0,338.75,25951.25,26008.0,25910.5,25986.25,97.5,25858.25,25942.9375,26027.625,26112.3125,26197.0,25910.5,25934.875,25959.25,25983.625,26008.0,25864.25,-1,0,continuation,0.0,-287.5,4.25,-328.25,332.5,-152.5,4.25,-328.25,332.5,-103.75,14.5,-328.25,342.75,-15.25,34.25,-328.25,362.5,128.0,155.75,-328.25,484.0
2026-01-30,25825.5,25939.25,25805.0,25827.0,134.25,25871.25,25899.75,25838.25,25891.75,61.5,25805.0,25838.5625,25872.125,25905.6875,25939.25,25838.25,25853.625,25869.0,25884.375,25899.75,25826.75,1,0,reversal,0.4,14.5,107.5,-56.5,164.0,-69.25,107.5,-82.75,190.25,-147.0,107.5,-148.25,255.75,-168.5,107.5,-258.0,365.5,-151.0,107.5,-258.0,365.5
2026-02-02,25529.0,25799.25,25519.5,25752.75,279.75,25718.75,25752.25,25698.25,25745.0,54.0,25519.5,25589.4375,25659.375,25729.3125,25799.25,25698.25,25711.75,25725.25,25738.75,25752.25,25753.25,1,1,continuation,0.0,87.25,159.0,-39.25,198.25,141.25,159.0,-39.25,198.25,170.25,188.0,-39.25,227.25,94.0,195.75,-39.25,235.0,103.0,195.75,-39.25,235.0
2026-02-03,25967.5,25978.0,25623.0,25631.25,355.0,25752.25,25811.5,25741.0,25799.0,70.5,25623.0,25711.75,25800.5,25889.25,25978.0,25741.0,25758.625,25776.25,25793.875,25811.5,25632.0,-1,0,continuation,0.0,-14.5,15.25,-161.75,177.0,-140.25,15.25,-166.25,181.5,-244.75,15.25,-287.5,302.75,-315.25,15.25,-414.0,429.25,-186.75,15.25,-414.0,429.25
2026-02-04,25357.75,25389.25,25186.0,25199.5,203.25,25330.25,25371.75,25291.0,25344.25,80.75,25186.0,25236.8125,25287.625,25338.4375,25389.25,25291.0,25311.1875,25331.375,25351.5625,25371.75,25196.75,-1,0,continuation,0.0,-44.5,109.0,-89.0,198.0,-161.0,109.0,-268.75,377.75,-322.5,109.0,-412.75,521.75,-91.0,109.0,-412.75,521.75,-198.75,109.0,-412.75,521.75
2026-02-05,24767.75,24961.25,24651.75,24769.75,309.5,24913.75,24942.0,24872.5,24926.25,69.5,24651.75,24729.125,24806.5,24883.875,24961.25,24872.5,24889.875,24907.25,24924.625,24942.0,24770.0,1,0,reversal,0.4,-135.25,35.5,-219.25,254.75,59.0,86.75,-233.0,319.75,12.5,117.75,-233.0,350.75,-57.5,117.75,-233.0,350.75,-130.75,117.75,-233.0,350.75
2026-02-06,24797.5,24984.0,24700.5,24855.0,283.5,24927.25,24950.0,24897.5,24931.5,52.5,24700.5,24771.375,24842.25,24913.125,24984.0,24897.5,24910.625,24923.75,24936.875,24950.0,24854.75,1,1,continuation,0.4,41.0,107.5,-112.75,220.25,146.0,197.0,-112.75,309.75,237.5,254.25,-112.75,367.0,215.0,269.0,-112.75,381.75,292.25,366.75,-112.75,479.5
2026-02-09,25079.25,25188.5,24955.5,25113.5,233.0,25150.0,25188.5,25122.0,25171.25,66.5,24955.5,25013.75,25072.0,25130.25,25188.5,25122.0,25138.625,25155.25,25171.875,25188.5,25112.5,1,1,continuation,0.0,199.75,216.5,-9.25,225.75,278.5,293.0,-9.25,302.25,243.0,304.25,-9.25,313.5,286.5,316.5,-9.25,325.75,225.75,316.5,-9.25,325.75
2026-02-10,25372.5,25410.25,25251.25,25391.75,159.0,25309.75,25315.0,25251.25,25278.5,63.75,25251.25,25291.0,25330.75,25370.5,25410.25,25251.25,25267.1875,25283.125,25299.0625,25315.0,25392.0,1,1,continuation,0.4,-17.25,55.0,-44.25,99.25,-64.75,55.0,-75.25,130.25,-8.25,55.0,-87.0,142.0,-97.75,55.0,-121.0,176.0,-173.0,55.0,-194.5,249.5
2026-02-11,25443.5,25465.5,25290.0,25305.0,175.5,25391.75,25436.25,25365.5,25401.5,70.75,25290.0,25333.875,25377.75,25421.625,25465.5,25365.5,25383.1875,25400.875,25418.5625,25436.25,25305.5,-1,0,continuation,0.0,-60.75,37.25,-247.5,284.75,-124.75,37.25,-247.5,284.75,-41.0,37.25,-247.5,284.75,3.5,55.25,-247.5,302.75,-27.25,55.25,-247.5,302.75
2026-02-12,25395.75,25400.25,25186.25,25206.25,214.0,25309.5,25324.25,25240.5,25251.0,83.75,25186.25,25239.75,25293.25,25346.75,25400.25,25240.5,25261.4375,25282.375,25303.3125,25324.25,25208.25,-1,0,continuation,0.0,-197.5,52.0,-201.75,253.75,-329.5,52.0,-402.75,454.75,-382.75,52.0,-402.75,454.75,-309.75,52.0,-407.25,459.25,-444.25,52.0,-486.75,538.75
2026-02-13,24781.0,24849.75,24578.75,24699.0,271.0,24715.25,24849.75,24708.0,24775.5,141.75,24578.75,24646.5,24714.25,24782.0,24849.75,24708.0,24743.4375,24778.875,24814.3125,24849.75,24697.75,-1,0,reversal,0.0,113.25,231.5,-6.0,237.5,196.75,237.0,-6.0,243.0,240.5,296.25,-6.0,302.25,155.0,297.75,-6.0,303.75,104.75,297.75,-6.0,303.75
2026-02-16,24844.5,24845.25,24692.25,24768.5,153.0,24722.75,24731.5,24692.25,24727.0,39.25,24692.25,24730.5,24768.75,24807.0,24845.25,24692.25,24702.0625,24711.875,24721.6875,24731.5,24768.25,-1,0,continuation,0.4,-76.0,29.25,-90.5,119.75,-39.75,29.25,-97.75,127.0,-22.25,29.25,-97.75,127.0,-22.25,29.25,-97.75,127.0,-22.25,29.25,-97.75,127.0
2026-02-17,24612.75,24815.5,24475.75,24484.75,339.75,24701.25,24711.5,24621.0,24661.5,90.5,24475.75,24560.6875,24645.625,24730.5625,24815.5,24621.0,24643.625,24666.25,24688.875,24711.5,24484.25,-1,0,continuation,0.4,115.75,157.0,-35.0,192.0,275.25,312.25,-35.0,347.25,213.25,312.25,-35.0,347.25,330.5,405.25,-35.0,440.25,292.5,405.25,-35.0,440.25
2026-02-18,24828.25,24958.75,24752.0,24940.5,206.75,24851.0,24879.75,24792.5,24801.75,87.25,24752.0,24803.6875,24855.375,24907.0625,24958.75,24792.5,24814.3125,24836.125,24857.9375,24879.75,24941.0,1,1,continuation,0.0,145.25,158.5,-4.0,162.5,120.25,177.75,-4.0,181.75,156.75,187.5,-4.0,191.5,-58.0,187.5,-79.25,266.75,16.5,187.5,-85.0,272.5
2026-02-19,24853.75,24920.0,24762.5,24881.75,157.5,24846.25,24851.5,24777.0,24825.0,74.5,24762.5,24801.875,24841.25,24880.625,24920.0,24777.0,24795.625,24814.25,24832.875,24851.5,24880.25,1,1,continuation,0.4,44.25,70.25,-38.0,108.25,-36.75,81.5,-78.5,160.0,-99.5,81.5,-115.25,196.75,-98.0,81.5,-132.25,213.75,-17.25,81.5,-132.25,213.75
2026-02-20,24769.0,24958.0,24677.0,24900.0,281.0,24925.5,24958.0,24891.75,24896.5,66.25,24677.0,24747.25,24817.5,24887.75,24958.0,24891.75,24908.3125,24924.875,24941.4375,24958.0,24899.25,1,1,continuation,0.0,219.5,227.75,-41.0,268.75,199.25,240.5,-41.0,281.5,135.5,240.5,-41.0,281.5,123.25,240.5,-41.0,281.5,175.0,240.5,-41.0,281.5
2026-02-23,24935.0,25040.0,24857.5,24913.25,182.5,24881.0,24923.75,24857.5,24892.0,66.25,24857.5,24903.125,24948.75,24994.375,25040.0,24857.5,24874.0625,24890.625,24907.1875,24923.75,24912.75,-1,0,continuation,0.0,-168.75,40.0,-174.75,214.75,-177.5,40.0,-245.0,285.0,-168.25,40.0,-245.0,285.0,-220.75,40.0,-245.0,285.0,-144.75,40.0,-245.0,285.0
2026-02-24,24877.0,24964.25,24694.0,24876.75,270.25,24911.25,24964.25,24904.5,24943.5,59.75,24694.0,24761.5625,24829.125,24896.6875,24964.25,24904.5,24919.4375,24934.375,24949.3125,24964.25,24877.25,-1,1,reversal,0.0,99.0,154.0,-57.75,211.75,151.75,169.75,-57.75,227.5,169.0,198.75,-57.75,256.5,144.0,203.5,-57.75,261.25,152.5,203.5,-57.75,261.25
2026-02-25,25150.75,25352.0,25130.0,25343.25,222.0,25271.5,25331.75,25270.75,25319.75,61.0,25130.0,25185.5,25241.0,25296.5,25352.0,25270.75,25286.0,25301.25,25316.5,25331.75,25343.0,1,1,continuation,0.0,-48.25,18.0,-78.25,96.25,-26.5,18.0,-78.25,96.25,8.75,18.0,-78.25,96.25,25.5,36.0,-78.25,114.25,41.0,53.75,-78.25,132.0
2026-02-26,25384.0,25398.75,25182.5,25193.0,216.25,25265.5,25265.5,25209.0,25230.25,56.5,25182.5,25236.5625,25290.625,25344.6875,25398.75,25209.0,25223.125,25237.25,25251.375,25265.5,25193.0,-1,0,continuation,0.0,-193.25,18.0,-331.0,349.0,-229.5,18.0,-331.0,349.0,-257.75,18.0,-331.0,349.0,-130.0,18.0,-331.0,349.0,-110.0,18.0,-331.0,349.0
2026-02-27,24871.0,24938.75,24780.0,24880.5,158.75,24844.75,24938.75,24817.75,24926.5,121.0,24780.0,24819.6875,24859.375,24899.0625,24938.75,24817.75,24848.0,24878.25,24908.5,24938.75,24880.5,1,1,continuation,0.0,102.5,137.0,-14.25,151.25,88.75,141.0,-14.25,155.25,65.25,156.25,-14.25,170.5,14.0,156.25,-14.25,170.5,117.75,156.25,-14.25,170.5
2026-03-02,24621.5,24899.0,24605.25,24863.0,293.75,24837.75,24897.25,24815.25,24891.25,82.0,24605.25,24678.6875,24752.125,24825.5625,24899.0,24815.25,24835.75,24856.25,24876.75,24897.25,24859.25,1,1,continuation,0.0,64.75,98.5,-56.25,154.75,174.25,185.25,-56.25,241.5,205.5,217.25,-56.25,273.5,223.5,240.75,-56.25,297.0,163.0,240.75,-56.25,297.0
2026-03-03,24496.5,24661.0,24455.75,24489.75,205.25,24532.5,24613.25,24491.5,24501.75,121.75,24455.75,24507.0625,24558.375,24609.6875,24661.0,24491.5,24521.9375,24552.375,24582.8125,24613.25,24489.5,-1,0,continuation,0.0,-42.75,74.25,-138.75,213.0,181.75,235.5,-138.75,374.25,151.5,235.5,-138.75,374.25,297.5,360.75,-138.75,499.5,267.25,360.75,-138.75,499.5
2026-03-04,24889.5,24970.5,24813.5,24921.0,157.0,24851.0,24939.5,24813.5,24896.5,126.0,24813.5,24852.75,24892.0,24931.25,24970.5,24813.5,24845.0,24876.5,24908.0,24939.5,24922.5,1,1,continuation,0.0,204.75,225.25,-32.25,257.5,222.5,249.75,-32.25,282.0,246.5,258.75,-32.25,291.0,266.5,294.5,-32.25,326.75,197.5,294.5,-32.25,326.75
2026-03-05,24994.25,25188.0,24962.25,25185.75,225.75,25059.75,25131.75,25035.25,25088.5,96.5,24962.25,25018.6875,25075.125,25131.5625,25188.0,25035.25,25059.375,25083.5,25107.625,25131.75,25185.25,1,1,continuation,0.4,-103.5,23.0,-254.75,277.75,-142.5,23.0,-254.75,277.75,-378.5,23.0,-400.0,423.0,-327.25,23.0,-411.25,434.25,-137.25,23.0,-411.25,434.25
2026-03-06,24646.0,24742.5,24611.75,24691.0,130.75,24681.0,24716.75,24635.5,24675.25,81.25,24611.75,24644.4375,24677.125,24709.8125,24742.5,24635.5,24655.8125,24676.125,24696.4375,24716.75,24691.5,1,1,continuation,0.4,167.0,201.25,-27.25,228.5,189.0,224.0,-27.25,251.25,93.25,229.5,-27.25,256.75,117.25,229.5,-27.25,256.75,-24.25,229.5,-86.5,316.0
2026-03-09,24380.0,24526.0,24313.25,24371.25,212.75,24383.25,24420.0,24343.5,24361.5,76.5,24313.25,24366.4375,24419.625,24472.8125,24526.0,24343.5,24362.625,24381.75,24400.875,24420.0,24371.25,-1,0,reversal,0.4,179.0,213.5,-47.75,261.25,270.25,287.25,-47.75,335.0,337.75,378.75,-47.75,426.5,284.5,378.75,-47.75,426.5,620.75,683.75,-47.75,731.5
2026-03-10,24969.0,25081.0,24945.5,24964.25,135.5,25029.5,25056.75,24995.0,25046.0,61.75,24945.5,24979.375,25013.25,25047.125,25081.0,24995.0,25010.4375,25025.875,25041.3125,25056.75,24964.5,-1,0,continuation,0.4,187.25,188.75,-72.0,260.75,184.25,217.5,-72.0,289.5,191.5,217.5,-72.0,289.5,64.5,253.25,-72.0,325.25,21.25,253.25,-72.0,325.25
2026-03-11,24945.0,25115.5,24943.25,25101.5,172.25,25070.25,25098.25,25035.5,25050.25,62.75,24943.25,24986.3125,25029.375,25072.4375,25115.5,25035.5,25051.1875,25066.875,25082.5625,25098.25,25101.5,1,1,continuation,0.4,-36.5,78.5,-143.0,221.5,-166.75,78.5,-209.5,288.0,-94.5,78.5,-209.5,288.0,-143.75,78.5,-227.75,306.25,-117.5,78.5,-227.75,306.25
2026-03-12,24833.25,24852.75,24630.5,24657.5,222.25,24765.0,24765.0,24676.5,24736.5,88.5,24630.5,24686.0625,24741.625,24797.1875,24852.75,24676.5,24698.625,24720.75,24742.875,24765.0,24658.75,-1,0,continuation,0.0,-39.0,91.25,-86.25,177.5,6.5,91.25,-97.75,189.0,3.0,91.25,-97.75,189.0,-58.75,91.25,-97.75,189.0,-103.0,91.25,-115.75,207.0
2026-03-13,24680.75,24805.0,24611.0,24727.75,194.0,24770.0,24805.0,24755.0,24755.0,50.0,24611.0,24659.5,24708.0,24756.5,24805.0,24755.0,24767.5,24780.0,24792.5,24805.0,24728.0,1,1,reversal,0.4,-237.0,37.5,-247.25,284.75,-319.0,37.5,-336.25,373.75,-331.25,37.5,-342.0,379.5,-279.25,37.5,-375.0,412.5,-330.5,37.5,-377.25,414.75
2026-03-16,24658.25,24744.25,24623.0,24736.75,121.25,24671.25,24735.0,24669.0,24713.75,66.0,24623.0,24653.3125,24683.625,24713.9375,24744.25,24669.0,24685.5,24702.0,24718.5,24735.0,24736.0,1,1,continuation,0.4,-41.5,29.75,-133.75,163.5,-60.5,29.75,-133.75,163.5,-62.0,29.75,-133.75,163.5,-31.25,29.75,-133.75,163.5,-66.5,80.25,-133.75,214.0
2026-03-17,24715.75,24896.75,24713.25,24874.25,183.5,24843.75,24895.5,24838.25,24894.5,57.25,24713.25,24759.125,24805.0,24850.875,24896.75,24838.25,24852.5625,24866.875,24881.1875,24895.5,24874.25,1,1,inside,0.6000000000000001,-17.0,7.75,-95.75,103.5,-101.0,7.75,-147.25,155.0,-95.0,7.75,-147.25,155.0,-89.0,7.75,-147.25,155.0,-82.5,7.75,-147.25,155.0
2026-03-18,24663.0,24779.5,24645.5,24749.5,134.0,24736.5,24779.5,24729.0,24748.5,50.5,24645.5,24679.0,24712.5,24746.0,24779.5,24729.0,24741.625,24754.25,24766.875,24779.5,24749.5,1,1,reversal,0.4,-84.25,15.5,-154.75,170.25,-69.25,15.5,-154.75,170.25,-121.5,15.5,-154.75,170.25,-222.25,15.5,-225.0,240.5,-315.25,15.5,-325.25,340.75
2026-03-19,24234.75,24308.5,24113.75,24294.0,194.75,24217.0,24246.75,24178.25,24246.75,68.5,24113.75,24162.4375,24211.125,24259.8125,24308.5,24178.25,24195.375,24212.5,24229.625,24246.75,24294.25,1,1,continuation,0.4,-17.75,38.75,-98.75,137.5,-31.5,70.0,-106.75,176.75,-52.25,70.0,-106.75,176.75,-0.25,70.0,-127.75,197.75,65.75,180.75,-127.75,308.5
2026-03-23,24609.5,24643.0,24432.5,24600.0,210.5,24498.0,24578.75,24487.0,24575.25,91.75,24432.5,24485.125,24537.75,24590.375,24643.0,24487.0,24509.9375,24532.875,24555.8125,24578.75,24600.25,-1,1,reversal,0.4,10.5,89.75,-73.25,163.0,-218.75,89.75,-229.5,319.25,-231.75,89.75,-295.25,385.0,-85.5,89.75,-295.25,385.0,-201.5,89.75,-295.25,385.0
2026-03-24,24279.5,24317.0,24134.75,24216.0,182.25,24179.0,24229.0,24152.75,24155.5,76.25,24134.75,24180.3125,24225.875,24271.4375,24317.0,24152.75,24171.8125,24190.875,24209.9375,24229.0,24215.75,-1,0,reversal,0.4,28.25,127.75,-40.0,167.75,80.25,169.0,-40.0,209.0,65.25,169.0,-40.0,209.0,59.0,169.0,-55.5,224.5,3.0,169.0,-55.5,224.5
2026-03-25,24448.5,24526.0,24360.0,24368.5,166.0,24452.25,24467.25,24414.25,24418.25,53.0,24360.0,24401.5,24443.0,24484.5,24526.0,24414.25,24427.5,24440.75,24454.0,24467.25,24368.5,-1,0,continuation,0.4,115.5,150.75,-40.0,190.75,10.25,150.75,-81.25,232.0,53.0,150.75,-81.25,232.0,-13.25,150.75,-81.25,232.0,3.75,150.75,-81.25,232.0
2026-03-26,24117.5,24233.25,24066.0,24215.75,167.25,24156.75,24195.0,24143.25,24165.5,51.75,24066.0,24107.8125,24149.625,24191.4375,24233.25,24143.25,24156.1875,24169.125,24182.0625,24195.0,24216.25,1,1,continuation,0.0,-113.75,25.0,-183.5,208.5,-123.5,25.0,-183.5,208.5,-218.5,25.0,-248.5,273.5,-333.75,25.0,-372.25,397.25,-429.25,25.0,-441.25,466.25
2026-03-27,23613.75,23664.25,23472.0,23479.25,192.25,23591.0,23646.75,23588.25,23615.75,58.5,23472.0,23520.0625,23568.125,23616.1875,23664.25,23588.25,23602.875,23617.5,23632.125,23646.75,23483.5,-1,0,continuation,0.4,28.0,75.25,-44.75,120.0,66.25,127.5,-44.75,172.25,-9.0,127.5,-44.75,172.25,-143.5,127.5,-156.5,284.0,-174.75,127.5,-214.5,342.0
2026-03-30,23506.25,23538.0,23293.0,23302.5,245.0,23393.25,23405.75,23352.75,23358.5,53.0,23293.0,23354.25,23415.5,23476.75,23538.0,23352.75,23366.0,23379.25,23392.5,23405.75,23302.5,-1,0,continuation,0.0,75.0,80.5,-40.25,120.75,72.75,135.25,-40.25,175.5,-14.5,135.25,-40.25,175.5,-181.75,135.25,-188.0,323.25,-166.75,135.25,-278.25,413.5
2026-03-31,23370.25,23577.5,23357.25,23577.5,220.25,23416.75,23531.5,23416.75,23531.25,114.75,23357.25,23412.3125,23467.375,23522.4375,23577.5,23416.75,23445.4375,23474.125,23502.8125,23531.5,23577.25,1,1,continuation,0.4,-168.0,11.25,-199.75,211.0,-131.0,11.25,-199.75,211.0,197.5,282.75,-199.75,482.5,278.5,300.0,-199.75,499.75,332.75,396.75,-199.75,596.5
2026-04-01,24061.25,24194.5,24036.25,24119.5,158.25,24095.75,24123.0,24060.0,24075.25,63.0,24036.25,24075.8125,24115.375,24154.9375,24194.5,24060.0,24075.75,24091.5,24107.25,24123.0,24119.75,1,1,continuation,0.0,140.5,150.0,-11.75,161.75,193.75,206.75,-11.75,218.5,199.0,212.0,-11.75,223.75,39.25,229.25,-11.75,241.0,80.0,229.25,-11.75,241.0
2026-04-02,23725.5,23907.75,23678.0,23897.75,229.75,23711.75,23792.5,23695.0,23770.0,97.5,23678.0,23735.4375,23792.875,23850.3125,23907.75,23695.0,23719.375,23743.75,23768.125,23792.5,23897.75,1,1,continuation,0.0,277.75,370.0,-39.25,409.25,238.5,370.0,-39.25,409.25,222.75,370.0,-39.25,409.25,242.75,370.0,-39.25,409.25,323.25,370.0,-39.25,409.25
2026-04-06,24306.5,24418.0,24245.25,24418.0,172.75,24329.25,24384.0,24326.5,24362.0,57.5,24245.25,24288.4375,24331.625,24374.8125,24418.0,24326.5,24340.875,24355.25,24369.625,24384.0,24417.75,1,1,continuation,0.4,-111.75,35.25,-155.5,190.75,-94.0,35.25,-165.25,200.5,-108.75,35.25,-165.25,200.5,-66.0,35.25,-215.25,250.5,-54.25,35.25,-215.25,250.5
2026-04-07,24216.0,24303.25,24118.0,24120.25,185.25,24197.0,24205.5,24148.0,24166.75,57.5,24118.0,24164.3125,24210.625,24256.9375,24303.25,24148.0,24162.375,24176.75,24191.125,24205.5,24121.0,-1,0,continuation,0.4,-111.75,25.0,-127.0,152.0,-12.75,25.0,-179.5,204.5,81.25,120.5,-179.5,300.0,-18.75,178.25,-179.5,357.75,248.25,259.75,-179.5,439.25
2026-04-08,25213.25,25251.75,25065.0,25081.0,186.75,25099.0,25161.25,25097.25,25153.5,64.0,25065.0,25111.6875,25158.375,25205.0625,25251.75,25097.25,25113.25,25129.25,25145.25,25161.25,25081.25,-1,0,continuation,0.0,-88.25,25.75,-154.75,180.5,-3.25,25.75,-154.75,180.5,60.5,76.25,-154.75,231.0,-127.75,76.25,-154.75,231.0,-1.75,76.25,-154.75,231.0
2026-04-09,25029.25,25112.75,25005.5,25033.25,107.25,25100.25,25109.75,25061.0,25075.5,48.75,25005.5,25032.3125,25059.125,25085.9375,25112.75,25061.0,25073.1875,25085.375,25097.5625,25109.75,25033.25,1,0,reversal,0.4,7.25,23.75,-73.0,96.75,156.5,164.0,-73.0,237.0,163.5,231.25,-73.0,304.25,146.5,231.25,-73.0,304.25,215.5,240.0,-73.0,313.0
2026-04-10,25304.0,25372.0,25290.0,25319.25,82.0,25324.5,25355.25,25320.5,25324.0,34.75,25290.0,25310.5,25331.0,25351.5,25372.0,25320.5,25329.1875,25337.875,25346.5625,25355.25,25319.5,1,0,reversal,0.4,32.5,57.5,-50.75,108.25,-54.75,74.0,-74.25,148.25,-54.5,74.0,-97.5,171.5,-58.75,74.0,-97.5,171.5,-35.5,74.0,-97.5,171.5
2026-04-13,25167.75,25311.25,25156.75,25307.5,154.5,25182.5,25278.25,25160.0,25271.0,118.25,25156.75,25195.375,25234.0,25272.625,25311.25,25160.0,25189.5625,25219.125,25248.6875,25278.25,25306.75,1,1,continuation,0.0,45.0,52.0,-61.75,113.75,2.75,52.0,-61.75,113.75,103.75,128.5,-61.75,190.25,138.25,149.25,-61.75,211.0,231.25,243.5,-61.75,305.25
2026-04-14,25676.0,25763.75,25639.5,25722.0,124.25,25748.5,25763.75,25728.75,25746.75,35.0,25639.5,25670.5625,25701.625,25732.6875,25763.75,25728.75,25737.5,25746.25,25755.0,25763.75,25721.75,1,1,continuation,0.0,84.25,101.25,-11.25,112.5,154.25,178.0,-11.25,189.25,192.25,218.25,-11.25,229.5,196.25,247.5,-11.25,258.75,279.25,281.0,-11.25,292.25
2026-04-15,25989.75,26073.5,25979.75,26069.0,93.75,25989.75,26049.75,25989.25,26037.5,60.5,25979.75,26003.1875,26026.625,26050.0625,26073.5,25989.25,26004.375,26019.5,26034.625,26049.75,26069.0,1,1,continuation,0.0,93.75,107.5,-21.75,129.25,127.75,147.0,-21.75,168.75,75.5,183.75,-21.75,205.5,234.0,246.75,-21.75,268.5,295.0,308.25,-21.75,330.0
2026-04-16,26402.0,26453.5,26275.75,26321.25,177.75,26394.25,26394.75,26363.0,26382.75,31.75,26275.75,26320.1875,26364.625,26409.0625,26453.5,26363.0,26370.9375,26378.875,26386.8125,26394.75,26321.25,-1,0,reversal,0.4,82.5,101.5,-32.5,134.0,212.75,220.5,-32.5,253.0,152.0,241.5,-32.5,274.0,116.75,241.5,-32.5,274.0,162.75,241.5,-32.5,274.0
2026-04-17,26741.25,26812.5,26629.5,26731.5,183.0,26705.75,26719.0,26632.25,26698.75,86.75,26629.5,26675.25,26721.0,26766.75,26812.5,26632.25,26653.9375,26675.625,26697.3125,26719.0,26731.5,-1,1,reversal,0.0,96.0,124.5,-32.5,157.0,73.25,145.75,-32.5,178.25,127.75,151.5,-32.5,184.0,53.25,151.5,-32.5,184.0,96.0,151.5,-32.5,184.0
2026-04-20,26750.75,26826.0,26716.0,26781.0,110.0,26750.0,26770.0,26716.0,26731.5,54.0,26716.0,26743.5,26771.0,26798.5,26826.0,26716.0,26729.5,26743.0,26756.5,26770.0,26781.5,1,1,reversal,0.4,-143.75,7.25,-169.25,176.5,-123.25,7.25,-212.5,219.75,-102.0,7.25,-212.5,219.75,-49.25,7.25,-212.5,219.75,-36.25,7.25,-212.5,219.75
2026-04-21,26821.0,26841.75,26726.25,26839.0,115.5,26768.75,26790.0,26743.25,26771.0,46.75,26726.25,26755.125,26784.0,26812.875,26841.75,26743.25,26754.9375,26766.625,26778.3125,26790.0,26838.5,1,1,continuation,0.4,-101.25,46.5,-108.5,155.0,-107.0,46.5,-176.25,222.75,-167.75,46.5,-176.25,222.75,-114.5,46.5,-238.5,285.0,-196.5,46.5,-286.75,333.25
2026-04-22,26821.75,26892.5,26807.75,26865.0,84.75,26852.75,26880.0,26823.75,26838.0,56.25,26807.75,26828.9375,26850.125,26871.3125,26892.5,26823.75,26837.8125,26851.875,26865.9375,26880.0,26864.5,1,1,continuation,0.0,107.0,142.25,-12.25,154.5,116.0,144.75,-12.25,157.0,102.0,144.75,-12.25,157.0,149.5,185.5,-12.25,197.75,215.5,228.5,-12.25,240.75
2026-04-23,27009.5,27102.5,26964.0,27017.25,138.5,27057.0,27102.5,27025.0,27080.0,77.5,26964.0,26998.625,27033.25,27067.875,27102.5,27025.0,27044.375,27063.75,27083.125,27102.5,27017.0,1,0,continuation,0.4,77.5,90.25,-51.0,141.25,75.75,139.0,-51.0,190.0,71.0,139.0,-51.0,190.0,-157.0,139.0,-337.0,476.0,-90.75,139.0,-337.0,476.0
2026-04-24,27238.25,27268.0,27130.0,27194.25,138.0,27215.75,27246.5,27203.75,27240.0,42.75,27130.0,27164.5,27199.0,27233.5,27268.0,27203.75,27214.4375,27225.125,27235.8125,27246.5,27194.0,-1,0,reversal,0.4,96.5,103.25,-38.25,141.5,202.0,224.0,-38.25,262.25,215.75,238.0,-38.25,276.25,215.0,268.75,-38.25,307.0,239.5,268.75,-38.25,307.0
2026-04-27,27419.75,27433.5,27298.0,27401.75,135.5,27387.0,27388.5,27324.5,27350.5,64.0,27298.0,27331.875,27365.75,27399.625,27433.5,27324.5,27340.5,27356.5,27372.5,27388.5,27402.25,-1,1,reversal,0.4,-34.0,7.75,-80.5,88.25,-35.0,7.75,-95.0,102.75,-11.5,7.75,-95.0,102.75,-2.75,37.75,-95.0,132.75,42.5,50.0,-95.0,145.0
2026-04-28,27148.5,27250.75,27069.25,27202.25,181.5,27213.5,27250.75,27205.0,27228.0,45.75,27069.25,27114.625,27160.0,27205.375,27250.75,27205.0,27216.4375,27227.875,27239.3125,27250.75,27203.25,1,1,reversal,0.4,-111.75,31.25,-192.75,224.0,-150.25,31.25,-197.0,228.25,-119.0,31.25,-197.0,228.25,-8.75,31.25,-197.0,228.25,-33.75,31.25,-197.0,228.25
2026-04-29,27225.75,27250.0,27124.25,27220.75,125.75,27179.75,27197.75,27155.5,27180.75,42.25,27124.25,27155.6875,27187.125,27218.5625,27250.0,27155.5,27166.0625,27176.625,27187.1875,27197.75,27220.0,-1,1,reversal,0.4,82.5,95.75,-42.0,137.75,20.0,95.75,-42.0,137.75,-20.5,95.75,-67.0,162.75,75.75,95.75,-67.0,162.75,114.75,118.25,-67.0,185.25
2026-04-30,27523.75,27540.75,27204.5,27247.25,336.25,27345.25,27365.25,27286.0,27324.75,79.25,27204.5,27288.5625,27372.625,27456.6875,27540.75,27286.0,27305.8125,27325.625,27345.4375,27365.25,27247.25,-1,0,continuation,0.4,112.5,129.0,-84.25,213.25,141.25,188.25,-84.25,272.5,123.5,188.25,-84.25,272.5,304.25,344.75,-84.25,429.0,331.0,377.25,-84.25,461.5
