date,today_1h_level,today_price,prior_date,prior_5m_level,prior_price,distance_pts,bias_dir,continuation,post_10_13_move,MFE,MAE,chop_score
2025-05-05,1h_L75,20049.75,2025-05-02,5m_L0,20046.25,3.5,1,continuation,74.5,86.25,-50.75,0.0
2025-05-07,1h_L0,19858.0,2025-05-06,5m_L100,19861.5,3.5,1,continuation,-38.25,40.75,-152.25,0.4
2025-05-08,1h_L0,20061.0,2025-05-02,5m_L25,20063.5625,2.5625,-1,continuation,242.0,248.0,-111.5,0.4
2025-05-08,1h_L0,20061.0,2025-05-05,5m_L100,20061.5,0.5,-1,continuation,242.0,248.0,-111.5,0.4
2025-05-15,1h_L50,21293.875,2025-05-14,5m_L25,21294.125,0.25,1,continuation,192.75,196.25,-42.0,0.4
2025-05-19,1h_L50,21264.5,2025-05-15,5m_L25,21266.5,2.0,1,continuation,142.75,146.75,-9.0,0.0
2025-05-19,1h_L75,21319.75,2025-05-15,5m_L100,21321.25,1.5,1,continuation,142.75,146.75,-9.0,0.0
2025-05-20,1h_L50,21406.0,2025-05-16,5m_L0,21409.0,3.0,-1,reversal,64.25,78.5,-31.75,0.4
2025-05-20,1h_L75,21432.0,2025-05-16,5m_L75,21432.4375,0.4375,-1,reversal,64.25,78.5,-31.75,0.4
2025-05-20,1h_L25,21380.0,2025-05-19,5m_L100,21375.0,5.0,-1,reversal,64.25,78.5,-31.75,0.4
2025-05-21,1h_L25,21297.0,2025-05-14,5m_L25,21294.125,2.875,1,continuation,140.75,184.25,-12.0,0.0
2025-05-21,1h_L50,21333.0,2025-05-14,5m_L75,21328.375,4.625,1,continuation,140.75,184.25,-12.0,0.0
2025-05-21,1h_L100,21405.0,2025-05-16,5m_L0,21409.0,4.0,1,continuation,140.75,184.25,-12.0,0.0
2025-05-21,1h_L50,21333.0,2025-05-19,5m_L25,21331.125,1.875,1,continuation,140.75,184.25,-12.0,0.0
2025-05-21,1h_L75,21369.0,2025-05-20,5m_L25,21372.875,3.875,1,continuation,140.75,184.25,-12.0,0.0
2025-05-21,1h_L100,21405.0,2025-05-20,5m_L75,21402.625,2.375,1,continuation,140.75,184.25,-12.0,0.0
2025-05-22,1h_L75,21248.1875,2025-05-15,5m_L0,21248.25,0.0625,1,continuation,-68.25,43.75,-120.0,0.4
2025-05-27,1h_L0,21193.25,2025-05-22,5m_L100,21194.5,1.25,1,continuation,136.25,165.0,-2.25,0.0
2025-05-30,1h_L0,21234.75,2025-05-27,5m_L0,21237.5,2.75,-1,reversal,-150.0,140.75,-187.25,0.4
2025-05-30,1h_L25,21273.75,2025-05-27,5m_L75,21269.0,4.75,-1,reversal,-150.0,140.75,-187.25,0.4
2025-06-02,1h_L25,21307.4375,2025-05-26,5m_L100,21305.0,2.4375,1,reversal,138.5,146.5,-73.5,0.4
2025-06-02,1h_L0,21257.25,2025-05-27,5m_L50,21258.5,1.25,1,reversal,138.5,146.5,-73.5,0.4
2025-06-02,1h_L25,21307.4375,2025-05-30,5m_L50,21308.125,0.6875,1,reversal,138.5,146.5,-73.5,0.4
2025-06-03,1h_L0,21510.0,2025-05-28,5m_L50,21511.875,1.875,1,continuation,145.0,154.5,-35.75,0.0
2025-06-03,1h_L0,21510.0,2025-05-29,5m_L50,21512.125,2.125,1,continuation,145.0,154.5,-35.75,0.0
2025-06-03,1h_L25,21534.0,2025-05-29,5m_L100,21537.5,3.5,1,continuation,145.0,154.5,-35.75,0.0
2025-06-05,1h_L50,21765.875,2025-06-04,5m_L50,21769.375,3.5,-1,reversal,-36.5,212.25,-53.5,0.4
2025-06-06,1h_L25,21775.5625,2025-06-04,5m_L75,21777.9375,2.375,1,continuation,-85.0,30.25,-118.5,0.4
2025-06-09,1h_L0,21750.25,2025-06-04,5m_L0,21752.25,2.0,-1,reversal,82.75,105.25,0.0,0.0
2025-06-09,1h_L25,21767.6875,2025-06-04,5m_L50,21769.375,1.6875,-1,reversal,82.75,105.25,0.0,0.0
2025-06-09,1h_L50,21785.125,2025-06-04,5m_L100,21786.5,1.375,-1,reversal,82.75,105.25,0.0,0.0
2025-06-09,1h_L50,21785.125,2025-06-05,5m_L100,21781.25,3.875,-1,reversal,82.75,105.25,0.0,0.0
2025-06-10,1h_L25,21836.8125,2025-06-06,5m_L0,21837.75,0.9375,1,reversal,52.75,60.0,-114.0,0.4
2025-06-10,1h_L50,21855.625,2025-06-06,5m_L50,21850.625,5.0,1,reversal,52.75,60.0,-114.0,0.4
2025-06-10,1h_L50,21855.625,2025-06-06,5m_L75,21857.0625,1.4375,1,reversal,52.75,60.0,-114.0,0.4
2025-06-12,1h_L25,21835.0,2025-06-06,5m_L0,21837.75,2.75,1,continuation,66.75,120.5,-17.25,0.4
2025-06-12,1h_L50,21854.0,2025-06-06,5m_L50,21850.625,3.375,1,continuation,66.75,120.5,-17.25,0.4
2025-06-12,1h_L50,21854.0,2025-06-06,5m_L75,21857.0625,3.0625,1,continuation,66.75,120.5,-17.25,0.4
2025-06-12,1h_L50,21854.0,2025-06-10,5m_L25,21849.8125,4.1875,1,continuation,66.75,120.5,-17.25,0.4
2025-06-12,1h_L50,21854.0,2025-06-10,5m_L50,21858.375,4.375,1,continuation,66.75,120.5,-17.25,0.4
2025-06-12,1h_L75,21873.0,2025-06-10,5m_L100,21875.5,2.5,1,continuation,66.75,120.5,-17.25,0.4
2025-06-13,1h_L100,21796.25,2025-06-09,5m_L75,21797.1875,0.9375,1,reversal,96.25,124.5,-113.75,0.4
2025-06-16,1h_L0,21790.25,2025-06-09,5m_L50,21790.375,0.125,1,continuation,11.25,68.75,-10.25,0.0
2025-06-16,1h_L50,21867.5,2025-06-10,5m_L75,21866.9375,0.5625,1,continuation,11.25,68.75,-10.25,0.0
2025-06-16,1h_L100,21944.75,2025-06-11,5m_L50,21945.5,0.75,1,continuation,11.25,68.75,-10.25,0.0
2025-06-16,1h_L50,21867.5,2025-06-12,5m_L0,21863.75,3.75,1,continuation,11.25,68.75,-10.25,0.0
2025-06-16,1h_L50,21867.5,2025-06-12,5m_L25,21870.25,2.75,1,continuation,11.25,68.75,-10.25,0.0
2025-06-17,1h_L50,21844.5,2025-06-10,5m_L0,21841.25,3.25,1,continuation,-58.5,38.0,-68.75,0.4
2025-06-17,1h_L75,21865.5,2025-06-10,5m_L75,21866.9375,1.4375,1,continuation,-58.5,38.0,-68.75,0.4
2025-06-17,1h_L75,21865.5,2025-06-12,5m_L0,21863.75,1.75,1,continuation,-58.5,38.0,-68.75,0.4
2025-06-17,1h_L75,21865.5,2025-06-12,5m_L25,21870.25,4.75,1,continuation,-58.5,38.0,-68.75,0.4
2025-06-17,1h_L100,21886.5,2025-06-12,5m_L75,21883.25,3.25,1,continuation,-58.5,38.0,-68.75,0.4
2025-06-17,1h_L100,21886.5,2025-06-12,5m_L100,21889.75,3.25,1,continuation,-58.5,38.0,-68.75,0.4
2025-06-17,1h_L50,21844.5,2025-06-16,5m_L0,21839.5,5.0,1,continuation,-58.5,38.0,-68.75,0.4
2025-06-17,1h_L75,21865.5,2025-06-16,5m_L50,21866.25,0.75,1,continuation,-58.5,38.0,-68.75,0.4
2025-06-18,1h_L50,21752.5,2025-06-13,5m_L50,21753.25,0.75,1,continuation,25.5,94.0,-21.75,0.4
2025-06-18,1h_L100,21801.5,2025-06-17,5m_L0,21802.5,1.0,1,continuation,25.5,94.0,-21.75,0.4
2025-06-23,1h_L0,21758.5,2025-06-13,5m_L75,21761.125,2.625,1,continuation,-84.5,92.75,-186.75,0.4
2025-06-23,1h_L50,21843.875,2025-06-16,5m_L0,21839.5,4.375,1,continuation,-84.5,92.75,-186.75,0.4
2025-06-23,1h_L25,21801.1875,2025-06-17,5m_L0,21802.5,1.3125,1,continuation,-84.5,92.75,-186.75,0.4
2025-06-23,1h_L50,21843.875,2025-06-17,5m_L100,21846.5,2.625,1,continuation,-84.5,92.75,-186.75,0.4
2025-06-23,1h_L0,21758.5,2025-06-18,5m_L25,21756.3125,2.1875,1,continuation,-84.5,92.75,-186.75,0.4
2025-06-26,1h_L50,22521.375,2025-06-25,5m_L25,22522.125,0.75,-1,reversal,63.25,88.5,-6.5,0.0
2025-06-26,1h_L75,22543.9375,2025-06-25,5m_L100,22546.5,2.5625,-1,reversal,63.25,88.5,-6.5,0.0
2025-07-01,1h_L25,22793.5625,2025-06-30,5m_L0,22795.25,1.6875,-1,reversal,-88.0,56.25,-195.0,0.4
2025-07-01,1h_L50,22807.375,2025-06-30,5m_L25,22803.75,3.625,-1,reversal,-88.0,56.25,-195.0,0.4
2025-07-01,1h_L50,22807.375,2025-06-30,5m_L50,22812.25,4.875,-1,reversal,-88.0,56.25,-195.0,0.4
2025-07-01,1h_L75,22821.1875,2025-06-30,5m_L75,22820.75,0.4375,-1,reversal,-88.0,56.25,-195.0,0.4
2025-07-02,1h_L100,22728.75,2025-06-27,5m_L0,22731.25,2.5,1,continuation,134.0,141.25,-3.75,0.0
2025-07-07,1h_L75,22958.5625,2025-07-03,5m_L25,22954.9375,3.625,-1,continuation,-75.0,18.0,-111.75,0.4
2025-07-07,1h_L75,22958.5625,2025-07-03,5m_L50,22961.875,3.3125,-1,continuation,-75.0,18.0,-111.75,0.4
2025-07-07,1h_L100,22978.0,2025-07-03,5m_L100,22975.75,2.25,-1,continuation,-75.0,18.0,-111.75,0.4
2025-07-07,1h_L25,22919.6875,2025-07-04,5m_L0,22916.5,3.1875,-1,continuation,-75.0,18.0,-111.75,0.4
2025-07-07,1h_L25,22919.6875,2025-07-04,5m_L25,22920.6875,1.0,-1,continuation,-75.0,18.0,-111.75,0.4
2025-07-08,1h_L100,22956.25,2025-07-03,5m_L25,22954.9375,1.3125,-1,continuation,34.75,81.0,-40.75,0.4
2025-07-08,1h_L50,22918.125,2025-07-04,5m_L0,22916.5,1.625,-1,continuation,34.75,81.0,-40.75,0.4
2025-07-08,1h_L50,22918.125,2025-07-04,5m_L25,22920.6875,2.5625,-1,continuation,34.75,81.0,-40.75,0.4
2025-07-08,1h_L75,22937.1875,2025-07-04,5m_L100,22933.25,3.9375,-1,continuation,34.75,81.0,-40.75,0.4
2025-07-08,1h_L50,22918.125,2025-07-07,5m_L0,22921.25,3.125,-1,continuation,34.75,81.0,-40.75,0.4
2025-07-08,1h_L75,22937.1875,2025-07-07,5m_L50,22938.125,0.9375,-1,continuation,34.75,81.0,-40.75,0.4
2025-07-08,1h_L100,22956.25,2025-07-07,5m_L100,22955.0,1.25,-1,continuation,34.75,81.0,-40.75,0.4
2025-07-09,1h_L25,22972.125,2025-07-03,5m_L75,22968.8125,3.3125,1,continuation,-103.0,25.5,-168.75,0.4
2025-07-09,1h_L25,22972.125,2025-07-03,5m_L100,22975.75,3.625,1,continuation,-103.0,25.5,-168.75,0.4
2025-07-09,1h_L0,22930.5,2025-07-04,5m_L75,22929.0625,1.4375,1,continuation,-103.0,25.5,-168.75,0.4
2025-07-09,1h_L0,22930.5,2025-07-04,5m_L100,22933.25,2.75,1,continuation,-103.0,25.5,-168.75,0.4
2025-07-09,1h_L0,22930.5,2025-07-07,5m_L25,22929.6875,0.8125,1,continuation,-103.0,25.5,-168.75,0.4
2025-07-10,1h_L25,22976.6875,2025-07-03,5m_L100,22975.75,0.9375,-1,continuation,32.25,65.25,-59.0,0.4
2025-07-10,1h_L0,22939.0,2025-07-07,5m_L50,22938.125,0.875,-1,continuation,32.25,65.25,-59.0,0.4
2025-07-10,1h_L75,23052.0625,2025-07-09,5m_L0,23055.0,2.9375,-1,continuation,32.25,65.25,-59.0,0.4
2025-07-10,1h_L100,23089.75,2025-07-09,5m_L100,23088.75,1.0,-1,continuation,32.25,65.25,-59.0,0.4
2025-07-11,1h_L50,22915.375,2025-07-04,5m_L0,22916.5,1.125,1,continuation,39.5,46.25,-55.0,0.0
2025-07-11,1h_L75,22941.5625,2025-07-07,5m_L50,22938.125,3.4375,1,continuation,39.5,46.25,-55.0,0.0
2025-07-11,1h_L75,22941.5625,2025-07-07,5m_L75,22946.5625,5.0,1,continuation,39.5,46.25,-55.0,0.0
2025-07-11,1h_L50,22915.375,2025-07-08,5m_L75,22913.875,1.5,1,continuation,39.5,46.25,-55.0,0.0
2025-07-11,1h_L50,22915.375,2025-07-08,5m_L100,22917.75,2.375,1,continuation,39.5,46.25,-55.0,0.0
2025-07-14,1h_L75,22944.875,2025-07-07,5m_L75,22946.5625,1.6875,1,continuation,121.5,129.0,-6.5,0.0
2025-07-14,1h_L50,22910.75,2025-07-08,5m_L25,22906.125,4.625,1,continuation,121.5,129.0,-6.5,0.0
2025-07-14,1h_L50,22910.75,2025-07-08,5m_L50,22910.0,0.75,1,continuation,121.5,129.0,-6.5,0.0
2025-07-14,1h_L50,22910.75,2025-07-08,5m_L75,22913.875,3.125,1,continuation,121.5,129.0,-6.5,0.0
2025-07-16,1h_L75,23056.875,2025-07-09,5m_L0,23055.0,1.875,-1,continuation,77.75,81.5,-132.5,0.4
2025-07-16,1h_L100,23090.0,2025-07-09,5m_L100,23088.75,1.25,-1,continuation,77.75,81.5,-132.5,0.4
2025-07-16,1h_L25,22990.625,2025-07-10,5m_L0,22988.75,1.875,-1,continuation,77.75,81.5,-132.5,0.4
2025-07-16,1h_L50,23023.75,2025-07-10,5m_L75,23022.5,1.25,-1,continuation,77.75,81.5,-132.5,0.4
2025-07-17,1h_L100,23158.5,2025-07-15,5m_L50,23163.375,4.875,1,continuation,106.25,125.5,-36.0,0.0
2025-07-21,1h_L25,23266.625,2025-07-18,5m_L0,23267.5,0.875,1,continuation,29.25,48.75,-17.5,0.0
2025-07-22,1h_L25,23171.4375,2025-07-15,5m_L75,23173.9375,2.5,-1,continuation,56.5,93.0,-37.25,0.4
2025-07-22,1h_L75,23290.3125,2025-07-18,5m_L75,23290.1875,0.125,-1,continuation,56.5,93.0,-37.25,0.4
2025-07-22,1h_L100,23349.75,2025-07-21,5m_L25,23349.9375,0.1875,-1,continuation,56.5,93.0,-37.25,0.4
2025-07-23,1h_L100,23273.75,2025-07-18,5m_L25,23275.0625,1.3125,-1,continuation,62.75,128.5,-23.0,0.4
2025-07-23,1h_L75,23244.75,2025-07-22,5m_L50,23244.125,0.625,-1,continuation,62.75,128.5,-23.0,0.4
2025-07-24,1h_L0,23333.5,2025-07-21,5m_L0,23337.75,4.25,1,reversal,7.5,37.25,-64.75,0.4
2025-07-24,1h_L25,23350.3125,2025-07-21,5m_L25,23349.9375,0.375,1,reversal,7.5,37.25,-64.75,0.4
2025-07-24,1h_L50,23367.125,2025-07-21,5m_L50,23362.125,5.0,1,reversal,7.5,37.25,-64.75,0.4
2025-07-24,1h_L75,23383.9375,2025-07-21,5m_L100,23386.5,2.5625,1,reversal,7.5,37.25,-64.75,0.4
2025-07-25,1h_L25,23349.6875,2025-07-21,5m_L25,23349.9375,0.25,1,continuation,60.75,87.5,-6.0,0.0
2025-07-25,1h_L75,23388.5625,2025-07-21,5m_L100,23386.5,2.0625,1,continuation,60.75,87.5,-6.0,0.0
2025-07-25,1h_L50,23369.125,2025-07-24,5m_L25,23366.8125,2.3125,1,continuation,60.75,87.5,-6.0,0.0
2025-07-25,1h_L75,23388.5625,2025-07-24,5m_L75,23389.4375,0.875,1,continuation,60.75,87.5,-6.0,0.0
2025-07-30,1h_L25,23469.3125,2025-07-28,5m_L0,23466.0,3.3125,-1,reversal,51.0,64.0,-19.5,0.4
2025-07-30,1h_L50,23488.375,2025-07-28,5m_L50,23492.5,4.125,-1,reversal,51.0,64.0,-19.5,0.4
2025-07-30,1h_L75,23507.4375,2025-07-28,5m_L75,23505.75,1.6875,-1,reversal,51.0,64.0,-19.5,0.4
2025-08-06,1h_L50,23196.875,2025-08-04,5m_L25,23198.875,2.0,1,continuation,169.25,188.0,-37.25,0.4
2025-08-06,1h_L75,23220.9375,2025-08-04,5m_L75,23217.625,3.3125,1,continuation,169.25,188.0,-37.25,0.4
2025-08-07,1h_L75,23636.625,2025-07-31,5m_L50,23634.75,1.875,1,continuation,-193.25,17.0,-264.25,0.4
2025-08-07,1h_L100,23659.0,2025-07-31,5m_L100,23661.25,2.25,1,continuation,-193.25,17.0,-264.25,0.4
2025-08-08,1h_L50,23585.25,2025-08-07,5m_L50,23590.125,4.875,1,continuation,33.0,63.25,-31.5,0.0
2025-08-12,1h_L50,23729.25,2025-08-11,5m_L50,23726.125,3.125,-1,continuation,246.0,257.5,-32.0,0.4
2025-08-12,1h_L50,23729.25,2025-08-11,5m_L75,23731.4375,2.1875,-1,continuation,246.0,257.5,-32.0,0.4
2025-08-15,1h_L100,23924.25,2025-08-14,5m_L50,23922.5,1.75,-1,continuation,15.25,79.5,-69.0,0.4
2025-08-18,1h_L0,23735.0,2025-08-11,5m_L75,23731.4375,3.5625,-1,reversal,-14.25,75.5,-30.25,0.4
2025-08-18,1h_L0,23735.0,2025-08-11,5m_L100,23736.75,1.75,-1,reversal,-14.25,75.5,-30.25,0.4
2025-08-18,1h_L50,23776.625,2025-08-15,5m_L0,23776.75,0.125,-1,reversal,-14.25,75.5,-30.25,0.4
2025-08-18,1h_L75,23797.4375,2025-08-15,5m_L25,23796.0625,1.375,-1,reversal,-14.25,75.5,-30.25,0.4
2025-08-18,1h_L100,23818.25,2025-08-15,5m_L50,23815.375,2.875,-1,reversal,-14.25,75.5,-30.25,0.4
2025-08-19,1h_L50,23705.0,2025-08-12,5m_L25,23702.6875,2.3125,-1,continuation,-195.75,49.75,-208.5,0.0
2025-08-19,1h_L100,23770.75,2025-08-18,5m_L0,23772.0,1.25,-1,continuation,-195.75,49.75,-208.5,0.0
2025-08-21,1h_L75,23261.625,2025-08-20,5m_L0,23264.75,3.125,-1,continuation,-24.75,162.25,-35.75,0.4
2025-08-21,1h_L100,23290.5,2025-08-20,5m_L50,23294.5,4.0,-1,continuation,-24.75,162.25,-35.75,0.4
2025-08-22,1h_L50,23274.625,2025-08-20,5m_L25,23279.625,5.0,1,continuation,258.75,380.5,0.0,0.0
2025-08-22,1h_L75,23308.8125,2025-08-20,5m_L75,23309.375,0.5625,1,continuation,258.75,380.5,0.0,0.0
2025-08-22,1h_L25,23240.4375,2025-08-21,5m_L75,23244.75,4.3125,1,continuation,258.75,380.5,0.0,0.0
2025-08-26,1h_L25,23449.6875,2025-08-25,5m_L0,23448.5,1.1875,1,continuation,46.0,62.75,-11.5,0.0
2025-08-26,1h_L50,23472.625,2025-08-25,5m_L50,23472.5,0.125,1,continuation,46.0,62.75,-11.5,0.0
2025-08-26,1h_L75,23495.5625,2025-08-25,5m_L100,23496.5,0.9375,1,continuation,46.0,62.75,-11.5,0.0
2025-08-27,1h_L0,23488.5,2025-08-25,5m_L75,23484.5,4.0,-1,reversal,65.75,97.0,-8.5,0.4
2025-08-29,1h_L0,23507.0,2025-08-27,5m_L50,23509.5,2.5,-1,continuation,-41.25,32.25,-106.0,0.0
2025-08-29,1h_L100,23670.5,2025-08-28,5m_L25,23668.625,1.875,-1,continuation,-41.25,32.25,-106.0,0.0
2025-09-01,1h_L25,23456.1875,2025-08-25,5m_L25,23460.5,4.3125,1,continuation,14.25,18.5,-12.5,0.0
2025-09-01,1h_L50,23469.125,2025-08-25,5m_L50,23472.5,3.375,1,continuation,14.25,18.5,-12.5,0.0
2025-09-01,1h_L75,23482.0625,2025-08-25,5m_L75,23484.5,2.4375,1,continuation,14.25,18.5,-12.5,0.0
2025-09-01,1h_L100,23495.0,2025-08-25,5m_L100,23496.5,1.5,1,continuation,14.25,18.5,-12.5,0.0
2025-09-01,1h_L0,23443.25,2025-08-26,5m_L25,23444.8125,1.5625,1,continuation,14.25,18.5,-12.5,0.0
2025-09-01,1h_L75,23482.0625,2025-08-26,5m_L75,23480.9375,1.125,1,continuation,14.25,18.5,-12.5,0.0
2025-09-01,1h_L100,23495.0,2025-08-26,5m_L100,23499.0,4.0,1,continuation,14.25,18.5,-12.5,0.0
2025-09-01,1h_L100,23495.0,2025-08-27,5m_L25,23499.0,4.0,1,continuation,14.25,18.5,-12.5,0.0
2025-09-04,1h_L25,23480.0,2025-09-01,5m_L25,23476.5,3.5,-1,continuation,58.75,86.0,-69.25,0.4
2025-09-04,1h_L25,23480.0,2025-09-01,5m_L50,23479.75,0.25,-1,continuation,58.75,86.0,-69.25,0.4
2025-09-04,1h_L25,23480.0,2025-09-01,5m_L75,23483.0,3.0,-1,continuation,58.75,86.0,-69.25,0.4
2025-09-08,1h_L75,23849.0625,2025-09-05,5m_L25,23848.5,0.5625,1,continuation,-35.0,41.75,-56.25,0.4
2025-09-08,1h_L100,23876.5,2025-09-05,5m_L75,23874.5,2.0,1,continuation,-35.0,41.75,-56.25,0.4
2025-09-09,1h_L100,23857.75,2025-09-05,5m_L50,23861.5,3.75,-1,continuation,5.25,34.75,-89.5,0.4
2025-09-09,1h_L25,23814.625,2025-09-08,5m_L0,23814.0,0.625,-1,continuation,5.25,34.75,-89.5,0.4
2025-09-09,1h_L50,23829.0,2025-09-08,5m_L50,23833.0,4.0,-1,continuation,5.25,34.75,-89.5,0.4
2025-09-09,1h_L75,23843.375,2025-09-08,5m_L75,23842.5,0.875,-1,continuation,5.25,34.75,-89.5,0.4
2025-09-11,1h_L0,23909.75,2025-09-10,5m_L0,23912.0,2.25,1,continuation,29.75,70.0,-32.0,0.0
2025-09-11,1h_L25,23931.75,2025-09-10,5m_L50,23928.75,3.0,1,continuation,29.75,70.0,-32.0,0.0
2025-09-17,1h_L0,24223.0,2025-09-15,5m_L50,24219.25,3.75,-1,continuation,-88.0,2.75,-103.25,0.4
2025-09-17,1h_L0,24223.0,2025-09-15,5m_L75,24226.875,3.875,-1,continuation,-88.0,2.75,-103.25,0.4
2025-09-17,1h_L100,24301.0,2025-09-16,5m_L0,24301.25,0.25,-1,continuation,-88.0,2.75,-103.25,0.4
2025-09-24,1h_L50,24842.125,2025-09-22,5m_L0,24840.5,1.625,-1,continuation,-136.25,19.75,-193.25,0.0
2025-09-24,1h_L50,24842.125,2025-09-22,5m_L25,24846.75,4.625,-1,continuation,-136.25,19.75,-193.25,0.0
2025-09-29,1h_L0,24845.75,2025-09-22,5m_L25,24846.75,1.0,1,continuation,-107.25,33.25,-120.5,0.0
2025-09-29,1h_L100,24955.0,2025-09-23,5m_L25,24952.5625,2.4375,1,continuation,-107.25,33.25,-120.5,0.0
2025-09-29,1h_L100,24955.0,2025-09-23,5m_L50,24958.875,3.875,1,continuation,-107.25,33.25,-120.5,0.0
2025-09-30,1h_L75,24808.375,2025-09-24,5m_L0,24804.5,3.875,-1,reversal,-4.5,76.0,-41.75,0.4
2025-09-30,1h_L75,24808.375,2025-09-24,5m_L25,24813.25,4.875,-1,reversal,-4.5,76.0,-41.75,0.4
2025-09-30,1h_L100,24837.0,2025-09-24,5m_L100,24839.5,2.5,-1,reversal,-4.5,76.0,-41.75,0.4
2025-10-01,1h_L75,24812.625,2025-09-24,5m_L25,24813.25,0.625,1,continuation,177.25,180.25,-22.75,0.0
2025-10-01,1h_L100,24841.5,2025-09-24,5m_L100,24839.5,2.0,1,continuation,177.25,180.25,-22.75,0.0
2025-10-01,1h_L50,24783.75,2025-09-30,5m_L50,24785.75,2.0,1,continuation,177.25,180.25,-22.75,0.0
2025-10-06,1h_L25,25143.1875,2025-10-03,5m_L50,25145.0,1.8125,-1,continuation,46.75,60.75,-45.5,0.4
2025-10-08,1h_L0,25055.25,2025-10-02,5m_L75,25059.75,4.5,1,continuation,77.25,102.5,-1.25,0.0
2025-10-08,1h_L75,25151.4375,2025-10-03,5m_L75,25152.5,1.0625,1,continuation,77.25,102.5,-1.25,0.0
2025-10-08,1h_L75,25151.4375,2025-10-06,5m_L50,25154.75,3.3125,1,continuation,77.25,102.5,-1.25,0.0
2025-10-09,1h_L0,25250.0,2025-10-07,5m_L75,25247.0625,2.9375,-1,continuation,-75.75,9.5,-86.0,0.0
2025-10-09,1h_L0,25250.0,2025-10-07,5m_L100,25253.0,3.0,-1,continuation,-75.75,9.5,-86.0,0.0
2025-10-10,1h_L0,25293.75,2025-10-09,5m_L75,25291.8125,1.9375,1,reversal,-699.25,14.0,-709.5,0.4
2025-10-17,1h_L50,24781.125,2025-10-13,5m_L25,24784.1875,3.0625,1,continuation,80.5,157.25,-148.25,0.4
2025-10-21,1h_L25,25236.8125,2025-10-20,5m_L100,25232.0,4.8125,-1,continuation,50.5,112.5,-32.0,0.4
2025-10-22,1h_L25,25201.9375,2025-10-20,5m_L50,25206.625,4.6875,-1,continuation,-265.5,23.25,-391.5,0.4
2025-10-22,1h_L50,25231.125,2025-10-20,5m_L100,25232.0,0.875,-1,continuation,-265.5,23.25,-391.5,0.4
2025-10-22,1h_L50,25231.125,2025-10-21,5m_L25,25230.0,1.125,-1,continuation,-265.5,23.25,-391.5,0.4
2025-10-22,1h_L75,25260.3125,2025-10-21,5m_L100,25262.25,1.9375,-1,continuation,-265.5,23.25,-391.5,0.4
2025-10-23,1h_L100,25179.75,2025-10-20,5m_L0,25181.25,1.5,1,continuation,79.5,81.25,-76.75,0.0
2025-10-30,1h_L50,26044.375,2025-10-28,5m_L25,26047.9375,3.5625,1,continuation,-51.25,54.75,-157.75,0.4
2025-10-31,1h_L0,26080.25,2025-10-28,5m_L100,26080.75,0.5,-1,continuation,-153.0,80.5,-171.0,0.4
2025-10-31,1h_L0,26080.25,2025-10-30,5m_L100,26078.0,2.25,-1,continuation,-153.0,80.5,-171.0,0.4
2025-11-03,1h_L100,26265.75,2025-10-29,5m_L0,26266.0,0.25,-1,continuation,10.5,20.0,-126.75,0.0
2025-11-03,1h_L0,26119.5,2025-10-31,5m_L75,26122.125,2.625,-1,continuation,10.5,20.0,-126.75,0.0
2025-11-06,1h_L100,25774.25,2025-11-04,5m_L75,25772.5,1.75,-1,continuation,-175.25,30.75,-316.0,0.0
2025-11-06,1h_L25,25575.6875,2025-11-05,5m_L50,25571.125,4.5625,-1,continuation,-175.25,30.75,-316.0,0.0
2025-11-10,1h_L0,25521.5,2025-11-05,5m_L0,25522.0,0.5,1,continuation,-2.25,29.25,-185.0,0.0
2025-11-10,1h_L75,25623.6875,2025-11-05,5m_L100,25620.25,3.4375,1,continuation,-2.25,29.25,-185.0,0.0
2025-11-10,1h_L75,25623.6875,2025-11-06,5m_L25,25620.125,3.5625,1,continuation,-2.25,29.25,-185.0,0.0
2025-11-10,1h_L100,25657.75,2025-11-06,5m_L75,25655.375,2.375,1,continuation,-2.25,29.25,-185.0,0.0
2025-11-11,1h_L75,25624.625,2025-11-05,5m_L100,25620.25,4.375,1,reversal,-9.5,4.25,-148.5,0.0
2025-11-11,1h_L50,25603.25,2025-11-06,5m_L0,25602.5,0.75,1,reversal,-9.5,4.25,-148.5,0.0
2025-11-11,1h_L75,25624.625,2025-11-06,5m_L25,25620.125,4.5,1,reversal,-9.5,4.25,-148.5,0.0
2025-11-11,1h_L75,25624.625,2025-11-10,5m_L25,25620.125,4.5,1,reversal,-9.5,4.25,-148.5,0.0
2025-11-11,1h_L75,25624.625,2025-11-10,5m_L50,25629.25,4.625,1,reversal,-9.5,4.25,-148.5,0.0
2025-11-11,1h_L100,25646.0,2025-11-10,5m_L100,25647.5,1.5,1,reversal,-9.5,4.25,-148.5,0.0
2025-11-12,1h_L25,25621.4375,2025-11-05,5m_L100,25620.25,1.1875,-1,continuation,14.5,65.5,-105.5,0.0
2025-11-12,1h_L25,25621.4375,2025-11-06,5m_L25,25620.125,1.3125,-1,continuation,14.5,65.5,-105.5,0.0
2025-11-12,1h_L25,25621.4375,2025-11-10,5m_L25,25620.125,1.3125,-1,continuation,14.5,65.5,-105.5,0.0
2025-11-12,1h_L25,25621.4375,2025-11-11,5m_L100,25625.0,3.5625,-1,continuation,14.5,65.5,-105.5,0.0
2025-11-19,1h_L75,24819.3125,2025-11-14,5m_L0,24819.0,0.3125,1,continuation,-258.25,94.0,-386.0,0.4
2025-11-19,1h_L50,24737.125,2025-11-18,5m_L100,24738.5,1.375,1,continuation,-258.25,94.0,-386.0,0.4
2025-11-20,1h_L100,25293.5,2025-11-13,5m_L25,25296.5,3.0,1,continuation,-880.25,34.75,-967.0,0.4
2025-11-24,1h_L100,24722.25,2025-11-19,5m_L0,24723.25,1.0,1,continuation,236.75,256.75,-19.25,0.0
2025-11-25,1h_L25,24674.6875,2025-11-18,5m_L50,24677.0,2.3125,-1,reversal,168.5,243.75,-163.5,0.4
2025-11-25,1h_L50,24747.375,2025-11-19,5m_L50,24751.375,4.0,-1,reversal,168.5,243.75,-163.5,0.4
2025-11-25,1h_L25,24674.6875,2025-11-24,5m_L75,24670.375,4.3125,-1,reversal,168.5,243.75,-163.5,0.4
2025-11-26,1h_L50,25218.625,2025-11-20,5m_L50,25219.0,0.375,-1,continuation,171.0,208.0,-32.75,0.4
2025-12-01,1h_L25,25251.6875,2025-11-26,5m_L50,25248.875,2.8125,1,continuation,86.5,131.5,-98.0,0.0
2025-12-01,1h_L50,25294.375,2025-11-27,5m_L0,25295.0,0.625,1,continuation,86.5,131.5,-98.0,0.0
2025-12-01,1h_L50,25294.375,2025-11-27,5m_L25,25296.3125,1.9375,1,continuation,86.5,131.5,-98.0,0.0
2025-12-01,1h_L50,25294.375,2025-11-27,5m_L50,25297.625,3.25,1,continuation,86.5,131.5,-98.0,0.0
2025-12-01,1h_L50,25294.375,2025-11-27,5m_L75,25298.9375,4.5625,1,continuation,86.5,131.5,-98.0,0.0
2025-12-01,1h_L75,25337.0625,2025-11-28,5m_L0,25341.75,4.6875,1,continuation,86.5,131.5,-98.0,0.0
2025-12-01,1h_L100,25379.75,2025-11-28,5m_L75,25381.875,2.125,1,continuation,86.5,131.5,-98.0,0.0
2025-12-03,1h_L75,25594.9375,2025-12-02,5m_L75,25594.8125,0.125,-1,reversal,125.5,137.0,-11.25,0.4
2025-12-04,1h_L25,25588.125,2025-12-02,5m_L50,25585.375,2.75,-1,continuation,62.25,99.0,-50.0,0.0
2025-12-05,1h_L0,25611.25,2025-12-04,5m_L100,25609.0,2.25,1,continuation,-61.0,76.75,-140.0,0.4
2025-12-08,1h_L0,25722.0,2025-12-05,5m_L25,25718.625,3.375,-1,continuation,-63.25,34.5,-150.25,0.0
2025-12-08,1h_L25,25756.6875,2025-12-05,5m_L100,25753.5,3.1875,-1,continuation,-63.25,34.5,-150.25,0.0
2025-12-09,1h_L25,25583.3125,2025-12-02,5m_L50,25585.375,2.0625,1,continuation,86.5,102.25,-15.5,0.0
2025-12-09,1h_L50,25606.625,2025-12-02,5m_L100,25604.25,2.375,1,continuation,86.5,102.25,-15.5,0.0
2025-12-09,1h_L25,25583.3125,2025-12-04,5m_L25,25579.75,3.5625,1,continuation,86.5,102.25,-15.5,0.0
2025-12-09,1h_L50,25606.625,2025-12-04,5m_L100,25609.0,2.375,1,continuation,86.5,102.25,-15.5,0.0
2025-12-10,1h_L0,25567.0,2025-12-04,5m_L0,25570.0,3.0,-1,continuation,34.25,51.25,-102.5,0.4
2025-12-10,1h_L25,25596.0,2025-12-04,5m_L75,25599.25,3.25,-1,continuation,34.25,51.25,-102.5,0.4
2025-12-10,1h_L25,25596.0,2025-12-09,5m_L0,25595.75,0.25,-1,continuation,34.25,51.25,-102.5,0.4
2025-12-10,1h_L50,25625.0,2025-12-09,5m_L75,25625.1875,0.1875,-1,continuation,34.25,51.25,-102.5,0.4
2025-12-11,1h_L75,25610.6875,2025-12-04,5m_L100,25609.0,1.6875,-1,continuation,178.0,232.75,-24.25,0.4
2025-12-11,1h_L75,25610.6875,2025-12-09,5m_L50,25615.375,4.6875,-1,continuation,178.0,232.75,-24.25,0.4
2025-12-12,1h_L75,25599.75,2025-12-09,5m_L0,25595.75,4.0,-1,continuation,-281.75,0.75,-440.75,0.0
2025-12-12,1h_L100,25632.5,2025-12-09,5m_L100,25635.0,2.5,-1,continuation,-281.75,0.75,-440.75,0.0
2025-12-12,1h_L100,25632.5,2025-12-10,5m_L0,25630.5,2.0,-1,continuation,-281.75,0.75,-440.75,0.0
2025-12-12,1h_L25,25534.25,2025-12-11,5m_L50,25537.375,3.125,-1,continuation,-281.75,0.75,-440.75,0.0
2025-12-12,1h_L50,25567.0,2025-12-11,5m_L75,25564.3125,2.6875,-1,continuation,-281.75,0.75,-440.75,0.0
2025-12-17,1h_L25,25068.0,2025-12-16,5m_L75,25064.5625,3.4375,-1,continuation,-303.5,13.25,-342.75,0.0
2025-12-18,1h_L100,25095.25,2025-12-16,5m_L100,25099.25,4.0,1,continuation,76.5,136.0,-99.5,0.4
2025-12-18,1h_L50,25011.75,2025-12-17,5m_L0,25010.5,1.25,1,continuation,76.5,136.0,-99.5,0.4
2025-12-18,1h_L75,25053.5,2025-12-17,5m_L50,25055.25,1.75,1,continuation,76.5,136.0,-99.5,0.4
2025-12-18,1h_L100,25095.25,2025-12-17,5m_L100,25100.0,4.75,1,continuation,76.5,136.0,-99.5,0.4
2025-12-29,1h_L25,25696.6875,2025-12-22,5m_L25,25697.1875,0.5,1,reversal,-23.0,50.5,-75.0,0.4
2025-12-29,1h_L50,25737.375,2025-12-22,5m_L100,25733.0,4.375,1,reversal,-23.0,50.5,-75.0,0.4
2025-12-29,1h_L50,25737.375,2025-12-23,5m_L50,25736.0,1.375,1,reversal,-23.0,50.5,-75.0,0.4
2025-12-30,1h_L25,25698.8125,2025-12-22,5m_L25,25697.1875,1.625,1,continuation,-27.0,38.0,-77.75,0.4
2025-12-30,1h_L50,25724.125,2025-12-22,5m_L75,25721.0625,3.0625,1,continuation,-27.0,38.0,-77.75,0.4
2025-12-30,1h_L50,25724.125,2025-12-23,5m_L0,25720.75,3.375,1,continuation,-27.0,38.0,-77.75,0.4
2025-12-30,1h_L50,25724.125,2025-12-23,5m_L25,25728.375,4.25,1,continuation,-27.0,38.0,-77.75,0.4
2025-12-30,1h_L75,25749.4375,2025-12-23,5m_L100,25751.25,1.8125,1,continuation,-27.0,38.0,-77.75,0.4
2025-12-30,1h_L75,25749.4375,2025-12-29,5m_L25,25749.25,0.1875,1,continuation,-27.0,38.0,-77.75,0.4
2025-12-30,1h_L100,25774.75,2025-12-29,5m_L75,25778.75,4.0,1,continuation,-27.0,38.0,-77.75,0.4
2025-12-31,1h_L100,25718.25,2025-12-23,5m_L0,25720.75,2.5,-1,continuation,-24.5,12.0,-63.5,0.0
2025-12-31,1h_L100,25718.25,2025-12-30,5m_L75,25721.875,3.625,-1,continuation,-24.5,12.0,-63.5,0.0
2026-01-02,1h_L100,25803.5,2025-12-24,5m_L75,25802.4375,1.0625,1,reversal,-409.75,46.25,-439.75,0.0
2026-01-02,1h_L100,25803.5,2025-12-24,5m_L100,25808.25,4.75,1,reversal,-409.75,46.25,-439.75,0.0
2026-01-02,1h_L75,25762.125,2025-12-29,5m_L50,25764.0,1.875,1,reversal,-409.75,46.25,-439.75,0.0
2026-01-02,1h_L50,25720.75,2025-12-30,5m_L75,25721.875,1.125,1,reversal,-409.75,46.25,-439.75,0.0
2026-01-05,1h_L100,25673.25,2025-12-30,5m_L0,25673.5,0.25,1,continuation,32.0,113.25,-29.25,0.4
2026-01-05,1h_L50,25605.875,2025-12-31,5m_L50,25604.0,1.875,1,continuation,32.0,113.25,-29.25,0.4
2026-01-06,1h_L100,25761.5,2025-12-29,5m_L50,25764.0,2.5,1,continuation,6.5,32.5,-114.25,0.4
2026-01-06,1h_L50,25677.125,2025-12-30,5m_L0,25673.5,3.625,1,continuation,6.5,32.5,-114.25,0.4
2026-01-06,1h_L75,25719.3125,2025-12-30,5m_L75,25721.875,2.5625,1,continuation,6.5,32.5,-114.25,0.4
2026-01-06,1h_L0,25592.75,2025-12-31,5m_L25,25592.875,0.125,1,continuation,6.5,32.5,-114.25,0.4
2026-01-06,1h_L0,25592.75,2026-01-05,5m_L50,25596.375,3.625,1,continuation,6.5,32.5,-114.25,0.4
2026-01-06,1h_L25,25634.9375,2026-01-05,5m_L100,25632.75,2.1875,1,continuation,6.5,32.5,-114.25,0.4
2026-01-08,1h_L0,25597.5,2025-12-31,5m_L25,25592.875,4.625,-1,continuation,77.25,110.25,-33.75,0.0
2026-01-08,1h_L75,25757.625,2026-01-02,5m_L75,25753.75,3.875,-1,continuation,77.25,110.25,-33.75,0.0
2026-01-08,1h_L0,25597.5,2026-01-05,5m_L50,25596.375,1.125,-1,continuation,77.25,110.25,-33.75,0.0
2026-01-08,1h_L50,25704.25,2026-01-06,5m_L75,25704.6875,0.4375,-1,continuation,77.25,110.25,-33.75,0.0
2026-01-09,1h_L25,25692.375,2026-01-02,5m_L0,25689.25,3.125,-1,continuation,184.75,197.75,-122.5,0.4
2026-01-09,1h_L50,25736.5,2026-01-02,5m_L50,25732.25,4.25,-1,continuation,184.75,197.75,-122.5,0.4
2026-01-09,1h_L25,25692.375,2026-01-06,5m_L50,25690.375,2.0,-1,continuation,184.75,197.75,-122.5,0.4
2026-01-12,1h_L0,25719.75,2026-01-06,5m_L100,25719.0,0.75,1,continuation,67.0,75.75,-37.75,0.0
2026-01-12,1h_L75,25873.5,2026-01-07,5m_L100,25873.25,0.25,1,continuation,67.0,75.75,-37.75,0.0
2026-01-12,1h_L0,25719.75,2026-01-09,5m_L50,25721.5,1.75,1,continuation,67.0,75.75,-37.75,0.0
2026-01-12,1h_L25,25771.0,2026-01-09,5m_L100,25769.75,1.25,1,continuation,67.0,75.75,-37.75,0.0
2026-01-15,1h_L0,25842.75,2026-01-12,5m_L25,25844.4375,1.6875,-1,continuation,-10.0,76.0,-60.25,0.4
2026-01-15,1h_L25,25870.625,2026-01-12,5m_L100,25875.0,4.375,-1,continuation,-10.0,76.0,-60.25,0.4
2026-01-15,1h_L100,25954.25,2026-01-13,5m_L0,25957.5,3.25,-1,continuation,-10.0,76.0,-60.25,0.4
2026-01-16,1h_L0,25726.25,2026-01-09,5m_L50,25721.5,4.75,-1,continuation,-68.75,36.5,-138.75,0.0
2026-01-16,1h_L25,25767.5,2026-01-09,5m_L100,25769.75,2.25,-1,continuation,-68.75,36.5,-138.75,0.0
2026-01-16,1h_L75,25850.0,2026-01-12,5m_L50,25854.625,4.625,-1,continuation,-68.75,36.5,-138.75,0.0
2026-01-16,1h_L100,25891.25,2026-01-15,5m_L0,25890.25,1.0,-1,continuation,-68.75,36.5,-138.75,0.0
2026-01-20,1h_L25,25243.1875,2026-01-19,5m_L25,25243.6875,0.5,1,continuation,-30.0,107.25,-68.75,0.4
2026-01-21,1h_L100,25339.75,2026-01-20,5m_L100,25334.75,5.0,1,continuation,-78.5,172.0,-181.75,0.4
2026-01-23,1h_L0,25556.75,2026-01-22,5m_L0,25556.75,0.0,1,continuation,20.75,172.25,-10.75,0.0
2026-01-23,1h_L25,25586.0625,2026-01-22,5m_L25,25582.3125,3.75,1,continuation,20.75,172.25,-10.75,0.0
2026-01-30,1h_L0,25805.0,2026-01-26,5m_L0,25800.75,4.25,1,reversal,-147.0,107.5,-148.25,0.4
2026-01-30,1h_L0,25805.0,2026-01-26,5m_L25,25809.3125,4.3125,1,reversal,-147.0,107.5,-148.25,0.4
2026-01-30,1h_L25,25838.5625,2026-01-26,5m_L100,25835.0,3.5625,1,reversal,-147.0,107.5,-148.25,0.4
2026-01-30,1h_L75,25905.6875,2026-01-29,5m_L0,25910.5,4.8125,1,reversal,-147.0,107.5,-148.25,0.4
2026-01-30,1h_L100,25939.25,2026-01-29,5m_L25,25934.875,4.375,1,reversal,-147.0,107.5,-148.25,0.4
2026-02-02,1h_L100,25799.25,2026-01-26,5m_L0,25800.75,1.5,1,continuation,170.25,188.0,-39.25,0.0
2026-02-03,1h_L100,25978.0,2026-01-27,5m_L50,25974.625,3.375,-1,continuation,-244.75,15.25,-287.5,0.0
2026-02-03,1h_L100,25978.0,2026-01-27,5m_L75,25982.5625,4.5625,-1,continuation,-244.75,15.25,-287.5,0.0
2026-02-03,1h_L75,25889.25,2026-01-30,5m_L75,25884.375,4.875,-1,continuation,-244.75,15.25,-287.5,0.0
2026-02-03,1h_L25,25711.75,2026-02-02,5m_L25,25711.75,0.0,-1,continuation,-244.75,15.25,-287.5,0.0
2026-02-10,1h_L25,25291.0,2026-02-04,5m_L0,25291.0,0.0,1,continuation,-8.25,55.0,-87.0,0.4
2026-02-10,1h_L50,25330.75,2026-02-04,5m_L50,25331.375,0.625,1,continuation,-8.25,55.0,-87.0,0.4
2026-02-10,1h_L75,25370.5,2026-02-04,5m_L100,25371.75,1.25,1,continuation,-8.25,55.0,-87.0,0.4
2026-02-11,1h_L0,25290.0,2026-02-04,5m_L0,25291.0,1.0,-1,continuation,-41.0,37.25,-247.5,0.0
2026-02-11,1h_L25,25333.875,2026-02-04,5m_L50,25331.375,2.5,-1,continuation,-41.0,37.25,-247.5,0.0
2026-02-12,1h_L0,25186.25,2026-02-09,5m_L100,25188.5,2.25,-1,continuation,-382.75,52.0,-402.75,0.0
2026-02-12,1h_L100,25400.25,2026-02-11,5m_L50,25400.875,0.625,-1,continuation,-382.75,52.0,-402.75,0.0
2026-02-16,1h_L100,24845.25,2026-02-13,5m_L100,24849.75,4.5,-1,continuation,-22.25,29.25,-97.75,0.4
2026-02-17,1h_L100,24815.5,2026-02-13,5m_L75,24814.3125,1.1875,-1,continuation,213.25,312.25,-35.0,0.4
2026-02-17,1h_L75,24730.5625,2026-02-16,5m_L100,24731.5,0.9375,-1,continuation,213.25,312.25,-35.0,0.4
2026-02-19,1h_L75,24880.625,2026-02-18,5m_L100,24879.75,0.875,1,continuation,-99.5,81.5,-115.25,0.4
2026-02-20,1h_L25,24747.25,2026-02-13,5m_L25,24743.4375,3.8125,1,continuation,135.5,240.5,-41.0,0.0
2026-02-20,1h_L50,24817.5,2026-02-13,5m_L75,24814.3125,3.1875,1,continuation,135.5,240.5,-41.0,0.0
2026-02-20,1h_L50,24817.5,2026-02-18,5m_L25,24814.3125,3.1875,1,continuation,135.5,240.5,-41.0,0.0
2026-02-20,1h_L50,24817.5,2026-02-19,5m_L50,24814.25,3.25,1,continuation,135.5,240.5,-41.0,0.0
2026-02-23,1h_L0,24857.5,2026-02-18,5m_L75,24857.9375,0.4375,-1,continuation,-168.25,40.0,-245.0,0.0
2026-02-24,1h_L50,24829.125,2026-02-19,5m_L75,24832.875,3.75,-1,reversal,169.0,198.75,-57.75,0.0
2026-02-24,1h_L75,24896.6875,2026-02-20,5m_L0,24891.75,4.9375,-1,reversal,169.0,198.75,-57.75,0.0
2026-02-26,1h_L50,25290.625,2026-02-25,5m_L25,25286.0,4.625,-1,continuation,-257.75,18.0,-331.0,0.0
2026-02-27,1h_L100,24938.75,2026-02-20,5m_L75,24941.4375,2.6875,1,continuation,65.25,156.25,-14.25,0.0
2026-02-27,1h_L50,24859.375,2026-02-23,5m_L0,24857.5,1.875,1,continuation,65.25,156.25,-14.25,0.0
2026-02-27,1h_L100,24938.75,2026-02-24,5m_L50,24934.375,4.375,1,continuation,65.25,156.25,-14.25,0.0
2026-03-04,1h_L0,24813.5,2026-02-27,5m_L0,24817.75,4.25,1,continuation,246.5,258.75,-32.25,0.0
2026-03-04,1h_L25,24852.75,2026-02-27,5m_L25,24848.0,4.75,1,continuation,246.5,258.75,-32.25,0.0
2026-03-04,1h_L0,24813.5,2026-03-02,5m_L0,24815.25,1.75,1,continuation,246.5,258.75,-32.25,0.0
2026-03-04,1h_L25,24852.75,2026-03-02,5m_L50,24856.25,3.5,1,continuation,246.5,258.75,-32.25,0.0
2026-03-06,1h_L0,24611.75,2026-03-03,5m_L100,24613.25,1.5,1,continuation,93.25,229.5,-27.25,0.4
2026-03-09,1h_L100,24526.0,2026-03-03,5m_L25,24521.9375,4.0625,-1,reversal,337.75,378.75,-47.75,0.4
2026-03-10,1h_L100,25081.0,2026-03-05,5m_L50,25083.5,2.5,-1,continuation,191.5,217.5,-72.0,0.4
2026-03-11,1h_L0,24943.25,2026-03-04,5m_L100,24939.5,3.75,1,continuation,-94.5,78.5,-209.5,0.4
2026-03-11,1h_L50,25029.375,2026-03-10,5m_L50,25025.875,3.5,1,continuation,-94.5,78.5,-209.5,0.4
2026-03-12,1h_L0,24630.5,2026-03-06,5m_L0,24635.5,5.0,-1,continuation,3.0,91.25,-97.75,0.0
2026-03-13,1h_L25,24659.5,2026-03-06,5m_L25,24655.8125,3.6875,1,reversal,-331.25,37.5,-342.0,0.4
2026-03-16,1h_L100,24744.25,2026-03-12,5m_L75,24742.875,1.375,1,continuation,-62.0,29.75,-133.75,0.4
2026-03-17,1h_L25,24759.125,2026-03-13,5m_L0,24755.0,4.125,1,inside,-95.0,7.75,-147.25,0.6000000000000001
2026-03-17,1h_L50,24805.0,2026-03-13,5m_L100,24805.0,0.0,1,inside,-95.0,7.75,-147.25,0.6000000000000001
2026-03-18,1h_L25,24679.0,2026-03-12,5m_L0,24676.5,2.5,1,reversal,-121.5,15.5,-154.75,0.4
2026-03-18,1h_L75,24746.0,2026-03-12,5m_L75,24742.875,3.125,1,reversal,-121.5,15.5,-154.75,0.4
2026-03-18,1h_L100,24779.5,2026-03-13,5m_L50,24780.0,0.5,1,reversal,-121.5,15.5,-154.75,0.4
2026-03-24,1h_L25,24180.3125,2026-03-19,5m_L0,24178.25,2.0625,-1,reversal,65.25,169.0,-40.0,0.4
2026-03-24,1h_L50,24225.875,2026-03-19,5m_L75,24229.625,3.75,-1,reversal,65.25,169.0,-40.0,0.4
2026-03-25,1h_L75,24484.5,2026-03-23,5m_L0,24487.0,2.5,-1,continuation,53.0,150.75,-81.25,0.4
2026-03-26,1h_L75,24191.4375,2026-03-19,5m_L25,24195.375,3.9375,1,continuation,-218.5,25.0,-248.5,0.0
2026-03-26,1h_L100,24233.25,2026-03-19,5m_L75,24229.625,3.625,1,continuation,-218.5,25.0,-248.5,0.0
2026-03-26,1h_L50,24149.625,2026-03-24,5m_L0,24152.75,3.125,1,continuation,-218.5,25.0,-248.5,0.0
2026-03-26,1h_L75,24191.4375,2026-03-24,5m_L50,24190.875,0.5625,1,continuation,-218.5,25.0,-248.5,0.0
2026-03-26,1h_L100,24233.25,2026-03-24,5m_L100,24229.0,4.25,1,continuation,-218.5,25.0,-248.5,0.0
2026-03-31,1h_L0,23357.25,2026-03-30,5m_L0,23352.75,4.5,1,continuation,197.5,282.75,-199.75,0.4
2026-04-01,1h_L75,24154.9375,2026-03-26,5m_L25,24156.1875,1.25,1,continuation,199.0,212.0,-11.75,0.0
2026-04-01,1h_L100,24194.5,2026-03-26,5m_L100,24195.0,0.5,1,continuation,199.0,212.0,-11.75,0.0
2026-04-07,1h_L0,24118.0,2026-04-01,5m_L100,24123.0,5.0,-1,continuation,81.25,120.5,-179.5,0.4
2026-04-09,1h_L100,25112.75,2026-04-08,5m_L25,25113.25,0.5,1,reversal,163.5,231.25,-73.0,0.4
2026-04-13,1h_L0,25156.75,2026-04-08,5m_L100,25161.25,4.5,1,continuation,103.75,128.5,-61.75,0.0
2026-04-20,1h_L0,26716.0,2026-04-17,5m_L100,26719.0,3.0,1,reversal,-102.0,7.25,-212.5,0.4
2026-04-21,1h_L0,26726.25,2026-04-20,5m_L25,26729.5,3.25,1,continuation,-167.75,46.5,-176.25,0.4
2026-04-21,1h_L25,26755.125,2026-04-20,5m_L75,26756.5,1.375,1,continuation,-167.75,46.5,-176.25,0.4
2026-04-28,1h_L75,27205.375,2026-04-24,5m_L0,27203.75,1.625,1,reversal,-119.0,31.25,-197.0,0.4
2026-04-28,1h_L100,27250.75,2026-04-24,5m_L100,27246.5,4.25,1,reversal,-119.0,31.25,-197.0,0.4
2026-04-29,1h_L75,27218.5625,2026-04-24,5m_L25,27214.4375,4.125,-1,reversal,-20.5,95.75,-67.0,0.4
2026-04-29,1h_L100,27250.0,2026-04-24,5m_L100,27246.5,3.5,-1,reversal,-20.5,95.75,-67.0,0.4
2026-04-29,1h_L75,27218.5625,2026-04-28,5m_L25,27216.4375,2.125,-1,reversal,-20.5,95.75,-67.0,0.4
2026-04-29,1h_L100,27250.0,2026-04-28,5m_L100,27250.75,0.75,-1,reversal,-20.5,95.75,-67.0,0.4
2026-04-30,1h_L0,27204.5,2026-04-24,5m_L0,27203.75,0.75,-1,continuation,123.5,188.25,-84.25,0.4
2026-04-30,1h_L50,27372.625,2026-04-27,5m_L75,27372.5,0.125,-1,continuation,123.5,188.25,-84.25,0.4
2026-04-30,1h_L0,27204.5,2026-04-28,5m_L0,27205.0,0.5,-1,continuation,123.5,188.25,-84.25,0.4
