date,bias,entry_ts,entry_hour,entry_px,stop_px,stop_dist_pts,t1_px,t2_px,t1_dist_pts,t2_dist_pts,t1_R_multiple,t2_R_multiple,t1_outcome,t1_pnl,t1_minutes_held,t2_outcome,t2_pnl,t2_minutes_held,minutes_to_sweep,minutes_to_reclaim
2025-05-02,-1,2025-05-02 10:04:00-04:00,10,20109.25,20140.0,30.75,20046.25,20019.5,63.0,89.75,2.048780487804878,2.9186991869918697,stop,-30.75,6,stop,-30.75,6,13,14
2025-05-05,1,2025-05-05 09:52:00-04:00,9,20028.75,20006.25,22.5,20061.5,20071.25,32.75,42.5,1.4555555555555555,1.8888888888888888,target,32.75,5,target,42.5,5,1,2
2025-05-06,-1,2025-05-06 10:17:00-04:00,10,19857.25,19875.75,18.5,19797.0,19746.75,60.25,110.5,3.2567567567567566,5.972972972972973,stop,-18.5,3,stop,-18.5,3,27,27
2025-05-07,1,2025-05-07 12:41:00-04:00,12,19859.0,19782.75,76.25,19936.5,19944.75,77.5,85.75,1.0163934426229508,1.1245901639344262,stop,-76.25,85,stop,-76.25,85,64,171
2025-05-08,-1,2025-05-08 11:21:00-04:00,11,20116.0,20139.0,23.0,20061.0,20061.0,55.0,55.0,2.391304347826087,2.391304347826087,stop,-23.0,2,stop,-23.0,2,90,91
2025-05-09,1,2025-05-09 09:54:00-04:00,9,20228.25,20202.5,25.75,20250.0,20279.75,21.75,51.5,0.8446601941747572,2.0,target,21.75,4,stop,-25.75,25,2,4
2025-05-12,-1,2025-05-12 09:50:00-04:00,9,20800.5,20812.0,11.5,20754.25,20746.5,46.25,54.0,4.021739130434782,4.695652173913044,stop,-11.5,2,stop,-11.5,2,0,0
2025-05-14,1,2025-05-14 09:56:00-04:00,9,21291.25,21270.75,20.5,21345.5,21404.75,54.25,113.5,2.6463414634146343,5.536585365853658,target,54.25,10,target,113.5,156,6,6
2025-05-16,1,2025-05-16 10:01:00-04:00,10,21418.0,21388.0,30.0,21440.25,21504.5,22.25,86.5,0.7416666666666667,2.8833333333333333,target,22.25,4,stop,-30.0,33,10,11
2025-05-20,-1,2025-05-20 09:56:00-04:00,9,21408.0,21434.0,26.0,21358.0,21354.0,50.0,54.0,1.9230769230769231,2.076923076923077,stop,-26.0,43,stop,-26.0,43,3,6
2025-05-26,1,2025-05-26 09:51:00-04:00,9,21293.0,21282.0,11.0,21305.0,21307.75,12.0,14.75,1.0909090909090908,1.3409090909090908,stop,-11.0,3,stop,-11.0,3,0,1
2025-05-29,-1,2025-05-29 09:52:00-04:00,9,21526.0,21544.5,18.5,21486.75,21485.5,39.25,40.5,2.1216216216216215,2.189189189189189,stop,-18.5,1,stop,-18.5,1,2,2
2025-05-30,-1,2025-05-30 11:18:00-04:00,11,21325.25,21401.5,76.25,21286.25,21234.75,39.0,90.5,0.5114754098360655,1.1868852459016392,target,39.0,59,target,90.5,69,15,88
2025-06-02,1,2025-06-02 10:26:00-04:00,10,21374.5,21232.5,142.0,21435.5,21458.0,61.0,83.5,0.4295774647887324,0.5880281690140845,target,61.0,85,target,83.5,155,0,36
2025-06-03,1,2025-06-03 09:50:00-04:00,9,21571.0,21544.25,26.75,21599.25,21606.0,28.25,35.0,1.0560747663551402,1.308411214953271,target,28.25,7,target,35.0,7,0,0
2025-06-04,1,2025-06-04 09:52:00-04:00,9,21752.5,21728.75,23.75,21786.5,21793.5,34.0,41.0,1.431578947368421,1.7263157894736842,stop,-23.75,8,stop,-23.75,8,1,2
2025-06-05,-1,2025-06-05 10:31:00-04:00,10,21779.75,21806.5,26.75,21691.75,21691.75,88.0,88.0,3.289719626168224,3.289719626168224,stop,-26.75,7,stop,-26.75,7,35,41
2025-06-06,1,2025-06-06 09:54:00-04:00,9,21838.0,21831.0,7.0,21863.5,21863.5,25.5,25.5,3.642857142857143,3.642857142857143,stop,-7.0,1,stop,-7.0,1,4,4
2025-06-09,-1,2025-06-09 09:50:00-04:00,9,21803.5,21812.75,9.25,21776.75,21750.25,26.75,53.25,2.891891891891892,5.756756756756757,stop,-9.25,2,stop,-9.25,2,0,0
2025-06-10,1,2025-06-10 09:57:00-04:00,9,21853.0,21837.75,15.25,21875.5,21893.25,22.5,40.25,1.4754098360655739,2.639344262295082,target,22.5,4,stop,-15.25,94,7,7
2025-06-11,-1,2025-06-11 09:58:00-04:00,9,21974.75,22000.5,25.75,21915.0,21915.0,59.75,59.75,2.320388349514563,2.320388349514563,stop,-25.75,11,stop,-25.75,11,1,8
2025-06-12,1,2025-06-12 10:00:00-04:00,10,21866.75,21841.25,25.5,21889.75,21892.0,23.0,25.25,0.9019607843137255,0.9901960784313726,stop,-25.5,3,stop,-25.5,3,5,10
2025-06-13,1,2025-06-13 09:55:00-04:00,9,21749.75,21722.25,27.5,21769.0,21796.25,19.25,46.5,0.7,1.690909090909091,stop,-27.5,2,stop,-27.5,2,4,5
2025-06-19,-1,2025-06-19 10:29:00-04:00,10,21500.25,21513.75,13.5,21433.5,21433.5,66.75,66.75,4.944444444444445,4.944444444444445,stop,-13.5,26,stop,-13.5,26,39,39
2025-06-23,1,2025-06-23 12:30:00-04:00,12,21856.0,21842.0,14.0,21915.5,21929.25,59.5,73.25,4.25,5.232142857142857,stop,-14.0,1,stop,-14.0,1,160,160
2025-06-24,1,2025-06-24 10:17:00-04:00,10,22316.75,22263.75,53.0,22333.25,22333.25,16.5,16.5,0.3113207547169811,0.3113207547169811,target,16.5,24,target,16.5,24,0,27
2025-06-25,1,2025-06-25 09:55:00-04:00,9,22518.75,22483.75,35.0,22546.5,22548.25,27.75,29.5,0.7928571428571428,0.8428571428571429,stop,-35.0,16,stop,-35.0,16,0,5
2025-06-27,1,2025-06-27 09:51:00-04:00,9,22738.5,22727.0,11.5,22745.0,22770.25,6.5,31.75,0.5652173913043478,2.760869565217391,target,6.5,2,target,31.75,8,1,1
2025-06-30,-1,2025-06-30 09:59:00-04:00,9,22827.0,22835.25,8.25,22795.25,22795.0,31.75,32.0,3.8484848484848486,3.878787878787879,stop,-8.25,1,stop,-8.25,1,9,9
2025-07-01,-1,2025-07-01 09:54:00-04:00,9,22824.25,22837.0,12.75,22788.75,22779.75,35.5,44.5,2.784313725490196,3.4901960784313726,target,35.5,5,stop,-12.75,21,0,4
2025-07-04,1,2025-07-04 09:50:00-04:00,9,22922.25,22911.75,10.5,22933.25,22933.5,11.0,11.25,1.0476190476190477,1.0714285714285714,target,11.0,6,target,11.25,6,0,0
2025-07-07,-1,2025-07-07 09:56:00-04:00,9,22952.75,22980.0,27.25,22921.25,22900.25,31.5,52.5,1.1559633027522935,1.926605504587156,target,31.5,6,target,52.5,57,0,6
2025-07-08,-1,2025-07-08 09:52:00-04:00,9,22916.25,22923.0,6.75,22902.25,22880.0,14.0,36.25,2.074074074074074,5.37037037037037,stop,-6.75,2,stop,-6.75,2,2,2
2025-07-15,-1,2025-07-15 10:13:00-04:00,10,23184.0,23190.5,6.5,23142.25,23122.75,41.75,61.25,6.423076923076923,9.423076923076923,stop,-6.5,1,stop,-6.5,1,21,23
2025-07-16,-1,2025-07-16 10:51:00-04:00,10,23023.0,23034.5,11.5,22996.25,22957.5,26.75,65.5,2.3260869565217392,5.695652173913044,stop,-11.5,2,stop,-11.5,2,61,61
2025-07-17,1,2025-07-17 10:24:00-04:00,10,23128.0,23112.5,15.5,23138.0,23158.5,10.0,30.5,0.6451612903225806,1.967741935483871,target,10.0,2,target,30.5,8,34,34
2025-07-23,-1,2025-07-23 11:01:00-04:00,11,23207.75,23220.25,12.5,23162.25,23157.75,45.5,50.0,3.64,4.0,stop,-12.5,50,stop,-12.5,50,70,71
2025-07-24,1,2025-07-24 09:55:00-04:00,9,23357.75,23344.5,13.25,23400.75,23400.75,43.0,43.0,3.2452830188679247,3.2452830188679247,stop,-13.25,6,stop,-13.25,6,4,5
2025-07-28,1,2025-07-28 11:24:00-04:00,11,23469.0,23435.0,34.0,23519.0,23525.0,50.0,56.0,1.4705882352941178,1.6470588235294117,eod,30.0,276,eod,30.0,276,89,94
2025-07-29,1,2025-07-29 09:52:00-04:00,9,23582.25,23554.0,28.25,23626.0,23652.25,43.75,70.0,1.5486725663716814,2.47787610619469,stop,-28.25,14,stop,-28.25,14,0,2
2025-07-30,-1,2025-07-30 10:32:00-04:00,10,23515.5,23531.0,15.5,23486.25,23450.25,29.25,65.25,1.8870967741935485,4.209677419354839,stop,-15.5,18,stop,-15.5,18,42,42
2025-07-31,-1,2025-07-31 09:50:00-04:00,9,23656.75,23666.25,9.5,23608.25,23608.25,48.5,48.5,5.105263157894737,5.105263157894737,stop,-9.5,2,stop,-9.5,2,0,0
2025-08-01,-1,2025-08-01 10:22:00-04:00,10,22928.75,22965.25,36.5,22865.25,22858.0,63.5,70.75,1.7397260273972603,1.9383561643835616,stop,-36.5,2,stop,-36.5,2,26,32
2025-08-04,1,2025-08-04 11:01:00-04:00,11,23207.0,23185.5,21.5,23227.0,23258.0,20.0,51.0,0.9302325581395349,2.372093023255814,target,20.0,35,target,51.0,56,71,71
2025-08-05,1,2025-08-05 10:00:00-04:00,10,23355.5,23310.0,45.5,23397.25,23397.25,41.75,41.75,0.9175824175824175,0.9175824175824175,stop,-45.5,13,stop,-45.5,13,10,10
2025-08-06,1,2025-08-06 09:52:00-04:00,9,23202.5,23171.5,31.0,23239.5,23245.0,37.0,42.5,1.1935483870967742,1.3709677419354838,target,37.0,2,target,42.5,3,1,2
2025-08-07,1,2025-08-07 10:29:00-04:00,10,23575.0,23541.0,34.0,23610.75,23659.0,35.75,84.0,1.0514705882352942,2.4705882352941178,stop,-34.0,2,stop,-34.0,2,34,39
2025-08-11,1,2025-08-11 09:54:00-04:00,9,23720.75,23705.25,15.5,23736.75,23745.0,16.0,24.25,1.032258064516129,1.564516129032258,target,16.0,3,target,24.25,4,3,4
2025-08-12,-1,2025-08-12 10:30:00-04:00,10,23758.75,23766.5,7.75,23682.5,23650.0,76.25,108.75,9.838709677419354,14.03225806451613,stop,-7.75,7,stop,-7.75,7,40,40
2025-08-13,-1,2025-08-13 09:55:00-04:00,9,24016.25,24063.0,46.75,24026.5,24005.0,10.25,11.25,0.2192513368983957,0.24064171122994651,target,-10.25,1,target,11.25,1,0,5
2025-08-14,1,2025-08-14 09:55:00-04:00,9,23909.75,23903.0,6.75,23937.75,23960.25,28.0,50.5,4.148148148148148,7.481481481481482,stop,-6.75,1,stop,-6.75,1,5,5
2025-08-15,-1,2025-08-15 10:04:00-04:00,10,23853.75,23861.0,7.25,23776.75,23770.5,77.0,83.25,10.620689655172415,11.482758620689655,stop,-7.25,1,stop,-7.25,1,14,14
2025-08-18,-1,2025-08-18 10:28:00-04:00,10,23787.25,23826.5,39.25,23772.0,23735.0,15.25,52.25,0.3885350318471338,1.3312101910828025,target,15.25,2,target,52.25,18,34,38
2025-08-19,-1,2025-08-19 09:55:00-04:00,9,23684.0,23701.0,17.0,23639.25,23639.25,44.75,44.75,2.6323529411764706,2.6323529411764706,stop,-17.0,9,stop,-17.0,9,3,5
2025-08-21,-1,2025-08-21 09:50:00-04:00,9,23241.5,23270.5,29.0,23175.0,23175.0,66.5,66.5,2.293103448275862,2.293103448275862,target,66.5,10,target,66.5,10,0,0
2025-08-27,-1,2025-08-27 09:55:00-04:00,9,23521.0,23544.0,23.0,23488.5,23488.5,32.5,32.5,1.4130434782608696,1.4130434782608696,stop,-23.0,8,stop,-23.0,8,4,5
2025-08-28,-1,2025-08-28 10:49:00-04:00,10,23709.0,23722.0,13.0,23655.0,23572.5,54.0,136.5,4.153846153846154,10.5,stop,-13.0,6,stop,-13.0,6,57,59
2025-09-02,1,2025-09-02 10:51:00-04:00,10,23142.5,23133.0,9.5,23200.0,23261.0,57.5,118.5,6.052631578947368,12.473684210526315,stop,-9.5,15,stop,-9.5,15,61,61
2025-09-03,-1,2025-09-03 09:50:00-04:00,9,23410.75,23415.75,5.0,23369.75,23369.75,41.0,41.0,8.2,8.2,stop,-5.0,1,stop,-5.0,1,0,0
2025-09-04,-1,2025-09-04 10:42:00-04:00,10,23501.5,23532.25,30.75,23460.0,23457.25,41.5,44.25,1.3495934959349594,1.4390243902439024,stop,-30.75,18,stop,-30.75,18,46,52
2025-09-05,-1,2025-09-05 09:52:00-04:00,9,23846.75,23895.75,49.0,23835.5,23821.5,11.25,25.25,0.22959183673469388,0.5153061224489796,target,11.25,1,target,25.25,8,1,2
2025-09-08,1,2025-09-08 10:19:00-04:00,10,23817.25,23809.0,8.25,23852.0,23876.5,34.75,59.25,4.212121212121212,7.181818181818182,stop,-8.25,2,stop,-8.25,2,29,29
2025-09-09,-1,2025-09-09 10:10:00-04:00,10,23843.25,23852.0,8.75,23824.25,23800.25,19.0,43.0,2.1714285714285713,4.914285714285715,target,19.0,5,target,43.0,17,20,20
2025-09-10,-1,2025-09-10 09:50:00-04:00,9,23937.25,23957.5,20.25,23912.0,23894.25,25.25,43.0,1.2469135802469136,2.123456790123457,target,25.25,1,target,43.0,1,0,0
2025-09-12,1,2025-09-12 09:50:00-04:00,9,24032.5,24009.0,23.5,24039.25,24063.5,6.75,31.0,0.2872340425531915,1.3191489361702127,target,6.75,5,target,31.0,31,0,0
2025-09-17,-1,2025-09-17 09:55:00-04:00,9,24257.0,24282.75,25.75,24223.0,24223.0,34.0,34.0,1.3203883495145632,1.3203883495145632,target,34.0,6,target,34.0,6,0,5
2025-09-23,-1,2025-09-23 10:42:00-04:00,10,24962.25,24977.0,14.75,24946.25,24932.5,16.0,29.75,1.0847457627118644,2.016949152542373,target,16.0,4,target,29.75,25,51,52
2025-09-24,-1,2025-09-24 10:04:00-04:00,10,24837.75,24843.0,5.25,24804.5,24785.0,33.25,52.75,6.333333333333333,10.047619047619047,target,33.25,29,target,52.75,66,14,14
2025-09-25,-1,2025-09-25 09:51:00-04:00,9,24479.25,24524.5,45.25,24424.5,24422.0,54.75,57.25,1.2099447513812154,1.2651933701657458,stop,-45.25,14,stop,-45.25,14,0,1
2025-09-26,1,2025-09-26 12:21:00-04:00,12,24653.75,24518.0,135.75,24711.75,24716.0,58.0,62.25,0.427255985267035,0.4585635359116022,target,58.0,52,target,62.25,67,16,151
2025-09-29,1,2025-09-29 11:10:00-04:00,11,24914.75,24904.75,10.0,24947.75,24955.0,33.0,40.25,3.3,4.025,stop,-10.0,1,stop,-10.0,1,80,80
2025-09-30,-1,2025-09-30 10:04:00-04:00,10,24799.75,24814.5,14.75,24765.0,24722.5,34.75,77.25,2.3559322033898304,5.237288135593221,target,34.75,2,stop,-14.75,44,13,14
2025-10-01,1,2025-10-01 09:50:00-04:00,9,24753.5,24724.0,29.5,24835.5,24841.5,82.0,88.0,2.7796610169491527,2.983050847457627,target,82.0,25,target,88.0,28,0,0
2025-10-02,-1,2025-10-02 10:06:00-04:00,10,25057.25,25083.5,26.25,25025.25,25014.25,32.0,43.0,1.2190476190476192,1.638095238095238,stop,-26.25,13,stop,-26.25,13,14,16
2025-10-03,-1,2025-10-03 09:53:00-04:00,9,25157.0,25173.0,16.0,25130.0,25100.0,27.0,57.0,1.6875,3.5625,target,27.0,2,target,57.0,5,2,3
2025-10-07,-1,2025-10-07 09:57:00-04:00,9,25250.0,25267.5,17.5,25229.25,25217.0,20.75,33.0,1.1857142857142857,1.8857142857142857,target,20.75,6,target,33.0,6,5,7
2025-10-09,-1,2025-10-09 09:50:00-04:00,9,25304.0,25311.5,7.5,25253.75,25250.0,50.25,54.0,6.7,7.2,stop,-7.5,1,stop,-7.5,1,0,0
2025-10-10,1,2025-10-10 09:56:00-04:00,9,25350.0,25323.75,26.25,25388.0,25388.0,38.0,38.0,1.4476190476190476,1.4476190476190476,stop,-26.25,5,stop,-26.25,5,0,6
2025-10-13,1,2025-10-13 10:52:00-04:00,10,24770.0,24764.5,5.5,24829.75,24893.25,59.75,123.25,10.863636363636363,22.40909090909091,stop,-5.5,3,stop,-5.5,3,62,62
2025-10-14,-1,2025-10-14 09:52:00-04:00,9,24505.0,24516.5,11.5,24423.25,24423.25,81.75,81.75,7.108695652173913,7.108695652173913,stop,-11.5,1,stop,-11.5,1,2,2
2025-10-15,-1,2025-10-15 09:54:00-04:00,9,24978.5,24990.5,12.0,24897.0,24897.0,81.5,81.5,6.791666666666667,6.791666666666667,stop,-12.0,1,stop,-12.0,1,4,4
2025-10-16,-1,2025-10-16 10:50:00-04:00,10,25118.5,25181.75,63.25,25047.5,25026.0,71.0,92.5,1.1225296442687747,1.4624505928853755,target,71.0,37,target,92.5,38,46,60
2025-10-17,1,2025-10-17 11:36:00-04:00,11,24687.75,24672.5,15.25,24786.5,24890.0,98.75,202.25,6.475409836065574,13.262295081967213,target,98.75,4,target,202.25,26,106,106
2025-10-21,-1,2025-10-21 09:50:00-04:00,9,25261.25,25275.5,14.25,25219.25,25213.75,42.0,47.5,2.9473684210526314,3.3333333333333335,target,42.0,7,target,47.5,7,0,0
2025-10-22,-1,2025-10-22 09:50:00-04:00,9,25256.25,25265.0,8.75,25235.75,25172.75,20.5,83.5,2.342857142857143,9.542857142857143,stop,-8.75,1,stop,-8.75,1,0,0
2025-10-23,1,2025-10-23 10:19:00-04:00,10,25096.0,25084.0,12.0,25139.25,25179.75,43.25,83.75,3.6041666666666665,6.979166666666667,stop,-12.0,2,stop,-12.0,2,29,29
2025-10-24,1,2025-10-24 09:51:00-04:00,9,25477.25,25462.0,15.25,25550.5,25550.5,73.25,73.25,4.80327868852459,4.80327868852459,stop,-15.25,63,stop,-15.25,63,0,1
2025-10-27,1,2025-10-27 09:51:00-04:00,9,25830.25,25806.25,24.0,25850.0,25859.75,19.75,29.5,0.8229166666666666,1.2291666666666667,target,19.75,4,target,29.5,10,0,1
2025-10-28,1,2025-10-28 09:51:00-04:00,9,26044.0,26033.0,11.0,26080.75,26094.0,36.75,50.0,3.340909090909091,4.545454545454546,stop,-11.0,2,stop,-11.0,2,1,1
2025-10-29,1,2025-10-29 10:12:00-04:00,10,26284.75,26259.75,25.0,26289.75,26319.25,5.0,34.5,0.2,1.38,target,5.0,1,stop,-25.0,37,22,22
2025-10-31,-1,2025-10-31 11:35:00-04:00,11,26132.0,26185.0,53.0,26088.0,26080.25,44.0,51.75,0.8301886792452831,0.9764150943396226,target,44.0,6,target,51.75,7,46,105
2025-11-04,1,2025-11-04 11:51:00-05:00,11,25741.0,25728.5,12.5,25785.0,25881.0,44.0,140.0,3.52,11.2,stop,-12.5,5,stop,-12.5,5,121,121
2025-11-07,-1,2025-11-07 09:53:00-05:00,9,24985.5,25016.0,30.5,24932.25,24917.5,53.25,68.0,1.7459016393442623,2.2295081967213113,stop,-30.5,3,stop,-30.5,3,2,3
2025-11-10,1,2025-11-10 09:51:00-05:00,9,25614.25,25589.75,24.5,25647.5,25657.75,33.25,43.5,1.3571428571428572,1.7755102040816326,stop,-24.5,2,stop,-24.5,2,0,1
2025-11-11,1,2025-11-11 09:50:00-05:00,9,25578.75,25558.5,20.25,25625.0,25646.0,46.25,67.25,2.2839506172839505,3.3209876543209877,target,46.25,7,stop,-20.25,16,0,0
2025-11-12,-1,2025-11-12 10:10:00-05:00,10,25653.75,25661.25,7.5,25571.0,25561.5,82.75,92.25,11.033333333333333,12.3,target,82.75,25,target,92.25,26,20,20
2025-11-13,-1,2025-11-13 09:50:00-05:00,9,25340.5,25348.75,8.25,25280.75,25280.75,59.75,59.75,7.242424242424242,7.242424242424242,stop,-8.25,1,stop,-8.25,1,0,0
2025-11-17,1,2025-11-17 10:06:00-05:00,10,25152.0,25102.0,50.0,25228.0,25254.75,76.0,102.75,1.52,2.055,stop,-50.0,2,stop,-50.0,2,13,16
2025-11-19,1,2025-11-19 11:06:00-05:00,11,24725.5,24711.0,14.5,24779.5,24901.5,54.0,176.0,3.7241379310344827,12.137931034482758,stop,-14.5,4,stop,-14.5,4,76,76
2025-11-20,1,2025-11-20 10:14:00-05:00,10,25183.75,25156.5,27.25,25268.0,25293.5,84.25,109.75,3.091743119266055,4.027522935779817,stop,-27.25,2,stop,-27.25,2,24,24
2025-11-21,-1,2025-11-21 09:56:00-05:00,9,24186.0,24300.25,114.25,24101.0,24101.0,85.0,85.0,0.7439824945295405,0.7439824945295405,target,85.0,6,target,85.0,6,2,6
2025-11-24,1,2025-11-24 09:51:00-05:00,9,24615.75,24577.25,38.5,24690.0,24722.25,74.25,106.5,1.9285714285714286,2.7662337662337664,target,74.25,9,target,106.5,11,0,1
2025-11-25,-1,2025-11-25 09:52:00-05:00,9,24719.0,24731.5,12.5,24625.0,24602.0,94.0,117.0,7.52,9.36,stop,-12.5,2,stop,-12.5,2,2,2
2025-11-26,-1,2025-11-26 09:51:00-05:00,9,25257.25,25283.5,26.25,25232.75,25155.75,24.5,101.5,0.9333333333333333,3.8666666666666667,target,24.5,1,target,101.5,8,0,1
2025-11-28,-1,2025-11-28 09:50:00-05:00,9,25392.5,25401.0,8.5,25341.75,25329.5,50.75,63.0,5.970588235294118,7.411764705882353,stop,-8.5,31,stop,-8.5,31,0,0
2025-12-02,1,2025-12-02 09:53:00-05:00,9,25574.0,25560.0,14.0,25604.25,25613.0,30.25,39.0,2.1607142857142856,2.7857142857142856,target,30.25,6,target,39.0,7,3,3
2025-12-03,-1,2025-12-03 10:13:00-05:00,10,25503.0,25576.25,73.25,25461.5,25420.75,41.5,82.25,0.5665529010238908,1.1228668941979523,stop,-73.25,20,stop,-73.25,20,10,23
2025-12-04,-1,2025-12-04 10:47:00-05:00,10,25598.0,25641.0,43.0,25570.0,25540.0,28.0,58.0,0.6511627906976745,1.3488372093023255,target,28.0,5,target,58.0,17,47,57
2025-12-05,1,2025-12-05 11:17:00-05:00,11,25707.5,25684.0,23.5,25753.5,25803.25,46.0,95.75,1.9574468085106382,4.074468085106383,stop,-23.5,2,stop,-23.5,2,84,87
2025-12-11,-1,2025-12-11 10:30:00-05:00,10,25590.5,25631.25,40.75,25483.5,25400.5,107.0,190.0,2.625766871165644,4.662576687116564,target,107.0,20,stop,-40.75,115,31,40
2025-12-12,-1,2025-12-12 09:54:00-05:00,9,25561.5,25573.5,12.0,25504.75,25501.5,56.75,60.0,4.729166666666667,5.0,target,56.75,9,target,60.0,10,4,4
2025-12-15,-1,2025-12-15 09:50:00-05:00,9,25276.5,25312.5,36.0,25257.0,25213.75,19.5,62.75,0.5416666666666666,1.7430555555555556,target,19.5,2,target,62.75,7,0,0
2025-12-16,1,2025-12-16 10:28:00-05:00,10,24972.75,24934.5,38.25,25099.25,25155.0,126.5,182.25,3.30718954248366,4.764705882352941,target,126.5,32,stop,-38.25,155,35,38
2025-12-17,-1,2025-12-17 09:59:00-05:00,9,25099.0,25117.0,18.0,25010.5,25010.5,88.5,88.5,4.916666666666667,4.916666666666667,target,88.5,36,target,88.5,36,7,9
2025-12-22,-1,2025-12-22 09:52:00-05:00,9,25729.75,25746.25,16.5,25685.25,25671.0,44.5,58.75,2.696969696969697,3.5606060606060606,stop,-16.5,2,stop,-16.5,2,1,2
2025-12-23,1,2025-12-23 09:50:00-05:00,9,25725.25,25716.5,8.75,25751.25,25751.25,26.0,26.0,2.9714285714285715,2.9714285714285715,stop,-8.75,1,stop,-8.75,1,0,0
2025-12-24,-1,2025-12-24 09:51:00-05:00,9,25802.0,25811.0,9.0,25785.0,25781.75,17.0,20.25,1.8888888888888888,2.25,stop,-9.0,5,stop,-9.0,5,1,1
2025-12-29,1,2025-12-29 09:53:00-05:00,9,25736.75,25709.0,27.75,25793.5,25818.75,56.75,82.0,2.045045045045045,2.954954954954955,stop,-27.75,7,stop,-27.75,7,1,3
2025-12-31,-1,2025-12-31 09:52:00-05:00,9,25623.5,25631.5,8.0,25581.75,25581.75,41.75,41.75,5.21875,5.21875,stop,-8.0,3,stop,-8.0,3,2,2
2026-01-06,1,2026-01-06 11:04:00-05:00,11,25662.0,25656.75,5.25,25719.0,25761.5,57.0,99.5,10.857142857142858,18.952380952380953,stop,-5.25,2,stop,-5.25,2,74,74
2026-01-07,1,2026-01-07 10:04:00-05:00,10,25842.25,25810.0,32.25,25873.25,25880.0,31.0,37.75,0.9612403100775194,1.1705426356589148,target,31.0,24,target,37.75,28,10,14
2026-01-08,-1,2026-01-08 10:08:00-05:00,10,25671.75,25684.5,12.75,25597.5,25597.5,74.25,74.25,5.823529411764706,5.823529411764706,stop,-12.75,8,stop,-12.75,8,18,18
2026-01-09,-1,2026-01-09 10:20:00-05:00,10,25766.75,25773.5,6.75,25673.25,25648.25,93.5,118.5,13.851851851851851,17.555555555555557,stop,-6.75,1,stop,-6.75,1,30,30
2026-01-13,-1,2026-01-13 12:10:00-05:00,12,26002.75,26028.0,25.25,25957.5,25930.75,45.25,72.0,1.7920792079207921,2.8514851485148514,target,45.25,7,target,72.0,21,121,140
2026-01-14,-1,2026-01-14 10:14:00-05:00,10,25674.0,25678.0,4.0,25614.0,25578.25,60.0,95.75,15.0,23.9375,stop,-4.0,1,stop,-4.0,1,24,24
2026-01-20,1,2026-01-20 10:08:00-05:00,10,25270.0,25259.0,11.0,25334.75,25369.0,64.75,99.0,5.886363636363637,9.0,stop,-11.0,10,stop,-11.0,10,18,18
2026-01-21,1,2026-01-21 12:08:00-05:00,12,25207.75,25189.75,18.0,25244.25,25339.75,36.5,132.0,2.0277777777777777,7.333333333333333,stop,-18.0,3,stop,-18.0,3,138,138
2026-01-22,-1,2026-01-22 11:14:00-05:00,11,25653.75,25662.0,8.25,25556.75,25554.25,97.0,99.5,11.757575757575758,12.06060606060606,stop,-8.25,1,stop,-8.25,1,84,84
2026-01-30,1,2026-01-30 10:01:00-05:00,10,25853.0,25804.75,48.25,25899.75,25939.25,46.75,86.25,0.9689119170984456,1.7875647668393781,target,46.75,6,stop,-48.25,28,9,11
2026-02-05,1,2026-02-05 09:52:00-05:00,9,24887.5,24862.5,25.0,24942.0,24961.25,54.5,73.75,2.18,2.95,stop,-25.0,2,stop,-25.0,2,2,2
2026-02-06,1,2026-02-06 10:26:00-05:00,10,24902.75,24740.0,162.75,24950.0,24984.0,47.25,81.25,0.2903225806451613,0.49923195084485406,target,47.25,20,target,81.25,41,5,36
2026-02-09,1,2026-02-09 09:50:00-05:00,9,25138.0,25115.75,22.25,25188.5,25188.5,50.5,50.5,2.269662921348315,2.269662921348315,stop,-22.25,1,stop,-22.25,1,0,0
2026-02-13,-1,2026-02-13 10:29:00-05:00,10,24848.5,24872.75,24.25,24708.0,24578.75,140.5,269.75,5.793814432989691,11.123711340206185,stop,-24.25,1,stop,-24.25,1,38,39
2026-02-16,-1,2026-02-16 10:22:00-05:00,10,24729.25,24799.5,70.25,24692.25,24692.25,37.0,37.0,0.5266903914590747,0.5266903914590747,target,37.0,11,target,37.0,11,0,32
2026-02-17,-1,2026-02-17 11:30:00-05:00,11,24694.0,24798.5,104.5,24621.0,24475.75,73.0,218.25,0.6985645933014354,2.088516746411483,target,73.0,83,stop,-104.5,124,78,100
2026-02-20,1,2026-02-20 09:59:00-05:00,9,24900.0,24843.5,56.5,24958.0,24958.0,58.0,58.0,1.0265486725663717,1.0265486725663717,target,58.0,2,target,58.0,2,0,9
2026-02-23,-1,2026-02-23 09:54:00-05:00,9,24923.25,24967.5,44.25,24857.5,24857.5,65.75,65.75,1.4858757062146892,1.4858757062146892,target,65.75,11,target,65.75,11,0,4
2026-02-25,1,2026-02-25 10:56:00-05:00,10,25272.0,25262.75,9.25,25331.75,25352.0,59.75,80.0,6.45945945945946,8.64864864864865,target,59.75,56,target,80.0,121,65,66
2026-03-02,1,2026-03-02 09:53:00-05:00,9,24820.0,24808.0,12.0,24897.25,24899.0,77.25,79.0,6.4375,6.583333333333333,stop,-12.0,7,stop,-12.0,7,3,3
2026-03-03,-1,2026-03-03 11:18:00-05:00,11,24600.5,24622.25,21.75,24491.5,24455.75,109.0,144.75,5.011494252873563,6.655172413793103,stop,-21.75,5,stop,-21.75,5,88,88
2026-03-05,1,2026-03-05 10:39:00-05:00,10,25042.5,24928.5,114.0,25131.75,25188.0,89.25,145.5,0.7828947368421053,1.2763157894736843,stop,-114.0,110,stop,-114.0,110,34,49
2026-03-06,1,2026-03-06 09:59:00-05:00,9,24691.0,24629.75,61.25,24716.75,24742.5,25.75,51.5,0.4204081632653061,0.8408163265306122,target,25.75,1,target,51.5,1,9,9
2026-03-09,-1,2026-03-09 10:05:00-04:00,10,24381.25,24478.0,96.75,24343.5,24313.25,37.75,68.0,0.39018087855297157,0.7028423772609819,target,37.75,6,stop,-96.75,31,13,15
2026-03-10,-1,2026-03-10 10:34:00-04:00,10,25054.0,25064.25,10.25,24995.0,24945.5,59.0,108.5,5.7560975609756095,10.585365853658537,stop,-10.25,2,stop,-10.25,2,44,44
2026-03-11,1,2026-03-11 09:52:00-04:00,9,25044.5,25012.75,31.75,25098.25,25115.5,53.75,71.0,1.6929133858267718,2.236220472440945,target,53.75,6,target,71.0,8,0,2
2026-03-12,-1,2026-03-12 09:50:00-04:00,9,24742.75,24769.0,26.25,24676.5,24630.5,66.25,112.25,2.5238095238095237,4.276190476190476,target,66.25,3,target,112.25,6,0,0
2026-03-13,1,2026-03-13 09:53:00-04:00,9,24788.0,24733.5,54.5,24805.0,24805.0,17.0,17.0,0.3119266055045872,0.3119266055045872,stop,-54.5,4,stop,-54.5,4,0,3
2026-03-16,1,2026-03-16 10:34:00-04:00,10,24670.25,24662.75,7.5,24735.0,24744.25,64.75,74.0,8.633333333333333,9.866666666666667,stop,-7.5,4,stop,-7.5,4,44,44
2026-03-17,1,2026-03-17 10:03:00-04:00,10,24840.0,24834.0,6.0,24895.5,24896.75,55.5,56.75,9.25,9.458333333333334,stop,-6.0,7,stop,-6.0,7,13,13
2026-03-18,1,2026-03-18 09:52:00-04:00,9,24743.5,24715.5,28.0,24779.5,24779.5,36.0,36.0,1.2857142857142858,1.2857142857142858,stop,-28.0,2,stop,-28.0,2,1,2
2026-03-23,-1,2026-03-23 09:50:00-04:00,9,24574.75,24593.25,18.5,24487.0,24432.5,87.75,142.25,4.743243243243243,7.6891891891891895,stop,-18.5,2,stop,-18.5,2,0,0
2026-03-24,-1,2026-03-24 10:01:00-04:00,10,24224.0,24258.0,34.0,24152.75,24134.75,71.25,89.25,2.0955882352941178,2.625,stop,-34.0,6,stop,-34.0,6,10,11
2026-03-25,-1,2026-03-25 10:24:00-04:00,10,24452.5,24500.25,47.75,24414.25,24360.0,38.25,92.5,0.8010471204188482,1.9371727748691099,stop,-47.75,1,stop,-47.75,1,30,34
2026-03-26,1,2026-03-26 09:59:00-04:00,9,24215.75,24139.0,76.75,24195.0,24233.25,20.75,17.5,0.2703583061889251,0.2280130293159609,target,-20.75,1,target,17.5,8,9,9
2026-03-30,-1,2026-03-30 11:06:00-04:00,11,23383.5,23439.75,56.25,23352.75,23293.0,30.75,90.5,0.5466666666666666,1.6088888888888888,target,30.75,2,target,90.5,10,73,76
2026-03-31,1,2026-03-31 10:52:00-04:00,10,23420.75,23413.75,7.0,23531.5,23577.5,110.75,156.75,15.821428571428571,22.392857142857142,stop,-7.0,1,stop,-7.0,1,62,62
2026-04-06,1,2026-04-06 10:11:00-04:00,10,24328.5,24268.5,60.0,24384.0,24418.0,55.5,89.5,0.925,1.4916666666666667,target,55.5,9,stop,-60.0,38,14,21
2026-04-07,-1,2026-04-07 09:55:00-04:00,9,24195.25,24212.0,16.75,24148.0,24118.0,47.25,77.25,2.8208955223880596,4.611940298507463,target,47.25,2,target,77.25,4,5,5
2026-04-09,1,2026-04-09 11:13:00-04:00,11,25065.0,24958.25,106.75,25109.75,25112.75,44.75,47.75,0.41920374707259955,0.44730679156908665,target,44.75,19,target,47.75,19,0,83
2026-04-10,1,2026-04-10 09:51:00-04:00,9,25321.0,25298.25,22.75,25355.25,25372.0,34.25,51.0,1.5054945054945055,2.241758241758242,stop,-22.75,9,stop,-22.75,9,0,1
2026-04-14,1,2026-04-14 09:55:00-04:00,9,25732.75,25720.75,12.0,25763.75,25763.75,31.0,31.0,2.5833333333333335,2.5833333333333335,stop,-12.0,4,stop,-12.0,4,5,5
2026-04-16,-1,2026-04-16 10:13:00-04:00,10,26366.75,26399.75,33.0,26363.0,26275.75,3.75,91.0,0.11363636363636363,2.757575757575758,target,3.75,1,stop,-33.0,32,23,23
2026-04-17,-1,2026-04-17 09:53:00-04:00,9,26718.5,26741.0,22.5,26632.25,26629.5,86.25,89.0,3.8333333333333335,3.9555555555555557,stop,-22.5,7,stop,-22.5,7,1,3
2026-04-20,1,2026-04-20 10:31:00-04:00,10,26730.75,26704.75,26.0,26770.0,26826.0,39.25,95.25,1.5096153846153846,3.6634615384615383,stop,-26.0,10,stop,-26.0,10,41,41
2026-04-21,1,2026-04-21 11:09:00-04:00,11,26745.75,26660.25,85.5,26790.0,26841.75,44.25,96.0,0.5175438596491229,1.1228070175438596,stop,-85.5,116,stop,-85.5,116,69,79
2026-04-22,1,2026-04-22 09:50:00-04:00,9,26827.25,26820.0,7.25,26880.0,26892.5,52.75,65.25,7.275862068965517,9.0,stop,-7.25,1,stop,-7.25,1,0,0
2026-04-23,1,2026-04-23 10:09:00-04:00,10,27026.75,26964.0,62.75,27102.5,27102.5,75.75,75.75,1.207171314741036,1.207171314741036,target,75.75,48,target,75.75,48,8,19
2026-04-24,-1,2026-04-24 09:50:00-04:00,9,27219.75,27256.75,37.0,27203.75,27130.0,16.0,89.75,0.43243243243243246,2.425675675675676,target,16.0,1,target,89.75,6,0,0
2026-04-27,-1,2026-04-27 09:55:00-04:00,9,27380.75,27395.75,15.0,27324.5,27298.0,56.25,82.75,3.75,5.516666666666667,stop,-15.0,1,stop,-15.0,1,5,5
2026-04-28,1,2026-04-28 09:58:00-04:00,9,27206.25,27138.25,68.0,27250.75,27250.75,44.5,44.5,0.6544117647058824,0.6544117647058824,stop,-68.0,36,stop,-68.0,36,2,8
2026-04-29,-1,2026-04-29 09:52:00-04:00,9,27192.25,27225.75,33.5,27155.5,27124.25,36.75,68.0,1.0970149253731343,2.029850746268657,stop,-33.5,2,stop,-33.5,2,0,2
2026-04-30,-1,2026-04-30 10:59:00-04:00,10,27359.75,27378.25,18.5,27286.0,27204.5,73.75,155.25,3.9864864864864864,8.391891891891891,stop,-18.5,1,stop,-18.5,1,67,69
