date,break_dir,break_ts,break_minutes_after_950,post_close_to_13,continuation_pts,post_mfe_in_dir,other_side_broken,candle_body_dir,agrees_with_candle,is_manip,manip_dir,agrees_with_manip,nine_bias,agrees_with_9am_bias
2025-05-02,-1,2025-05-02 09:51:00-04:00,1,20241.25,-195.0,26.75,True,-1,True,False,0,,-1,True
2025-05-05,-1,2025-05-05 09:51:00-04:00,1,20134.25,-111.5,14.5,True,1,False,False,0,,1,False
2025-05-06,-1,2025-05-06 09:50:00-04:00,0,19864.75,-67.75,58.75,True,-1,True,False,0,,-1,True
2025-05-07,1,2025-05-07 09:57:00-04:00,7,19898.75,-37.75,41.25,True,-1,False,False,0,,1,True
2025-05-08,-1,2025-05-08 10:08:00-04:00,18,20331.5,-270.5,83.0,True,-1,True,False,0,,-1,True
2025-05-09,-1,2025-05-09 09:52:00-04:00,2,20087.75,132.25,162.5,True,1,False,False,0,,1,False
2025-05-12,1,2025-05-12 09:50:00-04:00,0,20877.75,77.0,82.75,True,1,True,True,1,True,-1,False
2025-05-13,1,2025-05-13 09:50:00-04:00,0,21321.25,249.75,267.25,False,-1,False,False,0,,1,True
2025-05-14,-1,2025-05-14 09:56:00-04:00,6,21366.5,-89.5,4.25,True,-1,True,False,0,,1,False
2025-05-15,1,2025-05-15 10:01:00-04:00,11,21491.5,170.25,173.75,False,-1,False,False,0,,1,True
2025-05-16,1,2025-05-16 09:50:00-04:00,0,21427.5,-12.75,16.75,True,1,True,False,0,,1,True
2025-05-19,1,2025-05-19 10:01:00-04:00,11,21499.0,124.0,128.0,False,1,True,False,0,,1,True
2025-05-20,-1,2025-05-20 09:51:00-04:00,1,21458.5,-100.5,4.0,True,-1,True,False,0,,-1,True
2025-05-21,1,2025-05-21 09:50:00-04:00,0,21515.0,131.5,175.0,False,1,True,False,0,,1,True
2025-05-22,1,2025-05-22 09:50:00-04:00,0,21218.25,23.75,135.75,False,1,True,False,0,,1,True
2025-05-23,1,2025-05-23 10:00:00-04:00,10,20983.25,72.0,98.0,False,-1,False,False,0,,1,True
2025-05-26,-1,2025-05-26 09:50:00-04:00,0,21284.5,8.0,77.0,False,-1,True,False,0,,1,False
2025-05-27,1,2025-05-27 09:50:00-04:00,0,21430.5,151.0,179.75,False,1,True,False,0,,1,True
2025-05-28,-1,2025-05-28 09:50:00-04:00,0,21464.75,14.0,52.5,False,-1,True,False,0,,-1,True
2025-05-29,-1,2025-05-29 09:50:00-04:00,0,21455.75,31.0,185.75,True,-1,True,False,0,,-1,True
2025-05-30,-1,2025-05-30 09:50:00-04:00,0,21108.75,177.5,214.75,True,-1,True,True,-1,True,-1,True
2025-06-02,-1,2025-06-02 09:50:00-04:00,0,21446.5,-74.75,137.25,True,-1,True,False,0,,1,False
2025-06-03,-1,2025-06-03 09:50:00-04:00,0,21738.25,-180.0,12.0,True,1,False,False,0,,1,False
2025-06-04,-1,2025-06-04 09:51:00-04:00,1,21753.75,-1.5,111.25,False,1,False,False,0,,1,False
2025-06-05,1,2025-06-05 10:25:00-04:00,35,21687.5,-93.75,155.0,True,-1,False,False,0,,-1,False
2025-06-06,-1,2025-06-06 09:54:00-04:00,4,21755.0,82.75,116.25,True,1,False,False,0,,1,False
2025-06-09,1,2025-06-09 09:50:00-04:00,0,21870.0,66.0,88.5,False,1,True,True,1,True,-1,False
2025-06-10,1,2025-06-10 09:51:00-04:00,1,21909.75,34.25,41.5,True,1,True,False,0,,1,True
2025-06-11,1,2025-06-11 09:51:00-04:00,1,21977.75,1.75,90.75,True,-1,False,False,0,,-1,False
2025-06-12,1,2025-06-12 09:50:00-04:00,0,21923.75,34.0,87.75,True,1,True,True,1,True,1,True
2025-06-13,1,2025-06-13 09:50:00-04:00,0,21827.5,58.5,86.75,True,-1,False,False,0,,1,True
2025-06-16,1,2025-06-16 09:53:00-04:00,3,21939.0,46.0,103.5,False,1,True,True,1,True,1,True
2025-06-17,1,2025-06-17 09:51:00-04:00,1,21811.25,-35.25,61.25,True,1,True,False,0,,1,True
2025-06-18,1,2025-06-18 09:50:00-04:00,0,21804.25,21.5,90.0,False,1,True,False,0,,1,True
2025-06-19,1,2025-06-19 10:29:00-04:00,39,21511.75,1.0,16.5,False,-1,False,False,0,,-1,False
2025-06-23,1,2025-06-23 09:53:00-04:00,3,21840.75,-74.75,102.5,True,1,True,True,1,True,1,True
2025-06-24,-1,2025-06-24 09:50:00-04:00,0,22400.0,-90.0,44.25,True,1,False,False,0,,1,False
2025-06-25,-1,2025-06-25 09:50:00-04:00,0,22442.5,71.5,103.75,False,-1,True,False,0,,1,False
2025-06-26,-1,2025-06-26 09:50:00-04:00,0,22607.25,-123.25,7.75,True,-1,True,False,0,,-1,True
2025-06-27,-1,2025-06-27 09:51:00-04:00,1,22795.0,-63.75,2.25,True,1,False,False,0,,1,False
2025-06-30,-1,2025-06-30 09:51:00-04:00,1,22841.5,-46.25,0.25,True,-1,True,True,-1,True,-1,True
2025-07-01,1,2025-07-01 09:50:00-04:00,0,22700.75,-125.75,18.5,True,1,True,False,0,,-1,False
2025-07-02,1,2025-07-02 09:54:00-04:00,4,22840.5,113.0,120.25,False,1,True,False,0,,1,True
2025-07-03,1,2025-07-03 09:50:00-04:00,0,23056.75,81.0,125.5,False,1,True,False,0,,1,True
2025-07-04,-1,2025-07-04 09:50:00-04:00,0,22904.5,12.0,25.75,True,-1,True,True,-1,True,1,False
2025-07-07,1,2025-07-07 09:50:00-04:00,0,22870.0,-85.0,23.0,True,1,True,True,1,True,-1,False
2025-07-08,-1,2025-07-08 09:51:00-04:00,1,22916.5,-14.25,61.25,True,1,False,False,0,,-1,True
2025-07-09,1,2025-07-09 09:50:00-04:00,0,22982.75,-106.0,22.5,True,1,True,False,0,,1,True
2025-07-10,-1,2025-07-10 09:50:00-04:00,0,22992.25,-3.5,87.75,False,-1,True,False,0,,-1,True
2025-07-11,1,2025-07-11 09:50:00-04:00,0,23003.25,63.5,70.25,False,1,True,False,0,,1,True
2025-07-14,1,2025-07-14 09:50:00-04:00,0,23033.5,109.0,116.5,False,1,True,False,0,,1,True
2025-07-15,-1,2025-07-15 09:54:00-04:00,4,23098.5,43.75,59.75,True,-1,True,True,-1,True,-1,True
2025-07-16,-1,2025-07-16 09:50:00-04:00,0,23046.0,-49.75,160.5,True,-1,True,True,-1,True,-1,True
2025-07-17,1,2025-07-17 09:50:00-04:00,0,23256.75,118.75,138.0,True,1,True,False,0,,1,True
2025-07-18,-1,2025-07-18 09:52:00-04:00,2,23187.5,80.0,94.5,False,1,False,False,0,,-1,True
2025-07-21,1,2025-07-21 09:56:00-04:00,6,23405.5,19.0,38.5,False,1,True,False,0,,1,True
2025-07-22,-1,2025-07-22 09:50:00-04:00,0,23198.75,10.25,104.0,False,-1,True,False,0,,-1,True
2025-07-23,-1,2025-07-23 09:59:00-04:00,9,23228.25,-66.0,19.75,True,-1,True,False,0,,-1,True
2025-07-24,-1,2025-07-24 09:54:00-04:00,4,23370.75,-15.25,57.0,False,1,False,False,0,,1,False
2025-07-25,1,2025-07-25 09:50:00-04:00,0,23450.25,65.25,92.0,False,1,True,False,0,,1,True
2025-07-28,1,2025-07-28 09:51:00-04:00,1,23485.5,-33.5,8.75,True,1,True,True,1,True,1,True
2025-07-29,-1,2025-07-29 09:50:00-04:00,0,23507.0,68.5,137.5,False,-1,True,False,0,,1,False
2025-07-30,-1,2025-07-30 09:50:00-04:00,0,23534.25,-48.0,22.5,True,-1,True,True,-1,True,-1,True
2025-07-31,1,2025-07-31 09:50:00-04:00,0,23569.5,-91.75,43.75,True,1,True,True,1,True,-1,False
2025-08-01,-1,2025-08-01 09:50:00-04:00,0,22879.25,-14.0,66.0,True,-1,True,False,0,,-1,True
2025-08-04,1,2025-08-04 09:54:00-04:00,4,23270.25,43.25,52.75,True,1,True,False,0,,1,True
2025-08-05,-1,2025-08-05 10:00:00-04:00,10,23180.25,174.0,240.75,False,1,False,False,0,,1,False
2025-08-06,-1,2025-08-06 09:51:00-04:00,1,23370.75,-186.75,19.75,True,1,False,False,0,,1,False
2025-08-07,1,2025-08-07 09:50:00-04:00,0,23461.0,-149.75,60.5,True,-1,False,False,0,,1,True
2025-08-08,1,2025-08-08 09:56:00-04:00,6,23676.5,32.0,62.25,False,1,True,False,0,,1,True
2025-08-11,-1,2025-08-11 09:53:00-04:00,3,23736.25,-20.75,8.25,True,1,False,True,1,False,1,False
2025-08-12,-1,2025-08-12 09:50:00-04:00,0,23900.0,-217.5,60.5,True,-1,True,False,0,,-1,True
2025-08-13,1,2025-08-13 09:50:00-04:00,0,23899.75,-148.5,12.75,True,-1,False,False,0,,-1,False
2025-08-14,1,2025-08-14 09:50:00-04:00,0,23947.25,9.5,67.75,True,1,True,True,1,True,1,True
2025-08-15,-1,2025-08-15 09:53:00-04:00,3,23819.0,-42.25,42.0,True,-1,True,False,0,,-1,True
2025-08-18,-1,2025-08-18 09:50:00-04:00,0,23734.75,37.25,53.25,True,1,False,False,0,,-1,True
2025-08-19,1,2025-08-19 09:53:00-04:00,3,23482.5,-202.5,43.0,True,-1,False,False,0,,-1,False
2025-08-20,-1,2025-08-20 09:50:00-04:00,0,23233.5,31.25,229.5,False,-1,True,False,0,,-1,True
2025-08-21,1,2025-08-21 09:50:00-04:00,0,23161.25,-106.75,80.25,True,1,True,True,1,True,-1,False
2025-08-22,1,2025-08-22 09:50:00-04:00,0,23528.25,191.0,312.75,True,1,True,True,1,True,1,True
2025-08-25,1,2025-08-25 09:56:00-04:00,6,23596.25,99.75,120.25,False,1,True,True,1,True,1,True
2025-08-26,1,2025-08-26 09:54:00-04:00,4,23539.5,40.5,57.25,False,-1,False,False,0,,1,True
2025-08-27,1,2025-08-27 09:54:00-04:00,4,23600.5,70.0,101.25,False,-1,False,False,0,,-1,False
2025-08-28,-1,2025-08-28 09:50:00-04:00,0,23732.0,-77.0,82.5,True,-1,True,False,0,,-1,True
2025-08-29,-1,2025-08-29 09:50:00-04:00,0,23478.25,59.25,124.0,False,-1,True,False,0,,-1,True
2025-09-01,1,2025-09-01 09:50:00-04:00,0,23502.75,16.5,20.75,False,1,True,True,1,True,1,True
2025-09-02,1,2025-09-02 09:50:00-04:00,0,23126.25,-73.75,80.25,True,1,True,False,0,,1,True
2025-09-03,1,2025-09-03 09:50:00-04:00,0,23411.0,-0.25,114.75,False,1,True,True,1,True,-1,False
2025-09-04,-1,2025-09-04 09:55:00-04:00,5,23538.0,-78.0,50.0,True,-1,True,False,0,,-1,True
2025-09-05,1,2025-09-05 09:51:00-04:00,1,23654.25,-233.25,6.25,True,1,True,True,1,True,-1,False
2025-09-08,1,2025-09-08 09:51:00-04:00,1,23811.25,-40.75,36.0,True,1,True,False,0,,1,True
2025-09-09,-1,2025-09-09 09:50:00-04:00,0,23821.25,3.0,97.75,True,-1,True,False,0,,-1,True
2025-09-10,1,2025-09-10 09:50:00-04:00,0,23924.25,-21.25,45.25,True,1,True,True,1,True,-1,False
2025-09-11,1,2025-09-11 09:51:00-04:00,1,24008.5,43.0,83.25,False,1,True,False,0,,1,True
2025-09-12,-1,2025-09-12 09:50:00-04:00,0,24110.5,-90.5,9.0,True,-1,True,False,0,,1,False
2025-09-15,1,2025-09-15 09:50:00-04:00,0,24265.75,31.25,59.75,False,1,True,False,0,,1,True
2025-09-16,-1,2025-09-16 09:50:00-04:00,0,24283.0,18.25,43.75,False,-1,True,False,0,,-1,True
2025-09-17,1,2025-09-17 09:50:00-04:00,0,24149.25,-109.25,22.25,True,1,True,False,0,,-1,False
2025-09-18,1,2025-09-18 09:50:00-04:00,0,24540.25,126.0,155.0,False,1,True,False,0,,1,True
2025-09-22,1,2025-09-22 09:51:00-04:00,1,24986.75,121.25,130.25,False,1,True,False,0,,1,True
2025-09-23,-1,2025-09-23 09:54:00-04:00,4,24928.25,18.0,31.25,True,1,False,False,0,,-1,True
2025-09-24,-1,2025-09-24 09:50:00-04:00,0,24685.0,119.5,176.5,True,-1,True,False,0,,-1,True
2025-09-25,1,2025-09-25 09:50:00-04:00,0,24625.0,127.25,199.25,False,1,True,False,0,,-1,False
2025-09-26,1,2025-09-26 09:50:00-04:00,0,24691.0,-20.75,21.5,True,1,True,False,0,,1,True
2025-09-29,1,2025-09-29 09:50:00-04:00,0,24834.5,-113.25,27.25,True,1,True,False,0,,1,True
2025-09-30,-1,2025-09-30 09:51:00-04:00,1,24783.5,-18.5,42.5,True,-1,True,False,0,,-1,True
2025-10-01,-1,2025-10-01 09:50:00-04:00,0,24955.0,-220.25,8.75,True,-1,True,False,0,,1,False
2025-10-02,-1,2025-10-02 09:50:00-04:00,0,25077.25,-52.0,31.5,True,-1,True,True,-1,True,-1,True
2025-10-03,1,2025-10-03 09:52:00-04:00,2,25118.0,-42.0,11.0,True,1,True,False,0,,-1,False
2025-10-06,-1,2025-10-06 09:51:00-04:00,1,25202.5,-67.25,25.0,True,1,False,False,0,,-1,True
2025-10-07,1,2025-10-07 09:55:00-04:00,5,25024.75,-228.25,12.5,True,1,True,True,1,True,-1,False
2025-10-08,1,2025-10-08 09:53:00-04:00,3,25251.25,85.25,110.5,False,1,True,False,0,,1,True
2025-10-09,1,2025-10-09 09:50:00-04:00,0,25203.75,-100.75,12.5,True,1,True,False,0,,-1,False
2025-10-10,-1,2025-10-10 09:50:00-04:00,0,24658.0,687.5,697.75,False,-1,True,True,-1,True,1,False
2025-10-13,1,2025-10-13 09:50:00-04:00,0,24948.0,118.25,126.5,True,1,True,True,1,True,1,True
2025-10-14,1,2025-10-14 09:52:00-04:00,2,24892.0,379.0,434.25,False,1,True,False,0,,-1,False
2025-10-15,1,2025-10-15 09:54:00-04:00,4,24903.0,-83.0,131.75,True,-1,False,True,-1,False,-1,False
2025-10-16,-1,2025-10-16 09:50:00-04:00,0,24927.5,120.0,316.0,True,-1,True,False,0,,-1,True
2025-10-17,1,2025-10-17 09:50:00-04:00,0,24903.25,116.75,193.5,True,1,True,False,0,,1,True
2025-10-20,1,2025-10-20 09:51:00-04:00,1,25314.75,82.75,113.5,False,1,True,False,0,,1,True
2025-10-21,1,2025-10-21 09:50:00-04:00,0,25285.5,23.25,85.25,True,-1,False,False,0,,-1,False
2025-10-22,1,2025-10-22 09:50:00-04:00,0,24992.25,-269.25,28.0,True,-1,False,False,0,,-1,False
2025-10-23,1,2025-10-23 09:50:00-04:00,0,25240.0,100.75,102.5,True,1,True,False,0,,1,True
2025-10-24,-1,2025-10-24 09:50:00-04:00,0,25551.5,-75.0,44.0,True,-1,True,True,-1,True,1,False
2025-10-27,-1,2025-10-27 09:50:00-04:00,0,25913.75,-89.5,16.0,True,-1,True,False,0,,1,False
2025-10-28,-1,2025-10-28 09:51:00-04:00,1,26108.75,-71.75,31.0,True,-1,True,False,0,,1,False
2025-10-29,1,2025-10-29 09:51:00-04:00,1,26254.0,-35.75,36.75,True,1,True,False,0,,1,True
2025-10-30,1,2025-10-30 09:50:00-04:00,0,26073.5,-4.5,101.5,False,1,True,False,0,,1,True
2025-10-31,-1,2025-10-31 09:54:00-04:00,4,25949.5,138.5,156.5,True,-1,True,False,0,,-1,True
2025-11-03,-1,2025-11-03 09:50:00-05:00,0,26150.0,0.0,137.25,False,-1,True,True,-1,True,-1,True
2025-11-04,1,2025-11-04 09:50:00-05:00,0,25679.25,-105.75,108.75,True,1,True,True,1,True,1,True
2025-11-05,1,2025-11-05 09:50:00-05:00,0,25812.25,192.0,208.0,False,1,True,False,0,,1,True
2025-11-06,-1,2025-11-06 09:50:00-05:00,0,25338.0,264.5,405.25,False,1,False,False,0,,-1,True
2025-11-07,-1,2025-11-07 09:50:00-05:00,0,24841.25,91.0,223.25,True,-1,True,False,0,,-1,True
2025-11-10,-1,2025-11-10 09:50:00-05:00,0,25635.0,-24.0,158.75,True,-1,True,True,-1,True,1,False
2025-11-11,-1,2025-11-11 09:50:00-05:00,0,25617.5,-40.0,99.0,True,-1,True,False,0,,1,False
2025-11-12,-1,2025-11-12 09:50:00-05:00,0,25608.75,-37.75,82.25,True,-1,True,False,0,,-1,True
2025-11-13,1,2025-11-13 09:50:00-05:00,0,25136.75,-207.0,153.25,True,1,True,False,0,,-1,False
2025-11-14,1,2025-11-14 09:52:00-05:00,2,25204.0,287.5,377.0,False,1,True,False,0,,1,True
2025-11-17,1,2025-11-17 09:50:00-05:00,0,25001.0,-227.0,26.75,True,1,True,False,0,,1,True
2025-11-18,-1,2025-11-18 09:50:00-05:00,0,24753.25,-137.75,235.5,True,-1,True,True,-1,True,-1,True
2025-11-19,1,2025-11-19 09:51:00-05:00,1,24635.75,-143.75,208.5,True,1,True,False,0,,1,True
2025-11-20,1,2025-11-20 09:56:00-05:00,6,24395.0,-873.0,42.0,True,1,True,False,0,,1,True
2025-11-21,1,2025-11-21 09:52:00-05:00,2,24349.5,121.25,187.75,True,1,True,True,1,True,-1,False
2025-11-24,-1,2025-11-24 09:50:00-05:00,0,24920.0,-308.5,32.25,True,-1,True,True,-1,True,1,False
2025-11-25,-1,2025-11-25 09:50:00-05:00,0,24986.0,-361.0,23.0,True,-1,True,False,0,,-1,True
2025-11-26,1,2025-11-26 09:50:00-05:00,0,25338.5,73.5,110.5,True,1,True,False,0,,-1,False
2025-11-27,-1,2025-11-27 09:50:00-05:00,0,25299.75,-4.75,9.25,True,-1,True,False,0,,-1,True
2025-11-28,1,2025-11-28 09:50:00-05:00,0,25487.0,91.75,95.0,False,1,True,False,0,,-1,False
2025-12-01,1,2025-12-01 09:51:00-05:00,1,25450.75,120.75,165.75,False,1,True,False,0,,1,True
2025-12-02,1,2025-12-02 09:51:00-05:00,1,25506.0,-98.25,65.75,True,-1,False,False,0,,1,True
2025-12-03,-1,2025-12-03 09:50:00-05:00,0,25625.5,-164.0,31.5,True,-1,True,True,-1,True,-1,True
2025-12-04,-1,2025-12-04 09:51:00-05:00,1,25617.5,-47.5,64.75,True,-1,True,False,0,,-1,True
2025-12-05,1,2025-12-05 09:50:00-05:00,0,25730.0,-23.5,114.25,True,1,True,False,0,,1,True
2025-12-08,-1,2025-12-08 10:15:00-05:00,25,25680.75,41.25,128.25,False,-1,True,False,0,,-1,True
2025-12-09,1,2025-12-09 09:59:00-05:00,9,25717.25,82.25,98.0,False,1,True,False,0,,1,True
2025-12-10,-1,2025-12-10 09:52:00-05:00,2,25665.0,-34.5,102.25,True,-1,True,True,-1,True,-1,True
2025-12-11,-1,2025-12-11 09:50:00-05:00,0,25592.5,-109.0,93.25,True,-1,True,False,0,,-1,True
2025-12-12,-1,2025-12-12 09:50:00-05:00,0,25276.75,228.0,387.0,True,-1,True,False,0,,-1,True
2025-12-15,1,2025-12-15 09:50:00-05:00,0,25131.0,-176.25,3.25,True,1,True,True,1,True,-1,False
2025-12-16,1,2025-12-16 09:50:00-05:00,0,24960.5,-138.75,65.25,True,1,True,True,1,True,1,True
2025-12-17,1,2025-12-17 09:57:00-05:00,7,24795.25,-304.75,15.0,True,-1,False,False,0,,-1,False
2025-12-18,1,2025-12-18 09:53:00-05:00,3,25118.75,113.5,173.0,False,-1,False,False,0,,1,True
2025-12-22,1,2025-12-22 09:51:00-05:00,1,25721.0,-12.0,25.5,True,1,True,False,0,,-1,False
2025-12-23,-1,2025-12-23 09:50:00-05:00,0,25754.75,-34.0,93.5,True,1,False,False,0,,1,False
2025-12-24,1,2025-12-24 09:51:00-05:00,1,25878.0,69.75,84.0,False,-1,False,True,-1,False,-1,False
2025-12-26,-1,2025-12-26 09:50:00-05:00,0,25871.5,37.75,75.0,False,-1,True,False,0,,-1,True
2025-12-29,-1,2025-12-29 09:51:00-05:00,1,25699.75,34.75,86.75,False,-1,True,False,0,,1,False
2025-12-30,1,2025-12-30 09:50:00-05:00,0,25729.0,-9.0,56.0,False,1,True,False,0,,1,True
2025-12-31,1,2025-12-31 09:52:00-05:00,2,25581.5,-44.75,9.25,True,-1,False,False,0,,-1,False
2026-01-02,1,2026-01-02 09:50:00-05:00,0,25324.0,-451.25,28.25,True,1,True,False,0,,1,True
2026-01-05,1,2026-01-05 10:04:00-05:00,14,25626.75,-6.0,75.25,False,-1,False,False,0,,1,True
2026-01-06,1,2026-01-06 09:50:00-05:00,0,25759.75,40.75,66.75,True,1,True,False,0,,1,True
2026-01-07,1,2026-01-07 09:53:00-05:00,3,25971.0,97.75,124.75,True,1,True,False,0,,1,True
2026-01-08,-1,2026-01-08 10:00:00-05:00,10,25680.5,-83.0,28.0,True,1,False,False,0,,-1,True
2026-01-09,-1,2026-01-09 10:06:00-05:00,16,25923.0,-249.75,57.5,True,-1,True,False,0,,-1,True
2026-01-12,1,2026-01-12 09:50:00-05:00,0,25968.25,93.25,102.0,False,1,True,True,1,True,1,True
2026-01-13,-1,2026-01-13 09:51:00-05:00,1,25876.75,80.75,151.5,True,-1,True,False,0,,-1,True
2026-01-14,-1,2026-01-14 09:53:00-05:00,3,25449.75,164.25,180.75,True,1,False,False,0,,-1,True
2026-01-15,-1,2026-01-15 09:50:00-05:00,0,25853.75,36.5,86.75,False,-1,True,True,-1,True,-1,True
2026-01-16,-1,2026-01-16 09:52:00-05:00,2,25660.25,146.75,216.75,False,1,False,False,0,,-1,True
2026-01-19,1,2026-01-19 09:50:00-05:00,0,25397.75,131.75,152.0,False,1,True,False,0,,-1,False
2026-01-20,1,2026-01-20 09:50:00-05:00,0,25292.75,-42.0,95.25,True,-1,False,False,0,,1,True
2026-01-21,1,2026-01-21 09:50:00-05:00,0,25246.0,1.75,252.25,True,1,True,False,0,,1,True
2026-01-22,-1,2026-01-22 09:50:00-05:00,0,25711.5,-154.75,22.0,True,-1,True,False,0,,-1,True
2026-01-23,1,2026-01-23 09:56:00-05:00,6,25694.0,57.75,209.25,False,-1,False,False,0,,1,True
2026-01-26,1,2026-01-26 09:53:00-05:00,3,25890.75,55.75,97.5,False,-1,False,True,-1,False,1,True
2026-01-27,1,2026-01-27 09:50:00-05:00,0,26061.75,71.25,116.5,False,1,True,False,0,,1,True
2026-01-28,-1,2026-01-28 10:10:00-05:00,20,26141.25,88.75,129.25,False,-1,True,False,0,,-1,True
2026-01-29,-1,2026-01-29 09:53:00-05:00,3,25760.5,150.0,374.5,False,1,False,True,1,False,-1,True
2026-01-30,1,2026-01-30 09:50:00-05:00,0,25679.75,-220.0,34.5,True,1,True,True,1,True,1,True
2026-02-02,1,2026-02-02 09:50:00-05:00,0,25923.5,171.25,189.0,False,1,True,False,0,,1,True
2026-02-03,-1,2026-02-03 09:54:00-05:00,4,25387.25,353.75,396.5,False,1,False,False,0,,-1,True
2026-02-04,-1,2026-02-04 09:51:00-05:00,1,24874.25,416.75,507.0,False,1,False,False,0,,-1,True
2026-02-05,1,2026-02-05 09:50:00-05:00,0,24782.5,-159.5,19.25,True,1,True,True,1,True,1,True
2026-02-06,1,2026-02-06 09:51:00-05:00,1,25092.25,142.25,159.0,True,1,True,True,1,True,1,True
2026-02-09,-1,2026-02-09 09:50:00-05:00,0,25355.5,-233.5,29.75,True,1,False,True,1,False,1,False
2026-02-10,1,2026-02-10 09:50:00-05:00,0,25383.75,68.75,132.0,False,-1,False,False,0,,1,True
2026-02-11,-1,2026-02-11 09:50:00-05:00,0,25264.5,101.0,307.5,False,1,False,False,0,,-1,True
2026-02-12,-1,2026-02-12 09:50:00-05:00,0,24825.5,415.0,435.0,False,-1,True,False,0,,-1,True
2026-02-13,-1,2026-02-13 09:50:00-05:00,0,24938.25,-230.25,28.0,True,1,False,False,0,,-1,True
2026-02-16,1,2026-02-16 09:50:00-05:00,0,24746.0,14.5,66.0,True,1,True,True,1,True,-1,False
2026-02-17,-1,2026-02-17 09:50:00-05:00,0,24697.5,-76.5,171.75,True,-1,True,False,0,,-1,True
2026-02-18,1,2026-02-18 09:54:00-05:00,4,25097.75,218.0,248.75,False,-1,False,False,0,,1,True
2026-02-19,1,2026-02-19 09:50:00-05:00,0,24780.75,-70.75,110.25,True,-1,False,False,0,,1,True
2026-02-20,-1,2026-02-20 09:50:00-05:00,0,25034.75,-143.0,46.25,True,-1,True,True,-1,True,1,False
2026-02-23,1,2026-02-23 09:50:00-05:00,0,24744.5,-179.25,41.75,True,1,True,False,0,,-1,False
2026-02-24,-1,2026-02-24 09:53:00-05:00,3,25046.25,-141.75,85.0,True,1,False,False,0,,-1,True
2026-02-25,1,2026-02-25 09:51:00-05:00,1,25351.75,20.0,29.25,True,1,True,False,0,,1,True
2026-02-26,-1,2026-02-26 09:51:00-05:00,1,24935.25,273.75,347.0,False,-1,True,False,0,,-1,True
2026-02-27,1,2026-02-27 10:02:00-05:00,12,24945.75,7.0,98.0,False,1,True,False,0,,1,True
2026-03-02,1,2026-03-02 09:50:00-05:00,0,25064.75,167.5,179.25,True,1,True,False,0,,1,True
2026-03-03,-1,2026-03-03 09:50:00-05:00,0,24641.0,-149.5,140.75,True,-1,True,True,-1,True,-1,True
2026-03-04,1,2026-03-04 09:53:00-05:00,3,25169.0,229.5,241.75,False,1,True,False,0,,1,True
2026-03-05,1,2026-03-05 09:51:00-05:00,1,24806.75,-325.0,76.5,True,1,True,False,0,,1,True
2026-03-06,1,2026-03-06 09:51:00-05:00,1,24784.75,68.0,204.25,True,-1,False,False,0,,1,True
2026-03-09,-1,2026-03-09 09:50:00-04:00,0,24709.0,-365.5,30.25,True,-1,True,True,-1,True,-1,True
2026-03-10,-1,2026-03-10 09:54:00-04:00,4,25156.0,-161.0,102.5,True,1,False,True,1,False,-1,True
2026-03-11,-1,2026-03-11 09:50:00-04:00,0,25007.0,28.5,143.5,True,-1,True,True,-1,True,1,False
2026-03-12,1,2026-03-12 09:50:00-04:00,0,24661.75,-103.25,2.0,True,-1,False,False,0,,-1,False
2026-03-13,-1,2026-03-13 09:50:00-04:00,0,24396.75,358.25,369.0,False,-1,True,True,-1,True,1,False
2026-03-16,1,2026-03-16 09:58:00-04:00,8,24674.0,-61.0,30.75,True,1,True,False,0,,1,True
2026-03-17,1,2026-03-17 09:50:00-04:00,0,24779.25,-116.25,1.25,True,1,True,False,0,,1,True
2026-03-18,-1,2026-03-18 09:51:00-04:00,1,24628.0,101.0,134.25,False,1,False,False,0,,1,False
2026-03-19,1,2026-03-19 09:50:00-04:00,0,24242.0,-4.75,117.5,False,1,True,True,1,True,1,True
2026-03-23,1,2026-03-23 09:50:00-04:00,0,24368.5,-210.25,111.25,True,1,True,False,0,,-1,False
2026-03-24,-1,2026-03-24 09:50:00-04:00,0,24281.0,-128.25,18.0,True,-1,True,True,-1,True,-1,True
2026-03-25,-1,2026-03-25 09:50:00-04:00,0,24421.5,-7.25,127.0,True,-1,True,False,0,,-1,True
2026-03-26,1,2026-03-26 09:51:00-04:00,1,23997.75,-197.25,46.25,True,1,True,False,0,,1,True
2026-03-27,-1,2026-03-27 09:50:00-04:00,0,23474.5,113.75,149.5,False,1,False,False,0,,-1,True
2026-03-30,-1,2026-03-30 09:50:00-04:00,0,23288.0,64.75,90.5,True,-1,True,False,0,,-1,True
2026-03-31,1,2026-03-31 09:53:00-04:00,3,23774.75,243.25,328.5,True,1,True,False,0,,1,True
2026-04-01,1,2026-04-01 09:52:00-04:00,2,24318.75,195.75,208.75,False,-1,False,True,-1,False,1,True
2026-04-02,1,2026-04-02 09:51:00-04:00,1,24120.5,328.0,475.25,False,1,True,False,0,,1,True
2026-04-06,1,2026-04-06 09:51:00-04:00,1,24309.0,-75.0,69.0,True,1,True,False,0,,1,True
2026-04-07,-1,2026-04-07 09:51:00-04:00,1,24202.25,-54.25,206.5,True,-1,True,False,0,,-1,True
2026-04-08,-1,2026-04-08 09:51:00-04:00,1,25141.75,-44.5,170.75,False,1,False,False,0,,-1,True
2026-04-09,-1,2026-04-09 09:50:00-04:00,0,25196.75,-135.75,100.75,True,-1,True,False,0,,1,False
2026-04-10,-1,2026-04-10 09:50:00-04:00,0,25265.0,55.5,98.5,True,-1,True,True,-1,True,1,False
2026-04-13,1,2026-04-13 09:50:00-04:00,0,25410.5,132.25,157.0,False,1,True,False,0,,1,True
2026-04-14,-1,2026-04-14 09:55:00-04:00,5,25914.0,-185.25,18.25,True,-1,True,False,0,,1,False
2026-04-15,1,2026-04-15 09:50:00-04:00,0,26144.5,94.75,203.0,False,1,True,False,0,,1,True
2026-04-16,-1,2026-04-16 09:50:00-04:00,0,26473.25,-110.25,87.25,True,-1,True,False,0,,-1,True
2026-04-17,1,2026-04-17 09:51:00-04:00,1,26859.25,140.25,164.0,False,-1,False,False,0,,-1,False
2026-04-20,1,2026-04-20 09:52:00-04:00,2,26679.5,-90.5,34.25,True,-1,False,False,0,,1,True
2026-04-21,1,2026-04-21 09:52:00-04:00,2,26670.75,-119.25,95.0,True,1,True,False,0,,1,True
2026-04-22,-1,2026-04-22 09:50:00-04:00,0,26966.5,-142.75,16.0,True,-1,True,True,-1,True,1,False
2026-04-23,-1,2026-04-23 09:58:00-04:00,8,27088.0,-63.0,59.0,True,1,False,False,0,,1,False
2026-04-24,1,2026-04-24 09:50:00-04:00,0,27409.75,163.25,185.5,True,1,True,False,0,,-1,False
2026-04-27,-1,2026-04-27 09:50:00-04:00,0,27390.75,-66.25,26.5,True,-1,True,False,0,,-1,True
2026-04-28,-1,2026-04-28 09:52:00-04:00,2,27084.25,120.75,198.75,False,1,False,False,0,,1,False
2026-04-29,1,2026-04-29 09:50:00-04:00,0,27199.5,1.75,118.0,True,1,True,False,0,,-1,False
2026-04-30,-1,2026-04-30 09:51:00-04:00,1,27370.75,-84.75,123.0,True,-1,True,False,0,,-1,True
