date,o,h,l,c,ce,body_dir,body_size,upper_wick,lower_wick,range_pts,is_manip,manip_dir
2025-05-02,20100.5,20115.5,20046.25,20058.25,20080.875,-1,42.25,15.0,12.0,69.25,False,0
2025-05-05,20034.25,20061.5,20022.75,20044.5,20042.125,1,10.25,17.0,11.5,38.75,False,0
2025-05-06,19847.25,19861.5,19797.0,19799.5,19829.25,-1,47.75,14.25,2.5,64.5,False,0
2025-05-07,19924.0,19936.5,19858.0,19874.0,19897.25,-1,50.0,12.5,16.0,78.5,False,0
2025-05-08,20123.25,20125.75,20061.0,20076.5,20093.375,-1,46.75,2.5,15.5,64.75,False,0
2025-05-09,20227.25,20250.0,20220.0,20240.5,20235.0,1,13.25,9.5,7.25,30.0,False,0
2025-05-12,20778.0,20800.75,20754.25,20797.25,20777.5,1,19.25,3.5,23.75,46.5,True,1
2025-05-13,21066.75,21071.5,21045.5,21056.0,21058.5,-1,10.75,4.75,10.5,26.0,False,0
2025-05-14,21341.75,21345.5,21277.0,21309.25,21311.25,-1,32.5,3.75,32.25,68.5,False,0
2025-05-15,21317.5,21321.25,21248.25,21268.75,21284.75,-1,48.75,3.75,20.5,73.0,False,0
2025-05-16,21415.25,21440.25,21409.0,21438.0,21424.625,1,22.75,2.25,6.25,31.25,False,0
2025-05-19,21332.25,21375.0,21316.5,21362.75,21345.75,1,30.5,12.25,15.75,58.5,False,0
2025-05-20,21413.75,21417.5,21358.0,21374.5,21387.75,-1,39.25,3.75,16.5,59.5,False,0
2025-05-21,21364.25,21383.5,21355.75,21382.0,21369.625,1,17.75,1.5,8.5,27.75,False,0
2025-05-22,21164.0,21194.5,21148.5,21181.5,21171.5,1,17.5,13.0,15.5,46.0,False,0
2025-05-23,20907.25,20911.25,20843.75,20863.0,20877.5,-1,44.25,4.0,19.25,67.5,False,0
2025-05-26,21302.75,21305.0,21292.5,21296.75,21298.75,-1,6.0,2.25,4.25,12.5,False,0
2025-05-27,21242.5,21279.5,21237.5,21265.75,21258.5,1,23.25,13.75,5.0,42.0,False,0
2025-05-28,21542.0,21545.0,21478.75,21482.5,21511.875,-1,59.5,3.0,3.75,66.25,False,0
2025-05-29,21527.0,21537.5,21486.75,21491.75,21512.125,-1,35.25,10.5,5.0,50.75,False,0
2025-05-30,21301.0,21330.0,21286.25,21289.75,21308.125,-1,11.25,29.0,3.5,43.75,True,-1
2025-06-02,21422.5,21435.5,21371.75,21380.0,21403.625,-1,42.5,13.0,8.25,63.75,False,0
2025-06-03,21563.5,21599.25,21558.25,21579.25,21578.75,1,15.75,20.0,5.25,41.0,False,0
2025-06-04,21761.5,21786.5,21752.25,21775.75,21769.375,1,14.25,10.75,9.25,34.25,False,0
2025-06-05,21778.5,21781.25,21691.75,21736.25,21736.5,-1,42.25,2.75,44.5,89.5,False,0
2025-06-06,21840.5,21863.5,21837.75,21857.75,21850.625,1,17.25,5.75,2.75,25.75,False,0
2025-06-09,21795.25,21804.0,21776.75,21804.0,21790.375,1,8.75,0.0,18.5,27.25,True,1
2025-06-10,21852.0,21875.5,21841.25,21872.25,21858.375,1,20.25,3.25,10.75,34.25,False,0
2025-06-11,21972.5,21976.0,21915.0,21953.75,21945.5,-1,18.75,3.5,38.75,61.0,False,0
2025-06-12,21879.75,21889.75,21863.75,21886.5,21876.75,1,6.75,3.25,16.0,26.0,True,1
2025-06-13,21768.75,21769.0,21737.5,21755.0,21753.25,-1,13.75,0.25,17.5,31.5,False,0
2025-06-16,21862.5,21893.0,21839.5,21881.25,21866.25,1,18.75,11.75,23.0,53.5,True,1
2025-06-17,21811.0,21846.5,21802.5,21832.0,21824.5,1,21.0,14.5,8.5,44.0,False,0
2025-06-18,21754.25,21782.75,21747.5,21778.75,21765.125,1,24.5,4.0,6.75,35.25,False,0
2025-06-19,21504.75,21510.75,21433.5,21465.0,21472.125,-1,39.75,6.0,31.5,77.25,False,0
2025-06-23,21877.0,21915.5,21848.25,21904.0,21881.875,1,27.0,11.5,28.75,67.25,True,1
2025-06-24,22311.25,22333.25,22310.0,22314.0,22321.625,1,2.75,19.25,1.25,23.25,False,0
2025-06-25,22538.25,22546.5,22514.0,22514.5,22530.25,-1,23.75,8.25,0.5,32.5,False,0
2025-06-26,22524.75,22533.75,22484.0,22497.75,22508.875,-1,27.0,9.0,13.75,49.75,False,0
2025-06-27,22733.25,22745.0,22731.25,22735.25,22738.125,1,2.0,9.75,2.0,13.75,False,0
2025-06-30,22814.5,22829.25,22795.25,22800.25,22812.25,-1,14.25,14.75,5.0,34.0,True,-1
2025-07-01,22793.5,22826.5,22788.75,22819.75,22807.625,1,26.25,6.75,4.75,37.75,False,0
2025-07-02,22693.75,22727.5,22693.25,22710.5,22710.375,1,16.75,17.0,0.5,34.25,False,0
2025-07-03,22957.25,22975.75,22948.0,22967.25,22961.875,1,10.0,8.5,9.25,27.75,False,0
2025-07-04,22924.25,22933.25,22916.5,22919.5,22924.875,-1,4.75,9.0,3.0,16.75,True,-1
2025-07-07,22948.25,22955.0,22921.25,22952.5,22938.125,1,4.25,2.5,27.0,33.75,True,1
2025-07-08,22904.75,22917.75,22902.25,22907.75,22910.0,1,3.0,10.0,2.5,15.5,False,0
2025-07-09,23055.0,23088.75,23055.0,23085.5,23071.875,1,30.5,3.25,0.0,33.75,False,0
2025-07-10,23028.75,23033.75,22988.75,22993.5,23011.25,-1,35.25,5.0,4.75,45.0,False,0
2025-07-11,22877.75,22939.75,22863.0,22936.0,22901.375,1,58.25,3.75,14.75,76.75,False,0
2025-07-14,22853.75,22924.5,22842.5,22919.5,22883.5,1,65.75,5.0,11.25,82.0,False,0
2025-07-15,23164.0,23184.5,23142.25,23148.5,23163.375,-1,15.5,20.5,6.25,42.25,True,-1
2025-07-16,23013.25,23032.25,22996.25,22997.0,23014.25,-1,16.25,19.0,0.75,36.0,True,-1
2025-07-17,23122.5,23138.0,23117.5,23136.0,23127.75,1,13.5,2.0,5.0,20.5,False,0
2025-07-18,23267.75,23297.75,23267.5,23286.75,23282.625,1,19.0,11.0,0.25,30.25,False,0
2025-07-21,23338.5,23386.5,23337.75,23378.5,23362.125,1,40.0,8.0,0.75,48.75,False,0
2025-07-22,23278.25,23279.25,23209.0,23213.25,23244.125,-1,65.0,1.0,4.25,70.25,False,0
2025-07-23,23198.0,23210.75,23162.25,23195.5,23186.5,-1,2.5,12.75,33.25,48.5,False,0
2025-07-24,23360.0,23400.75,23355.5,23390.75,23378.125,1,30.75,10.0,4.5,45.25,False,0
2025-07-25,23361.5,23385.0,23361.25,23384.0,23373.125,1,22.5,1.0,0.25,23.75,False,0
2025-07-28,23495.0,23519.0,23466.0,23500.75,23492.5,1,5.75,18.25,29.0,53.0,True,1
2025-07-29,23621.75,23626.0,23575.5,23590.0,23600.75,-1,31.75,4.25,14.5,50.5,False,0
2025-07-30,23508.0,23526.5,23486.25,23489.75,23506.375,-1,18.25,18.5,3.5,40.25,True,-1
2025-07-31,23636.25,23661.25,23608.25,23645.0,23634.75,1,8.75,16.25,28.0,53.0,True,1
2025-08-01,22919.75,22929.5,22865.25,22866.0,22897.375,-1,53.75,9.75,0.75,64.25,False,0
2025-08-04,23189.5,23227.0,23189.5,23216.75,23208.25,1,27.25,10.25,0.0,37.5,False,0
2025-08-05,23357.75,23397.25,23354.25,23381.5,23375.75,1,23.75,15.75,3.5,43.0,False,0
2025-08-06,23202.5,23239.5,23184.0,23217.75,23211.75,1,15.25,21.75,18.5,55.5,False,0
2025-08-07,23605.25,23610.75,23569.5,23600.75,23590.125,-1,4.5,5.5,31.25,41.25,False,0
2025-08-08,23604.0,23644.5,23604.0,23628.5,23624.25,1,24.5,16.0,0.0,40.5,False,0
2025-08-11,23729.0,23736.75,23715.5,23734.25,23726.125,1,5.25,2.5,13.5,21.25,True,1
2025-08-12,23737.5,23763.25,23682.5,23699.5,23722.875,-1,38.0,25.75,17.0,80.75,False,0
2025-08-13,24045.25,24048.25,24026.5,24041.0,24037.375,-1,4.25,3.0,14.5,21.75,False,0
2025-08-14,23922.25,23937.75,23907.25,23930.75,23922.5,1,8.5,7.0,15.0,30.5,True,1
2025-08-15,23852.75,23854.0,23776.75,23784.0,23815.375,-1,68.75,1.25,7.25,77.25,False,0
2025-08-18,23776.75,23805.0,23772.0,23791.75,23788.5,1,15.0,13.25,4.75,33.0,False,0
2025-08-19,23682.75,23685.0,23639.25,23650.5,23662.125,-1,32.25,2.25,11.25,45.75,False,0
2025-08-20,23323.5,23324.25,23264.75,23265.0,23294.5,-1,58.5,0.75,0.25,59.5,False,0
2025-08-21,23256.0,23268.0,23175.0,23265.75,23221.5,1,9.75,2.25,81.0,93.0,True,1
2025-08-22,23322.5,23337.25,23294.0,23333.25,23315.625,1,10.75,4.0,28.5,43.25,True,1
2025-08-25,23480.75,23496.5,23448.5,23492.0,23472.5,1,11.25,4.5,32.25,48.0,True,1
2025-08-26,23498.0,23499.0,23426.75,23443.5,23462.875,-1,54.5,1.0,16.75,72.25,False,0
2025-08-27,23524.75,23530.5,23488.5,23499.75,23509.5,-1,25.0,5.75,11.25,42.0,False,0
2025-08-28,23702.5,23709.5,23655.0,23657.75,23682.25,-1,44.75,7.0,2.75,54.5,False,0
2025-08-29,23600.5,23601.0,23537.5,23543.25,23569.25,-1,57.25,0.5,5.75,63.5,False,0
2025-09-01,23481.25,23486.25,23473.25,23485.75,23479.75,1,4.5,0.5,8.0,13.0,True,1
2025-09-02,23150.75,23200.0,23137.75,23198.5,23168.875,1,47.75,1.5,13.0,62.25,False,0
2025-09-03,23397.25,23411.25,23369.75,23404.25,23390.5,1,7.0,7.0,27.5,41.5,True,1
2025-09-04,23487.75,23513.0,23460.0,23485.25,23486.5,-1,2.5,25.25,25.25,53.0,False,0
2025-09-05,23874.25,23887.5,23835.5,23879.75,23861.5,1,5.5,7.75,38.75,52.0,True,1
2025-09-08,23830.75,23852.0,23814.0,23849.25,23833.0,1,18.5,2.75,16.75,38.0,False,0
2025-09-09,23841.25,23848.5,23824.25,23829.0,23836.375,-1,12.25,7.25,4.75,24.25,False,0
2025-09-10,23931.0,23945.5,23912.0,23944.5,23928.75,1,13.5,1.0,19.0,33.5,True,1
2025-09-11,23925.0,23965.5,23909.75,23950.0,23937.625,1,25.0,15.5,15.25,55.75,False,0
2025-09-12,24030.0,24039.25,24020.0,24026.75,24029.625,-1,3.25,9.25,6.75,19.25,False,0
2025-09-15,24204.0,24234.5,24204.0,24228.5,24219.25,1,24.5,6.0,0.0,30.5,False,0
2025-09-16,24323.75,24326.25,24301.25,24318.75,24313.75,-1,5.0,2.5,17.5,25.0,False,0
2025-09-17,24236.25,24258.5,24223.0,24255.5,24240.75,1,19.25,3.0,13.25,35.5,False,0
2025-09-18,24381.75,24414.25,24355.75,24413.0,24385.0,1,31.25,1.25,26.0,58.5,False,0
2025-09-22,24847.5,24865.5,24840.5,24857.75,24853.0,1,10.25,7.75,7.0,25.0,False,0
2025-09-23,24953.25,24971.5,24946.25,24954.5,24958.875,1,1.25,17.0,7.0,25.25,False,0
2025-09-24,24835.25,24839.5,24804.5,24805.5,24822.0,-1,29.75,4.25,1.0,35.0,False,0
2025-09-25,24427.75,24497.75,24424.5,24485.5,24461.125,1,57.75,12.25,3.25,73.25,False,0
2025-09-26,24671.5,24711.75,24643.5,24699.5,24677.625,1,28.0,12.25,28.0,68.25,False,0
2025-09-29,24914.25,24947.75,24913.0,24947.25,24930.375,1,33.0,0.5,1.25,34.75,False,0
2025-09-30,24797.75,24806.5,24765.0,24781.25,24785.75,-1,16.5,8.75,16.25,41.5,False,0
2025-10-01,24829.0,24835.5,24734.75,24737.0,24785.125,-1,92.0,6.5,2.25,100.75,False,0
2025-10-02,25048.5,25071.25,25025.25,25028.75,25048.25,-1,19.75,22.75,3.5,46.0,True,-1
2025-10-03,25134.75,25160.0,25130.0,25150.75,25145.0,1,16.0,9.25,4.75,30.0,False,0
2025-10-06,25140.25,25174.25,25135.25,25165.0,25154.75,1,24.75,9.25,5.0,39.0,False,0
2025-10-07,25245.75,25253.0,25229.25,25248.25,25241.125,1,2.5,4.75,16.5,23.75,True,1
2025-10-08,25132.0,25166.0,25127.5,25161.25,25146.75,1,29.25,4.75,4.5,38.5,False,0
2025-10-09,25276.0,25304.5,25253.75,25301.75,25279.125,1,25.75,2.75,22.25,50.75,False,0
2025-10-10,25368.5,25388.0,25345.5,25355.25,25366.75,-1,13.25,19.5,9.75,42.5,True,-1
2025-10-13,24812.0,24829.75,24769.0,24827.25,24799.375,1,15.25,2.5,43.0,60.75,True,1
2025-10-14,24452.75,24513.0,24423.25,24474.75,24468.125,1,22.0,38.25,29.5,89.75,False,0
2025-10-15,24941.5,24986.0,24897.0,24918.0,24941.5,-1,23.5,44.5,21.0,89.0,True,-1
2025-10-16,25091.75,25125.5,25047.5,25050.5,25086.5,-1,41.25,33.75,3.0,78.0,False,0
2025-10-17,24693.25,24786.5,24678.25,24766.0,24732.375,1,72.75,20.5,15.0,108.25,False,0
2025-10-20,25188.75,25232.0,25181.25,25220.0,25206.625,1,31.25,12.0,7.5,50.75,False,0
2025-10-21,25255.75,25262.25,25219.25,25240.5,25240.75,-1,15.25,6.5,21.25,43.0,False,0
2025-10-22,25259.5,25261.5,25235.75,25255.75,25248.625,-1,3.75,2.0,20.0,25.75,False,0
2025-10-23,25092.0,25139.25,25091.25,25137.25,25115.25,1,45.25,2.0,0.75,48.0,False,0
2025-10-24,25507.5,25550.5,25476.5,25484.5,25513.5,-1,23.0,43.0,8.0,74.0,True,-1
2025-10-27,25839.0,25850.0,25824.25,25833.5,25837.125,-1,5.5,11.0,9.25,25.75,False,0
2025-10-28,26077.75,26080.75,26037.0,26059.5,26058.875,-1,18.25,3.0,22.5,43.75,False,0
2025-10-29,26276.0,26289.75,26266.0,26282.0,26277.875,1,6.0,7.75,10.0,23.75,False,0
2025-10-30,25974.25,26078.0,25963.75,26055.75,26020.875,1,81.5,22.25,10.5,114.25,False,0
2025-10-31,26118.5,26133.5,26088.0,26108.75,26110.75,-1,9.75,15.0,20.75,45.5,False,0
2025-11-03,26167.25,26182.5,26150.0,26154.5,26166.25,-1,12.75,15.25,4.5,32.5,True,-1
2025-11-04,25775.0,25785.0,25735.0,25776.5,25760.0,1,1.5,8.5,40.0,50.0,True,1
2025-11-05,25528.5,25620.25,25522.0,25608.5,25571.125,1,80.0,11.75,6.5,98.25,False,0
2025-11-06,25607.0,25673.0,25602.5,25628.75,25637.75,1,21.75,44.25,4.5,70.5,False,0
2025-11-07,24975.5,24998.0,24932.25,24935.75,24965.125,-1,39.75,22.5,3.5,65.75,False,0
2025-11-10,25629.5,25647.5,25611.0,25616.5,25629.25,-1,13.0,18.0,5.5,36.5,True,-1
2025-11-11,25609.5,25625.0,25577.5,25582.75,25601.25,-1,26.75,15.5,5.25,47.5,False,0
2025-11-12,25645.0,25657.75,25571.0,25578.5,25614.375,-1,66.5,12.75,7.5,86.75,False,0
2025-11-13,25292.5,25343.75,25280.75,25317.5,25312.25,1,25.0,26.25,11.75,63.0,False,0
2025-11-14,24834.5,24916.5,24819.0,24895.0,24867.75,1,60.5,21.5,15.5,97.5,False,0
2025-11-17,25159.25,25228.0,25151.25,25218.75,25189.625,1,59.5,9.25,8.0,76.75,False,0
2025-11-18,24654.25,24738.5,24615.5,24623.5,24677.0,-1,30.75,84.25,8.0,123.0,True,-1
2025-11-19,24743.0,24779.5,24723.25,24769.0,24751.375,1,26.0,10.5,19.75,56.25,False,0
2025-11-20,25212.0,25268.0,25170.0,25213.5,25219.0,1,1.5,54.5,42.0,98.0,False,0
2025-11-21,24180.75,24228.25,24101.0,24194.5,24164.625,1,13.75,33.75,79.75,127.25,True,1
2025-11-24,24624.0,24690.0,24611.5,24617.75,24650.75,-1,6.25,66.0,6.25,78.5,True,-1
2025-11-25,24729.25,24729.25,24625.0,24631.25,24677.125,-1,98.0,0.0,6.25,104.25,False,0
2025-11-26,25233.0,25265.0,25232.75,25262.0,25248.875,1,29.0,3.0,0.25,32.25,False,0
2025-11-27,25299.0,25300.25,25295.0,25298.25,25297.625,-1,0.75,1.25,3.25,5.25,False,0
2025-11-28,25357.25,25395.25,25341.75,25393.0,25368.5,1,35.75,2.25,15.5,53.5,False,0
2025-12-01,25247.0,25330.0,25237.0,25296.75,25283.5,1,49.75,33.25,10.0,93.0,False,0
2025-12-02,25595.5,25604.25,25566.5,25583.75,25585.375,-1,11.75,8.75,17.25,37.75,False,0
2025-12-03,25475.5,25505.0,25461.5,25466.5,25483.25,-1,9.0,29.5,5.0,43.5,True,-1
2025-12-04,25590.75,25609.0,25570.0,25584.75,25589.5,-1,6.0,18.25,14.75,39.0,False,0
2025-12-05,25709.0,25753.5,25707.0,25753.0,25730.25,1,44.0,0.5,2.0,46.5,False,0
2025-12-08,25805.0,25807.5,25722.0,25758.25,25764.75,-1,46.75,2.5,36.25,85.5,False,0
2025-12-09,25613.0,25635.0,25595.75,25617.75,25615.375,1,4.75,17.25,17.25,39.25,False,0
2025-12-10,25643.25,25673.0,25630.5,25635.25,25651.75,-1,8.0,29.75,4.75,42.5,True,-1
2025-12-11,25587.0,25591.25,25483.5,25487.0,25537.375,-1,100.0,4.25,3.5,107.75,False,0
2025-12-12,25554.0,25567.5,25504.75,25507.25,25536.125,-1,46.75,13.5,2.5,62.75,False,0
2025-12-15,25288.0,25307.25,25257.0,25304.5,25282.125,1,16.5,2.75,31.0,50.25,True,1
2025-12-16,25023.0,25099.25,24960.5,25075.75,25029.875,1,52.75,23.5,62.5,138.75,True,1
2025-12-17,25080.25,25100.0,25010.5,25062.5,25055.25,-1,17.75,19.75,52.0,89.5,False,0
2025-12-18,24964.25,25005.25,24928.25,24956.0,24966.75,-1,8.25,41.0,27.75,77.0,False,0
2025-12-22,25693.25,25733.0,25685.25,25718.75,25709.125,1,25.5,14.25,8.0,47.75,False,0
2025-12-23,25730.0,25751.25,25720.75,25733.75,25736.0,1,3.75,17.5,9.25,30.5,False,0
2025-12-24,25794.75,25808.25,25785.0,25793.75,25796.625,-1,1.0,13.5,8.75,23.25,True,-1
2025-12-26,25928.75,25935.0,25909.25,25915.0,25922.125,-1,13.75,6.25,5.75,25.75,False,0
2025-12-29,25793.0,25793.5,25734.5,25747.0,25764.0,-1,46.0,0.5,12.5,59.0,False,0
2025-12-30,25691.0,25738.0,25673.5,25736.25,25705.75,1,45.25,1.75,17.5,64.5,False,0
2025-12-31,25620.0,25626.25,25581.75,25604.25,25604.0,-1,15.75,6.25,22.5,44.5,False,0
2026-01-02,25691.0,25775.25,25689.25,25755.0,25732.25,1,64.0,20.25,1.75,86.0,False,0
2026-01-05,25602.5,25632.75,25560.0,25596.25,25596.375,-1,6.25,30.25,36.25,72.75,False,0
2026-01-06,25666.25,25719.0,25661.75,25710.0,25690.375,1,43.75,9.0,4.5,57.25,False,0
2026-01-07,25854.5,25873.25,25840.5,25857.5,25856.875,1,3.0,15.75,14.0,32.75,False,0
2026-01-08,25622.25,25676.25,25597.5,25649.75,25636.875,1,27.5,26.5,24.75,78.75,False,0
2026-01-09,25751.5,25769.75,25673.25,25705.75,25721.5,-1,45.75,18.25,32.5,96.5,False,0
2026-01-12,25853.75,25875.0,25834.25,25871.25,25854.625,1,17.5,3.75,19.5,40.75,True,1
2026-01-13,25990.5,26003.0,25957.5,25975.0,25980.25,-1,15.5,12.5,17.5,45.5,False,0
2026-01-14,25631.75,25674.25,25614.0,25666.25,25644.125,1,34.5,8.0,17.75,60.25,False,0
2026-01-15,25927.0,25954.25,25890.25,25902.75,25922.25,-1,24.25,27.25,12.5,64.0,True,-1
2026-01-16,25820.5,25853.0,25807.0,25821.0,25830.0,1,0.5,32.0,13.5,46.0,False,0
2026-01-19,25246.0,25266.0,25236.25,25262.5,25251.125,1,16.5,3.5,9.75,29.75,False,0
2026-01-20,25334.25,25334.75,25267.5,25298.0,25301.125,-1,36.25,0.5,30.5,67.25,False,0
2026-01-21,25201.5,25244.25,25196.75,25236.0,25220.5,1,34.5,8.25,4.75,47.5,False,0
2026-01-22,25646.25,25659.0,25556.75,25574.5,25607.875,-1,71.75,12.75,17.75,102.25,False,0
2026-01-23,25616.0,25636.25,25579.5,25592.0,25607.875,-1,24.0,20.25,12.5,56.75,False,0
2026-01-26,25816.5,25835.0,25800.75,25805.75,25817.875,-1,10.75,18.5,5.0,34.25,True,-1
2026-01-27,25959.0,25990.5,25958.75,25981.25,25974.625,1,22.25,9.25,0.25,31.75,False,0
2026-01-28,26285.0,26305.25,26230.0,26250.25,26267.625,-1,34.75,20.25,20.25,75.25,False,0
2026-01-29,25951.25,26008.0,25910.5,25986.25,25959.25,1,35.0,21.75,40.75,97.5,True,1
2026-01-30,25871.25,25899.75,25838.25,25891.75,25869.0,1,20.5,8.0,33.0,61.5,True,1
2026-02-02,25718.75,25752.25,25698.25,25745.0,25725.25,1,26.25,7.25,20.5,54.0,False,0
2026-02-03,25752.25,25811.5,25741.0,25799.0,25776.25,1,46.75,12.5,11.25,70.5,False,0
2026-02-04,25330.25,25371.75,25291.0,25344.25,25331.375,1,14.0,27.5,39.25,80.75,False,0
2026-02-05,24913.75,24942.0,24872.5,24926.25,24907.25,1,12.5,15.75,41.25,69.5,True,1
2026-02-06,24927.25,24950.0,24897.5,24931.5,24923.75,1,4.25,18.5,29.75,52.5,True,1
2026-02-09,25150.0,25188.5,25122.0,25171.25,25155.25,1,21.25,17.25,28.0,66.5,True,1
2026-02-10,25309.75,25315.0,25251.25,25278.5,25283.125,-1,31.25,5.25,27.25,63.75,False,0
2026-02-11,25391.75,25436.25,25365.5,25401.5,25400.875,1,9.75,34.75,26.25,70.75,False,0
2026-02-12,25309.5,25324.25,25240.5,25251.0,25282.375,-1,58.5,14.75,10.5,83.75,False,0
2026-02-13,24715.25,24849.75,24708.0,24775.5,24778.875,1,60.25,74.25,7.25,141.75,False,0
2026-02-16,24722.75,24731.5,24692.25,24727.0,24711.875,1,4.25,4.5,30.5,39.25,True,1
2026-02-17,24701.25,24711.5,24621.0,24661.5,24666.25,-1,39.75,10.25,40.5,90.5,False,0
2026-02-18,24851.0,24879.75,24792.5,24801.75,24836.125,-1,49.25,28.75,9.25,87.25,False,0
2026-02-19,24846.25,24851.5,24777.0,24825.0,24814.25,-1,21.25,5.25,48.0,74.5,False,0
2026-02-20,24925.5,24958.0,24891.75,24896.5,24924.875,-1,29.0,32.5,4.75,66.25,True,-1
2026-02-23,24881.0,24923.75,24857.5,24892.0,24890.625,1,11.0,31.75,23.5,66.25,False,0
2026-02-24,24911.25,24964.25,24904.5,24943.5,24934.375,1,32.25,20.75,6.75,59.75,False,0
2026-02-25,25271.5,25331.75,25270.75,25319.75,25301.25,1,48.25,12.0,0.75,61.0,False,0
2026-02-26,25265.5,25265.5,25209.0,25230.25,25237.25,-1,35.25,0.0,21.25,56.5,False,0
2026-02-27,24844.75,24938.75,24817.75,24926.5,24878.25,1,81.75,12.25,27.0,121.0,False,0
2026-03-02,24837.75,24897.25,24815.25,24891.25,24856.25,1,53.5,6.0,22.5,82.0,False,0
2026-03-03,24532.5,24613.25,24491.5,24501.75,24552.375,-1,30.75,80.75,10.25,121.75,True,-1
2026-03-04,24851.0,24939.5,24813.5,24896.5,24876.5,1,45.5,43.0,37.5,126.0,False,0
2026-03-05,25059.75,25131.75,25035.25,25088.5,25083.5,1,28.75,43.25,24.5,96.5,False,0
2026-03-06,24681.0,24716.75,24635.5,24675.25,24676.125,-1,5.75,35.75,39.75,81.25,False,0
2026-03-09,24383.25,24420.0,24343.5,24361.5,24381.75,-1,21.75,36.75,18.0,76.5,True,-1
2026-03-10,25029.5,25056.75,24995.0,25046.0,25025.875,1,16.5,10.75,34.5,61.75,True,1
2026-03-11,25070.25,25098.25,25035.5,25050.25,25066.875,-1,20.0,28.0,14.75,62.75,True,-1
2026-03-12,24765.0,24765.0,24676.5,24736.5,24720.75,-1,28.5,0.0,60.0,88.5,False,0
2026-03-13,24770.0,24805.0,24755.0,24755.0,24780.0,-1,15.0,35.0,0.0,50.0,True,-1
2026-03-16,24671.25,24735.0,24669.0,24713.75,24702.0,1,42.5,21.25,2.25,66.0,False,0
2026-03-17,24843.75,24895.5,24838.25,24894.5,24866.875,1,50.75,1.0,5.5,57.25,False,0
2026-03-18,24736.5,24779.5,24729.0,24748.5,24754.25,1,12.0,31.0,7.5,50.5,False,0
2026-03-19,24217.0,24246.75,24178.25,24246.75,24212.5,1,29.75,0.0,38.75,68.5,True,1
2026-03-23,24498.0,24578.75,24487.0,24575.25,24532.875,1,77.25,3.5,11.0,91.75,False,0
2026-03-24,24179.0,24229.0,24152.75,24155.5,24190.875,-1,23.5,50.0,2.75,76.25,True,-1
2026-03-25,24452.25,24467.25,24414.25,24418.25,24440.75,-1,34.0,15.0,4.0,53.0,False,0
2026-03-26,24156.75,24195.0,24143.25,24165.5,24169.125,1,8.75,29.5,13.5,51.75,False,0
2026-03-27,23591.0,23646.75,23588.25,23615.75,23617.5,1,24.75,31.0,2.75,58.5,False,0
2026-03-30,23393.25,23405.75,23352.75,23358.5,23379.25,-1,34.75,12.5,5.75,53.0,False,0
2026-03-31,23416.75,23531.5,23416.75,23531.25,23474.125,1,114.5,0.25,0.0,114.75,False,0
2026-04-01,24095.75,24123.0,24060.0,24075.25,24091.5,-1,20.5,27.25,15.25,63.0,True,-1
2026-04-02,23711.75,23792.5,23695.0,23770.0,23743.75,1,58.25,22.5,16.75,97.5,False,0
2026-04-06,24329.25,24384.0,24326.5,24362.0,24355.25,1,32.75,22.0,2.75,57.5,False,0
2026-04-07,24197.0,24205.5,24148.0,24166.75,24176.75,-1,30.25,8.5,18.75,57.5,False,0
2026-04-08,25099.0,25161.25,25097.25,25153.5,25129.25,1,54.5,7.75,1.75,64.0,False,0
2026-04-09,25100.25,25109.75,25061.0,25075.5,25085.375,-1,24.75,9.5,14.5,48.75,False,0
2026-04-10,25324.5,25355.25,25320.5,25324.0,25337.875,-1,0.5,30.75,3.5,34.75,True,-1
2026-04-13,25182.5,25278.25,25160.0,25271.0,25219.125,1,88.5,7.25,22.5,118.25,False,0
2026-04-14,25748.5,25763.75,25728.75,25746.75,25746.25,-1,1.75,15.25,18.0,35.0,False,0
2026-04-15,25989.75,26049.75,25989.25,26037.5,26019.5,1,47.75,12.25,0.5,60.5,False,0
2026-04-16,26394.25,26394.75,26363.0,26382.75,26378.875,-1,11.5,0.5,19.75,31.75,False,0
2026-04-17,26705.75,26719.0,26632.25,26698.75,26675.625,-1,7.0,13.25,66.5,86.75,False,0
2026-04-20,26750.0,26770.0,26716.0,26731.5,26743.0,-1,18.5,20.0,15.5,54.0,False,0
2026-04-21,26768.75,26790.0,26743.25,26771.0,26766.625,1,2.25,19.0,25.5,46.75,False,0
2026-04-22,26852.75,26880.0,26823.75,26838.0,26851.875,-1,14.75,27.25,14.25,56.25,True,-1
2026-04-23,27057.0,27102.5,27025.0,27080.0,27063.75,1,23.0,22.5,32.0,77.5,False,0
2026-04-24,27215.75,27246.5,27203.75,27240.0,27225.125,1,24.25,6.5,12.0,42.75,False,0
2026-04-27,27387.0,27388.5,27324.5,27350.5,27356.5,-1,36.5,1.5,26.0,64.0,False,0
2026-04-28,27213.5,27250.75,27205.0,27228.0,27227.875,1,14.5,22.75,8.5,45.75,False,0
2026-04-29,27179.75,27197.75,27155.5,27180.75,27176.625,1,1.0,17.0,24.25,42.25,False,0
2026-04-30,27345.25,27365.25,27286.0,27324.75,27325.625,-1,20.5,20.0,38.75,79.25,False,0
