date,middle_ts,timeframe_min,direction,low,high,ce
2025-05-02 00:00:00-04:00,2025-05-02 09:20:00-04:00,5,bearish,20104.25,20104.5,20104.375
2025-05-05 00:00:00-04:00,2025-05-05 09:55:00-04:00,5,bullish,20048.75,20055.0,20051.875
2025-05-06 00:00:00-04:00,2025-05-06 09:00:00-04:00,5,bearish,19830.75,19833.75,19832.25
2025-05-06 00:00:00-04:00,2025-05-06 09:05:00-04:00,5,bearish,19818.5,19827.25,19822.875
2025-05-06 00:00:00-04:00,2025-05-06 09:30:00-04:00,5,bullish,19802.25,19819.75,19811.0
2025-05-06 00:00:00-04:00,2025-05-06 09:45:00-04:00,5,bearish,19800.5,19838.25,19819.375
2025-05-06 00:00:00-04:00,2025-05-06 09:50:00-04:00,5,bearish,19782.75,19797.0,19789.875
2025-05-07 00:00:00-04:00,2025-05-07 09:00:00-04:00,5,bearish,19922.0,19926.5,19924.25
2025-05-07 00:00:00-04:00,2025-05-07 09:05:00-04:00,5,bearish,19897.5,19907.0,19902.25
2025-05-07 00:00:00-04:00,2025-05-07 09:55:00-04:00,5,bullish,19910.0,19915.5,19912.75
2025-05-08 00:00:00-04:00,2025-05-08 09:30:00-04:00,5,bearish,20138.5,20157.5,20148.0
2025-05-08 00:00:00-04:00,2025-05-08 09:45:00-04:00,5,bearish,20095.75,20099.25,20097.5
2025-05-09 00:00:00-04:00,2025-05-09 09:00:00-04:00,5,bullish,20236.75,20246.5,20241.625
2025-05-09 00:00:00-04:00,2025-05-09 09:30:00-04:00,5,bullish,20248.75,20255.25,20252.0
2025-05-09 00:00:00-04:00,2025-05-09 09:40:00-04:00,5,bearish,20250.0,20255.25,20252.625
2025-05-12 00:00:00-04:00,2025-05-12 09:05:00-04:00,5,bearish,20914.75,20916.25,20915.5
2025-05-12 00:00:00-04:00,2025-05-12 09:30:00-04:00,5,bearish,20826.5,20917.25,20871.875
2025-05-13 00:00:00-04:00,2025-05-13 09:30:00-04:00,5,bullish,21011.75,21036.5,21024.125
2025-05-13 00:00:00-04:00,2025-05-13 09:35:00-04:00,5,bullish,21039.5,21045.25,21042.375
2025-05-13 00:00:00-04:00,2025-05-13 09:50:00-04:00,5,bullish,21071.5,21102.5,21087.0
2025-05-13 00:00:00-04:00,2025-05-13 09:55:00-04:00,5,bullish,21113.0,21114.5,21113.75
2025-05-14 00:00:00-04:00,2025-05-14 09:10:00-04:00,5,bullish,21324.5,21333.75,21329.125
2025-05-14 00:00:00-04:00,2025-05-14 09:30:00-04:00,5,bullish,21342.25,21367.25,21354.75
2025-05-14 00:00:00-04:00,2025-05-14 09:40:00-04:00,5,bearish,21345.5,21367.25,21356.375
2025-05-14 00:00:00-04:00,2025-05-14 09:45:00-04:00,5,bearish,21331.0,21337.0,21334.0
2025-05-16 00:00:00-04:00,2025-05-16 09:05:00-04:00,5,bullish,21447.25,21453.75,21450.5
2025-05-16 00:00:00-04:00,2025-05-16 09:10:00-04:00,5,bullish,21459.75,21461.25,21460.5
2025-05-19 00:00:00-04:00,2025-05-19 09:10:00-04:00,5,bearish,21188.0,21191.0,21189.5
2025-05-19 00:00:00-04:00,2025-05-19 09:25:00-04:00,5,bullish,21193.5,21201.5,21197.5
2025-05-19 00:00:00-04:00,2025-05-19 09:30:00-04:00,5,bullish,21204.0,21235.5,21219.75
2025-05-19 00:00:00-04:00,2025-05-19 09:35:00-04:00,5,bullish,21263.75,21291.25,21277.5
2025-05-19 00:00:00-04:00,2025-05-19 09:40:00-04:00,5,bullish,21312.0,21316.5,21314.25
2025-05-19 00:00:00-04:00,2025-05-19 09:45:00-04:00,5,bullish,21335.0,21345.5,21340.25
2025-05-20 00:00:00-04:00,2025-05-20 09:00:00-04:00,5,bullish,21436.5,21444.0,21440.25
2025-05-21 00:00:00-04:00,2025-05-21 09:10:00-04:00,5,bearish,21289.0,21290.0,21289.5
2025-05-21 00:00:00-04:00,2025-05-21 09:30:00-04:00,5,bullish,21286.5,21313.25,21299.875
2025-05-21 00:00:00-04:00,2025-05-21 09:40:00-04:00,5,bullish,21342.25,21355.75,21349.0
2025-05-22 00:00:00-04:00,2025-05-22 09:15:00-04:00,5,bearish,21191.75,21196.75,21194.25
2025-05-22 00:00:00-04:00,2025-05-22 09:50:00-04:00,5,bullish,21194.5,21227.25,21210.875
2025-05-22 00:00:00-04:00,2025-05-22 09:55:00-04:00,5,bullish,21261.75,21279.5,21270.625
2025-05-23 00:00:00-04:00,2025-05-23 09:25:00-04:00,5,bullish,20801.0,20821.5,20811.25
2025-05-23 00:00:00-04:00,2025-05-23 09:30:00-04:00,5,bullish,20851.5,20903.25,20877.375
2025-05-26 00:00:00-04:00,2025-05-26 09:30:00-04:00,5,bullish,21268.0,21293.0,21280.5
2025-05-26 00:00:00-04:00,2025-05-26 09:50:00-04:00,5,bearish,21283.75,21292.5,21288.125
2025-05-27 00:00:00-04:00,2025-05-27 09:00:00-04:00,5,bullish,21279.0,21284.0,21281.5
2025-05-27 00:00:00-04:00,2025-05-27 09:05:00-04:00,5,bullish,21291.75,21292.25,21292.0
2025-05-27 00:00:00-04:00,2025-05-27 09:15:00-04:00,5,bullish,21300.25,21301.25,21300.75
2025-05-27 00:00:00-04:00,2025-05-27 09:25:00-04:00,5,bearish,21284.5,21301.25,21292.875
2025-05-27 00:00:00-04:00,2025-05-27 09:30:00-04:00,5,bearish,21237.75,21254.75,21246.25
2025-05-27 00:00:00-04:00,2025-05-27 09:45:00-04:00,5,bullish,21245.5,21249.25,21247.375
2025-05-27 00:00:00-04:00,2025-05-27 09:55:00-04:00,5,bullish,21283.0,21292.0,21287.5
2025-05-28 00:00:00-04:00,2025-05-28 09:30:00-04:00,5,bullish,21506.0,21511.0,21508.5
2025-05-28 00:00:00-04:00,2025-05-28 09:35:00-04:00,5,bullish,21526.5,21538.0,21532.25
2025-05-28 00:00:00-04:00,2025-05-28 09:45:00-04:00,5,bearish,21504.75,21538.0,21521.375
2025-05-29 00:00:00-04:00,2025-05-29 09:15:00-04:00,5,bullish,21671.25,21677.75,21674.5
2025-05-29 00:00:00-04:00,2025-05-29 09:30:00-04:00,5,bearish,21612.75,21661.5,21637.125
2025-05-29 00:00:00-04:00,2025-05-29 09:40:00-04:00,5,bearish,21537.5,21560.5,21549.0
2025-05-30 00:00:00-04:00,2025-05-30 09:15:00-04:00,5,bullish,21338.5,21358.25,21348.375
2025-05-30 00:00:00-04:00,2025-05-30 09:45:00-04:00,5,bearish,21291.0,21295.25,21293.125
2025-05-30 00:00:00-04:00,2025-05-30 09:50:00-04:00,5,bearish,21276.5,21286.25,21281.375
2025-06-02 00:00:00-04:00,2025-06-02 09:25:00-04:00,5,bullish,21278.5,21286.75,21282.625
2025-06-02 00:00:00-04:00,2025-06-02 09:30:00-04:00,5,bullish,21291.75,21397.25,21344.5
2025-06-02 00:00:00-04:00,2025-06-02 09:45:00-04:00,5,bearish,21381.5,21406.25,21393.875
2025-06-02 00:00:00-04:00,2025-06-02 09:50:00-04:00,5,bearish,21349.5,21371.75,21360.625
2025-06-03 00:00:00-04:00,2025-06-03 09:00:00-04:00,5,bullish,21537.0,21540.5,21538.75
2025-06-03 00:00:00-04:00,2025-06-03 09:40:00-04:00,5,bullish,21542.0,21558.25,21550.125
2025-06-04 00:00:00-04:00,2025-06-04 09:15:00-04:00,5,bullish,21712.25,21713.0,21712.625
2025-06-04 00:00:00-04:00,2025-06-04 09:30:00-04:00,5,bullish,21730.25,21749.0,21739.625
2025-06-06 00:00:00-04:00,2025-06-06 09:10:00-04:00,5,bullish,21766.75,21770.5,21768.625
2025-06-06 00:00:00-04:00,2025-06-06 09:15:00-04:00,5,bullish,21781.0,21790.5,21785.75
2025-06-06 00:00:00-04:00,2025-06-06 09:40:00-04:00,5,bullish,21832.0,21837.75,21834.875
2025-06-09 00:00:00-04:00,2025-06-09 09:00:00-04:00,5,bullish,21803.0,21803.75,21803.375
2025-06-09 00:00:00-04:00,2025-06-09 09:30:00-04:00,5,bearish,21785.0,21795.25,21790.125
2025-06-09 00:00:00-04:00,2025-06-09 09:45:00-04:00,5,bullish,21797.5,21800.25,21798.875
2025-06-11 00:00:00-04:00,2025-06-11 09:30:00-04:00,5,bearish,22002.25,22013.25,22007.75
2025-06-13 00:00:00-04:00,2025-06-13 09:25:00-04:00,5,bullish,21652.75,21663.5,21658.125
2025-06-13 00:00:00-04:00,2025-06-13 09:30:00-04:00,5,bullish,21681.5,21728.5,21705.0
2025-06-16 00:00:00-04:00,2025-06-16 09:30:00-04:00,5,bullish,21819.0,21827.5,21823.25
2025-06-16 00:00:00-04:00,2025-06-16 09:45:00-04:00,5,bullish,21872.75,21873.5,21873.125
2025-06-16 00:00:00-04:00,2025-06-16 09:50:00-04:00,5,bullish,21893.0,21904.0,21898.5
2025-06-16 00:00:00-04:00,2025-06-16 09:55:00-04:00,5,bullish,21927.0,21927.5,21927.25
2025-06-17 00:00:00-04:00,2025-06-17 09:30:00-04:00,5,bullish,21843.0,21843.25,21843.125
2025-06-18 00:00:00-04:00,2025-06-18 09:25:00-04:00,5,bearish,21772.5,21782.5,21777.5
2025-06-18 00:00:00-04:00,2025-06-18 09:30:00-04:00,5,bearish,21742.5,21768.5,21755.5
2025-06-18 00:00:00-04:00,2025-06-18 09:40:00-04:00,5,bullish,21742.5,21747.5,21745.0
2025-06-18 00:00:00-04:00,2025-06-18 09:45:00-04:00,5,bullish,21763.25,21774.5,21768.875
2025-06-19 00:00:00-04:00,2025-06-19 09:20:00-04:00,5,bullish,21559.0,21559.25,21559.125
2025-06-19 00:00:00-04:00,2025-06-19 09:30:00-04:00,5,bearish,21539.5,21559.25,21549.375
2025-06-19 00:00:00-04:00,2025-06-19 09:35:00-04:00,5,bearish,21519.0,21537.75,21528.375
2025-06-19 00:00:00-04:00,2025-06-19 09:45:00-04:00,5,bearish,21474.75,21500.0,21487.375
2025-06-20 00:00:00-04:00,2025-06-20 09:15:00-04:00,5,bullish,21815.0,21825.75,21820.375
2025-06-23 00:00:00-04:00,2025-06-23 09:25:00-04:00,5,bearish,21871.5,21877.0,21874.25
2025-06-23 00:00:00-04:00,2025-06-23 09:45:00-04:00,5,bullish,21885.5,21893.0,21889.25
2025-06-25 00:00:00-04:00,2025-06-25 09:30:00-04:00,5,bullish,22506.5,22517.25,22511.875
2025-06-25 00:00:00-04:00,2025-06-25 09:45:00-04:00,5,bearish,22515.25,22527.25,22521.25
2025-06-26 00:00:00-04:00,2025-06-26 09:00:00-04:00,5,bearish,22540.75,22543.25,22542.0
2025-06-26 00:00:00-04:00,2025-06-26 09:15:00-04:00,5,bullish,22539.25,22544.25,22541.75
2025-06-26 00:00:00-04:00,2025-06-26 09:55:00-04:00,5,bullish,22521.75,22544.0,22532.875
2025-06-27 00:00:00-04:00,2025-06-27 09:00:00-04:00,5,bearish,22718.5,22727.25,22722.875
2025-06-27 00:00:00-04:00,2025-06-27 09:55:00-04:00,5,bullish,22748.0,22764.5,22756.25
2025-06-30 00:00:00-04:00,2025-06-30 09:25:00-04:00,5,bearish,22875.5,22882.0,22878.75
2025-06-30 00:00:00-04:00,2025-06-30 09:30:00-04:00,5,bearish,22847.25,22868.25,22857.75
2025-07-01 00:00:00-04:00,2025-07-01 09:05:00-04:00,5,bullish,22803.75,22808.0,22805.875
2025-07-01 00:00:00-04:00,2025-07-01 09:15:00-04:00,5,bearish,22801.75,22808.0,22804.875
2025-07-02 00:00:00-04:00,2025-07-02 09:00:00-04:00,5,bullish,22617.0,22640.0,22628.5
2025-07-02 00:00:00-04:00,2025-07-02 09:25:00-04:00,5,bullish,22648.25,22650.75,22649.5
2025-07-02 00:00:00-04:00,2025-07-02 09:30:00-04:00,5,bullish,22657.25,22661.0,22659.125
2025-07-02 00:00:00-04:00,2025-07-02 09:45:00-04:00,5,bullish,22703.25,22705.0,22704.125
2025-07-03 00:00:00-04:00,2025-07-03 09:00:00-04:00,5,bullish,22901.75,22910.0,22905.875
2025-07-03 00:00:00-04:00,2025-07-03 09:20:00-04:00,5,bullish,22914.0,22922.5,22918.25
2025-07-03 00:00:00-04:00,2025-07-03 09:25:00-04:00,5,bullish,22928.0,22929.75,22928.875
2025-07-03 00:00:00-04:00,2025-07-03 09:30:00-04:00,5,bullish,22939.5,22948.5,22944.0
2025-07-03 00:00:00-04:00,2025-07-03 09:50:00-04:00,5,bullish,22975.75,22988.25,22982.0
2025-07-04 00:00:00-04:00,2025-07-04 09:40:00-04:00,5,bullish,22915.5,22916.5,22916.0
2025-07-08 00:00:00-04:00,2025-07-08 09:00:00-04:00,5,bullish,22940.5,22947.5,22944.0
2025-07-08 00:00:00-04:00,2025-07-08 09:30:00-04:00,5,bearish,22917.0,22931.0,22924.0
2025-07-09 00:00:00-04:00,2025-07-09 09:05:00-04:00,5,bullish,22946.5,22952.5,22949.5
2025-07-09 00:00:00-04:00,2025-07-09 09:10:00-04:00,5,bullish,22953.75,22954.25,22954.0
2025-07-09 00:00:00-04:00,2025-07-09 09:25:00-04:00,5,bullish,22964.25,22977.75,22971.0
2025-07-09 00:00:00-04:00,2025-07-09 09:30:00-04:00,5,bullish,22979.5,23024.5,23002.0
2025-07-09 00:00:00-04:00,2025-07-09 09:35:00-04:00,5,bullish,23029.25,23038.75,23034.0
2025-07-09 00:00:00-04:00,2025-07-09 09:40:00-04:00,5,bullish,23054.75,23055.0,23054.875
2025-07-09 00:00:00-04:00,2025-07-09 09:45:00-04:00,5,bullish,23064.75,23076.25,23070.5
2025-07-10 00:00:00-04:00,2025-07-10 09:15:00-04:00,5,bullish,23059.0,23059.5,23059.25
2025-07-10 00:00:00-04:00,2025-07-10 09:20:00-04:00,5,bullish,23060.25,23061.25,23060.75
2025-07-10 00:00:00-04:00,2025-07-10 09:30:00-04:00,5,bearish,23043.5,23061.25,23052.375
2025-07-10 00:00:00-04:00,2025-07-10 09:45:00-04:00,5,bearish,23010.5,23023.25,23016.875
2025-07-10 00:00:00-04:00,2025-07-10 09:50:00-04:00,5,bearish,22985.5,22988.75,22987.125
2025-07-10 00:00:00-04:00,2025-07-10 09:55:00-04:00,5,bearish,22961.25,22968.0,22964.625
2025-07-11 00:00:00-04:00,2025-07-11 09:25:00-04:00,5,bullish,22902.0,22909.5,22905.75
2025-07-11 00:00:00-04:00,2025-07-11 09:35:00-04:00,5,bearish,22897.75,22909.5,22903.625
2025-07-11 00:00:00-04:00,2025-07-11 09:45:00-04:00,5,bullish,22897.75,22927.75,22912.75
2025-07-11 00:00:00-04:00,2025-07-11 09:55:00-04:00,5,bullish,22950.0,22951.5,22950.75
2025-07-14 00:00:00-04:00,2025-07-14 09:20:00-04:00,5,bullish,22906.75,22917.5,22912.125
2025-07-14 00:00:00-04:00,2025-07-14 09:25:00-04:00,5,bullish,22921.25,22922.0,22921.625
2025-07-15 00:00:00-04:00,2025-07-15 09:30:00-04:00,5,bearish,23185.5,23198.25,23191.875
2025-07-16 00:00:00-04:00,2025-07-16 09:30:00-04:00,5,bearish,23050.25,23064.5,23057.375
2025-07-16 00:00:00-04:00,2025-07-16 09:45:00-04:00,5,bearish,22999.25,23004.25,23001.75
2025-07-16 00:00:00-04:00,2025-07-16 09:50:00-04:00,5,bearish,22986.0,22996.25,22991.125
2025-07-17 00:00:00-04:00,2025-07-17 09:10:00-04:00,5,bearish,23137.0,23146.75,23141.875
2025-07-17 00:00:00-04:00,2025-07-17 09:15:00-04:00,5,bearish,23118.75,23135.25,23127.0
2025-07-17 00:00:00-04:00,2025-07-17 09:20:00-04:00,5,bearish,23117.0,23117.5,23117.25
2025-07-17 00:00:00-04:00,2025-07-17 09:30:00-04:00,5,bearish,23093.75,23097.25,23095.5
2025-07-17 00:00:00-04:00,2025-07-17 09:40:00-04:00,5,bullish,23093.75,23117.5,23105.625
2025-07-17 00:00:00-04:00,2025-07-17 09:45:00-04:00,5,bullish,23128.25,23131.0,23129.625
2025-07-17 00:00:00-04:00,2025-07-17 09:50:00-04:00,5,bullish,23138.0,23139.25,23138.625
2025-07-18 00:00:00-04:00,2025-07-18 09:00:00-04:00,5,bullish,23271.75,23275.5,23273.625
2025-07-18 00:00:00-04:00,2025-07-18 09:15:00-04:00,5,bearish,23270.25,23277.5,23273.875
2025-07-18 00:00:00-04:00,2025-07-18 09:50:00-04:00,5,bearish,23267.0,23267.5,23267.25
2025-07-21 00:00:00-04:00,2025-07-21 09:00:00-04:00,5,bearish,23234.5,23236.0,23235.25
2025-07-21 00:00:00-04:00,2025-07-21 09:15:00-04:00,5,bullish,23234.25,23236.5,23235.375
2025-07-21 00:00:00-04:00,2025-07-21 09:20:00-04:00,5,bullish,23241.5,23242.75,23242.125
2025-07-21 00:00:00-04:00,2025-07-21 09:25:00-04:00,5,bullish,23246.75,23255.0,23250.875
2025-07-21 00:00:00-04:00,2025-07-21 09:30:00-04:00,5,bullish,23258.0,23297.5,23277.75
2025-07-21 00:00:00-04:00,2025-07-21 09:35:00-04:00,5,bullish,23300.75,23324.25,23312.5
2025-07-21 00:00:00-04:00,2025-07-21 09:40:00-04:00,5,bullish,23330.75,23337.75,23334.25
2025-07-21 00:00:00-04:00,2025-07-21 09:45:00-04:00,5,bullish,23348.75,23365.25,23357.0
2025-07-22 00:00:00-04:00,2025-07-22 09:30:00-04:00,5,bearish,23315.0,23328.0,23321.5
2025-07-22 00:00:00-04:00,2025-07-22 09:40:00-04:00,5,bearish,23279.25,23287.0,23283.125
2025-07-22 00:00:00-04:00,2025-07-22 09:45:00-04:00,5,bearish,23221.5,23258.75,23240.125
2025-07-22 00:00:00-04:00,2025-07-22 09:50:00-04:00,5,bearish,23172.75,23209.0,23190.875
2025-07-23 00:00:00-04:00,2025-07-23 09:20:00-04:00,5,bullish,23247.0,23254.25,23250.625
2025-07-23 00:00:00-04:00,2025-07-23 09:30:00-04:00,5,bearish,23237.5,23254.25,23245.875
2025-07-23 00:00:00-04:00,2025-07-23 09:40:00-04:00,5,bearish,23210.75,23212.25,23211.5
2025-07-24 00:00:00-04:00,2025-07-24 09:20:00-04:00,5,bullish,23359.0,23367.0,23363.0
2025-07-25 00:00:00-04:00,2025-07-25 09:45:00-04:00,5,bullish,23366.5,23372.75,23369.625
2025-07-28 00:00:00-04:00,2025-07-28 09:00:00-04:00,5,bearish,23498.25,23511.5,23504.875
2025-07-28 00:00:00-04:00,2025-07-28 09:05:00-04:00,5,bearish,23487.25,23496.25,23491.75
2025-07-29 00:00:00-04:00,2025-07-29 09:30:00-04:00,5,bullish,23601.5,23625.25,23613.375
2025-07-29 00:00:00-04:00,2025-07-29 09:45:00-04:00,5,bearish,23592.5,23615.0,23603.75
2025-07-30 00:00:00-04:00,2025-07-30 09:00:00-04:00,5,bearish,23483.25,23489.25,23486.25
2025-07-31 00:00:00-04:00,2025-07-31 09:15:00-04:00,5,bearish,23783.25,23791.75,23787.5
2025-07-31 00:00:00-04:00,2025-07-31 09:20:00-04:00,5,bearish,23774.75,23779.5,23777.125
2025-07-31 00:00:00-04:00,2025-07-31 09:25:00-04:00,5,bearish,23752.25,23773.0,23762.625
2025-07-31 00:00:00-04:00,2025-07-31 09:30:00-04:00,5,bearish,23680.75,23743.0,23711.875
2025-07-31 00:00:00-04:00,2025-07-31 09:50:00-04:00,5,bullish,23661.25,23666.75,23664.0
2025-08-01 00:00:00-04:00,2025-08-01 09:30:00-04:00,5,bearish,23032.75,23046.25,23039.5
2025-08-01 00:00:00-04:00,2025-08-01 09:35:00-04:00,5,bearish,22992.25,23000.5,22996.375
2025-08-01 00:00:00-04:00,2025-08-01 09:40:00-04:00,5,bearish,22929.5,22976.25,22952.875
2025-08-01 00:00:00-04:00,2025-08-01 09:45:00-04:00,5,bearish,22909.25,22917.75,22913.5
2025-08-04 00:00:00-04:00,2025-08-04 09:25:00-04:00,5,bullish,23088.25,23088.75,23088.5
2025-08-04 00:00:00-04:00,2025-08-04 09:30:00-04:00,5,bullish,23097.25,23127.25,23112.25
2025-08-04 00:00:00-04:00,2025-08-04 09:35:00-04:00,5,bullish,23130.75,23149.5,23140.125
2025-08-04 00:00:00-04:00,2025-08-04 09:40:00-04:00,5,bullish,23173.5,23189.5,23181.5
2025-08-04 00:00:00-04:00,2025-08-04 09:45:00-04:00,5,bullish,23197.0,23198.5,23197.75
2025-08-04 00:00:00-04:00,2025-08-04 09:55:00-04:00,5,bullish,23229.5,23239.25,23234.375
2025-08-05 00:00:00-04:00,2025-08-05 09:55:00-04:00,5,bearish,23362.25,23362.5,23362.375
2025-08-06 00:00:00-04:00,2025-08-06 09:10:00-04:00,5,bullish,23183.75,23185.0,23184.375
2025-08-06 00:00:00-04:00,2025-08-06 09:20:00-04:00,5,bearish,23178.75,23185.0,23181.875
2025-08-08 00:00:00-04:00,2025-08-08 09:40:00-04:00,5,bullish,23579.75,23604.0,23591.875
2025-08-11 00:00:00-04:00,2025-08-11 09:10:00-04:00,5,bullish,23719.0,23721.5,23720.25
2025-08-12 00:00:00-04:00,2025-08-12 09:00:00-04:00,5,bearish,23749.5,23767.5,23758.5
2025-08-12 00:00:00-04:00,2025-08-12 09:30:00-04:00,5,bullish,23741.75,23755.0,23748.375
2025-08-12 00:00:00-04:00,2025-08-12 09:45:00-04:00,5,bearish,23714.0,23714.75,23714.375
2025-08-12 00:00:00-04:00,2025-08-12 09:55:00-04:00,5,bearish,23666.75,23667.0,23666.875
2025-08-13 00:00:00-04:00,2025-08-13 09:55:00-04:00,5,bearish,24017.75,24040.0,24028.875
2025-08-14 00:00:00-04:00,2025-08-14 09:25:00-04:00,5,bullish,23834.75,23841.25,23838.0
2025-08-14 00:00:00-04:00,2025-08-14 09:30:00-04:00,5,bullish,23861.0,23896.0,23878.5
2025-08-15 00:00:00-04:00,2025-08-15 09:15:00-04:00,5,bullish,23899.75,23902.0,23900.875
2025-08-15 00:00:00-04:00,2025-08-15 09:30:00-04:00,5,bearish,23886.0,23887.75,23886.875
2025-08-15 00:00:00-04:00,2025-08-15 09:45:00-04:00,5,bearish,23805.75,23834.75,23820.25
2025-08-18 00:00:00-04:00,2025-08-18 09:00:00-04:00,5,bullish,23777.0,23777.5,23777.25
2025-08-18 00:00:00-04:00,2025-08-18 09:10:00-04:00,5,bearish,23773.5,23777.5,23775.5
2025-08-18 00:00:00-04:00,2025-08-18 09:30:00-04:00,5,bullish,23778.25,23787.75,23783.0
2025-08-18 00:00:00-04:00,2025-08-18 09:50:00-04:00,5,bearish,23769.5,23772.0,23770.75
2025-08-19 00:00:00-04:00,2025-08-19 09:20:00-04:00,5,bullish,23747.25,23747.75,23747.5
2025-08-19 00:00:00-04:00,2025-08-19 09:30:00-04:00,5,bearish,23704.0,23747.75,23725.875
2025-08-20 00:00:00-04:00,2025-08-20 09:05:00-04:00,5,bearish,23418.0,23420.0,23419.0
2025-08-20 00:00:00-04:00,2025-08-20 09:10:00-04:00,5,bearish,23415.0,23415.25,23415.125
2025-08-20 00:00:00-04:00,2025-08-20 09:30:00-04:00,5,bearish,23393.25,23402.5,23397.875
2025-08-20 00:00:00-04:00,2025-08-20 09:40:00-04:00,5,bearish,23324.25,23357.0,23340.625
2025-08-20 00:00:00-04:00,2025-08-20 09:45:00-04:00,5,bearish,23265.25,23322.5,23293.875
2025-08-20 00:00:00-04:00,2025-08-20 09:50:00-04:00,5,bearish,23205.75,23264.75,23235.25
2025-08-22 00:00:00-04:00,2025-08-22 09:00:00-04:00,5,bullish,23249.5,23252.0,23250.75
2025-08-22 00:00:00-04:00,2025-08-22 09:40:00-04:00,5,bullish,23284.0,23294.0,23289.0
2025-08-25 00:00:00-04:00,2025-08-25 09:55:00-04:00,5,bullish,23496.25,23504.5,23500.375
2025-08-27 00:00:00-04:00,2025-08-27 09:00:00-04:00,5,bearish,23573.5,23575.5,23574.5
2025-08-27 00:00:00-04:00,2025-08-27 09:40:00-04:00,5,bearish,23530.5,23535.75,23533.125
2025-08-28 00:00:00-04:00,2025-08-28 09:15:00-04:00,5,bullish,23645.25,23649.25,23647.25
2025-08-28 00:00:00-04:00,2025-08-28 09:30:00-04:00,5,bullish,23652.25,23680.5,23666.375
2025-08-28 00:00:00-04:00,2025-08-28 09:45:00-04:00,5,bearish,23663.75,23688.75,23676.25
2025-08-28 00:00:00-04:00,2025-08-28 09:50:00-04:00,5,bearish,23629.0,23655.0,23642.0
2025-08-29 00:00:00-04:00,2025-08-29 09:30:00-04:00,5,bearish,23645.0,23648.25,23646.625
2025-08-29 00:00:00-04:00,2025-08-29 09:35:00-04:00,5,bearish,23625.75,23630.25,23628.0
2025-08-29 00:00:00-04:00,2025-08-29 09:45:00-04:00,5,bearish,23575.75,23585.25,23580.5
2025-09-01 00:00:00-04:00,2025-09-01 09:25:00-04:00,5,bearish,23477.25,23478.0,23477.625
2025-09-01 00:00:00-04:00,2025-09-01 09:50:00-04:00,5,bullish,23486.25,23486.75,23486.5
2025-09-02 00:00:00-04:00,2025-09-02 09:25:00-04:00,5,bearish,23101.5,23107.75,23104.625
2025-09-02 00:00:00-04:00,2025-09-02 09:35:00-04:00,5,bullish,23101.5,23126.5,23114.0
2025-09-02 00:00:00-04:00,2025-09-02 09:45:00-04:00,5,bullish,23177.5,23190.0,23183.75
2025-09-02 00:00:00-04:00,2025-09-02 09:50:00-04:00,5,bullish,23200.0,23218.75,23209.375
2025-09-03 00:00:00-04:00,2025-09-03 09:00:00-04:00,5,bullish,23430.25,23430.5,23430.375
2025-09-03 00:00:00-04:00,2025-09-03 09:05:00-04:00,5,bullish,23434.25,23438.25,23436.25
2025-09-03 00:00:00-04:00,2025-09-03 09:30:00-04:00,5,bearish,23419.75,23421.25,23420.5
2025-09-04 00:00:00-04:00,2025-09-04 09:00:00-04:00,5,bearish,23476.25,23478.0,23477.125
2025-09-05 00:00:00-04:00,2025-09-05 09:00:00-04:00,5,bullish,23877.0,23882.0,23879.5
2025-09-05 00:00:00-04:00,2025-09-05 09:30:00-04:00,5,bearish,23856.0,23870.0,23863.0
2025-09-08 00:00:00-04:00,2025-09-08 09:15:00-04:00,5,bullish,23782.5,23782.75,23782.625
2025-09-09 00:00:00-04:00,2025-09-09 09:00:00-04:00,5,bearish,23828.25,23837.75,23833.0
2025-09-10 00:00:00-04:00,2025-09-10 09:00:00-04:00,5,bearish,23991.5,23997.0,23994.25
2025-09-10 00:00:00-04:00,2025-09-10 09:10:00-04:00,5,bullish,23991.5,23996.75,23994.125
2025-09-10 00:00:00-04:00,2025-09-10 09:15:00-04:00,5,bullish,24002.0,24004.0,24003.0
2025-09-10 00:00:00-04:00,2025-09-10 09:25:00-04:00,5,bearish,24000.75,24004.0,24002.375
2025-09-10 00:00:00-04:00,2025-09-10 09:30:00-04:00,5,bearish,23975.75,23996.0,23985.875
2025-09-11 00:00:00-04:00,2025-09-11 09:25:00-04:00,5,bullish,23961.25,23967.5,23964.375
2025-09-11 00:00:00-04:00,2025-09-11 09:35:00-04:00,5,bearish,23946.0,23967.5,23956.75
2025-09-12 00:00:00-04:00,2025-09-12 09:30:00-04:00,5,bearish,24035.5,24037.75,24036.625
2025-09-15 00:00:00-04:00,2025-09-15 09:30:00-04:00,5,bullish,24183.25,24196.0,24189.625
2025-09-15 00:00:00-04:00,2025-09-15 09:50:00-04:00,5,bullish,24234.5,24238.75,24236.625
2025-09-16 00:00:00-04:00,2025-09-16 09:30:00-04:00,5,bearish,24335.0,24342.75,24338.875
2025-09-17 00:00:00-04:00,2025-09-17 09:30:00-04:00,5,bearish,24270.5,24276.25,24273.375
2025-09-17 00:00:00-04:00,2025-09-17 09:35:00-04:00,5,bearish,24247.25,24256.0,24251.625
2025-09-17 00:00:00-04:00,2025-09-17 09:45:00-04:00,5,bullish,24247.25,24252.75,24250.0
2025-09-17 00:00:00-04:00,2025-09-17 09:55:00-04:00,5,bearish,24239.0,24252.75,24245.875
2025-09-18 00:00:00-04:00,2025-09-18 09:00:00-04:00,5,bearish,24436.5,24446.25,24441.375
2025-09-18 00:00:00-04:00,2025-09-18 09:40:00-04:00,5,bearish,24414.25,24422.75,24418.5
2025-09-19 00:00:00-04:00,2025-09-19 09:05:00-04:00,5,bullish,24501.5,24505.5,24503.5
2025-09-19 00:00:00-04:00,2025-09-19 09:10:00-04:00,5,bullish,24508.0,24517.0,24512.5
2025-09-19 00:00:00-04:00,2025-09-19 09:20:00-04:00,5,bullish,24526.5,24527.75,24527.125
2025-09-22 00:00:00-04:00,2025-09-22 09:30:00-04:00,5,bullish,24822.25,24830.0,24826.125
2025-09-22 00:00:00-04:00,2025-09-22 09:45:00-04:00,5,bullish,24849.0,24855.25,24852.125
2025-09-23 00:00:00-04:00,2025-09-23 09:30:00-04:00,5,bearish,24995.75,24996.0,24995.875
2025-09-23 00:00:00-04:00,2025-09-23 09:35:00-04:00,5,bearish,24985.0,24986.0,24985.5
2025-09-24 00:00:00-04:00,2025-09-24 09:30:00-04:00,5,bearish,24856.5,24873.25,24864.875
2025-09-24 00:00:00-04:00,2025-09-24 09:45:00-04:00,5,bearish,24818.0,24829.25,24823.625
2025-09-25 00:00:00-04:00,2025-09-25 09:15:00-04:00,5,bullish,24560.0,24576.25,24568.125
2025-09-25 00:00:00-04:00,2025-09-25 09:30:00-04:00,5,bearish,24526.0,24565.0,24545.5
2025-09-25 00:00:00-04:00,2025-09-25 09:35:00-04:00,5,bearish,24477.0,24516.25,24496.625
2025-09-26 00:00:00-04:00,2025-09-26 09:00:00-04:00,5,bearish,24678.5,24682.0,24680.25
2025-09-29 00:00:00-04:00,2025-09-29 09:00:00-04:00,5,bearish,24892.0,24894.25,24893.125
2025-09-29 00:00:00-04:00,2025-09-29 09:40:00-04:00,5,bullish,24892.75,24913.0,24902.875
2025-09-29 00:00:00-04:00,2025-09-29 09:45:00-04:00,5,bullish,24916.0,24921.75,24918.875
2025-09-30 00:00:00-04:00,2025-09-30 09:00:00-04:00,5,bearish,24827.75,24831.0,24829.375
2025-09-30 00:00:00-04:00,2025-09-30 09:30:00-04:00,5,bearish,24785.0,24812.5,24798.75
2025-10-01 00:00:00-04:00,2025-10-01 09:30:00-04:00,5,bullish,24784.5,24805.5,24795.0
2025-10-01 00:00:00-04:00,2025-10-01 09:45:00-04:00,5,bearish,24782.0,24804.5,24793.25
2025-10-02 00:00:00-04:00,2025-10-02 09:00:00-04:00,5,bullish,25164.0,25172.75,25168.375
2025-10-02 00:00:00-04:00,2025-10-02 09:30:00-04:00,5,bearish,25129.5,25162.25,25145.875
2025-10-02 00:00:00-04:00,2025-10-02 09:35:00-04:00,5,bearish,25081.75,25113.25,25097.5
2025-10-02 00:00:00-04:00,2025-10-02 09:40:00-04:00,5,bearish,25071.25,25076.0,25073.625
2025-10-03 00:00:00-04:00,2025-10-03 09:55:00-04:00,5,bearish,25110.25,25135.25,25122.75
2025-10-07 00:00:00-04:00,2025-10-07 09:00:00-04:00,5,bullish,25257.5,25260.25,25258.875
2025-10-07 00:00:00-04:00,2025-10-07 09:10:00-04:00,5,bearish,25246.5,25260.25,25253.375
2025-10-07 00:00:00-04:00,2025-10-07 09:15:00-04:00,5,bearish,25241.0,25241.25,25241.125
2025-10-08 00:00:00-04:00,2025-10-08 09:05:00-04:00,5,bullish,25066.0,25069.25,25067.625
2025-10-08 00:00:00-04:00,2025-10-08 09:10:00-04:00,5,bullish,25071.75,25074.75,25073.25
2025-10-08 00:00:00-04:00,2025-10-08 09:15:00-04:00,5,bullish,25078.25,25080.5,25079.375
2025-10-08 00:00:00-04:00,2025-10-08 09:30:00-04:00,5,bullish,25100.0,25111.5,25105.75
2025-10-08 00:00:00-04:00,2025-10-08 09:55:00-04:00,5,bullish,25169.0,25174.0,25171.5
2025-10-09 00:00:00-04:00,2025-10-09 09:05:00-04:00,5,bearish,25324.5,25325.0,25324.75
2025-10-09 00:00:00-04:00,2025-10-09 09:30:00-04:00,5,bearish,25315.0,25316.75,25315.875
2025-10-10 00:00:00-04:00,2025-10-10 09:00:00-04:00,5,bullish,25300.5,25307.75,25304.125
2025-10-10 00:00:00-04:00,2025-10-10 09:30:00-04:00,5,bullish,25318.0,25320.25,25319.125
2025-10-10 00:00:00-04:00,2025-10-10 09:35:00-04:00,5,bullish,25346.75,25353.75,25350.25
2025-10-13 00:00:00-04:00,2025-10-13 09:00:00-04:00,5,bullish,24815.25,24856.5,24835.875
2025-10-13 00:00:00-04:00,2025-10-13 09:30:00-04:00,5,bearish,24775.0,24820.75,24797.875
2025-10-13 00:00:00-04:00,2025-10-13 09:50:00-04:00,5,bullish,24829.75,24835.75,24832.75
2025-10-14 00:00:00-04:00,2025-10-14 09:00:00-04:00,5,bullish,24625.25,24644.5,24634.875
2025-10-14 00:00:00-04:00,2025-10-14 09:15:00-04:00,5,bearish,24634.25,24637.0,24635.625
2025-10-14 00:00:00-04:00,2025-10-14 09:30:00-04:00,5,bearish,24562.25,24604.75,24583.5
2025-10-14 00:00:00-04:00,2025-10-14 09:35:00-04:00,5,bearish,24519.5,24559.5,24539.5
2025-10-14 00:00:00-04:00,2025-10-14 09:50:00-04:00,5,bullish,24513.0,24539.0,24526.0
2025-10-15 00:00:00-04:00,2025-10-15 09:55:00-04:00,5,bullish,24988.5,25013.25,25000.875
2025-10-16 00:00:00-04:00,2025-10-16 09:20:00-04:00,5,bearish,25069.5,25072.0,25070.75
2025-10-17 00:00:00-04:00,2025-10-17 09:45:00-04:00,5,bullish,24746.5,24763.25,24754.875
2025-10-17 00:00:00-04:00,2025-10-17 09:50:00-04:00,5,bullish,24786.5,24814.0,24800.25
2025-10-20 00:00:00-04:00,2025-10-20 09:00:00-04:00,5,bullish,25132.5,25133.75,25133.125
2025-10-20 00:00:00-04:00,2025-10-20 09:30:00-04:00,5,bullish,25142.0,25178.0,25160.0
2025-10-21 00:00:00-04:00,2025-10-21 09:05:00-04:00,5,bearish,25291.0,25297.0,25294.0
2025-10-21 00:00:00-04:00,2025-10-21 09:40:00-04:00,5,bearish,25262.25,25269.25,25265.75
2025-10-22 00:00:00-04:00,2025-10-22 09:10:00-04:00,5,bullish,25260.75,25269.25,25265.0
2025-10-22 00:00:00-04:00,2025-10-22 09:30:00-04:00,5,bearish,25226.5,25261.0,25243.75
2025-10-22 00:00:00-04:00,2025-10-22 09:40:00-04:00,5,bullish,25226.5,25235.75,25231.125
2025-10-23 00:00:00-04:00,2025-10-23 09:05:00-04:00,5,bearish,24981.75,24999.0,24990.375
2025-10-23 00:00:00-04:00,2025-10-23 09:15:00-04:00,5,bullish,24981.75,24986.75,24984.25
2025-10-23 00:00:00-04:00,2025-10-23 09:20:00-04:00,5,bullish,24993.25,24998.25,24995.75
2025-10-23 00:00:00-04:00,2025-10-23 09:35:00-04:00,5,bullish,25047.75,25056.5,25052.125
2025-10-23 00:00:00-04:00,2025-10-23 09:40:00-04:00,5,bullish,25077.5,25091.25,25084.375
2025-10-23 00:00:00-04:00,2025-10-23 09:45:00-04:00,5,bullish,25092.75,25137.5,25115.125
2025-10-23 00:00:00-04:00,2025-10-23 09:50:00-04:00,5,bullish,25139.25,25147.25,25143.25
2025-10-24 00:00:00-04:00,2025-10-24 09:00:00-04:00,5,bullish,25466.0,25467.25,25466.625
2025-10-27 00:00:00-04:00,2025-10-27 09:00:00-04:00,5,bullish,25833.75,25835.5,25834.625
2025-10-27 00:00:00-04:00,2025-10-27 09:15:00-04:00,5,bearish,25829.5,25833.5,25831.5
2025-10-28 00:00:00-04:00,2025-10-28 09:00:00-04:00,5,bullish,26013.5,26039.0,26026.25
2025-10-30 00:00:00-04:00,2025-10-30 09:30:00-04:00,5,bearish,26044.25,26098.75,26071.5
2025-10-30 00:00:00-04:00,2025-10-30 09:35:00-04:00,5,bearish,25996.0,26043.0,26019.5
2025-10-30 00:00:00-04:00,2025-10-30 09:45:00-04:00,5,bullish,25996.0,26053.25,26024.625
2025-10-30 00:00:00-04:00,2025-10-30 09:50:00-04:00,5,bullish,26078.0,26110.5,26094.25
2025-10-31 00:00:00-04:00,2025-10-31 09:30:00-04:00,5,bearish,26174.5,26191.25,26182.875
2025-10-31 00:00:00-04:00,2025-10-31 09:40:00-04:00,5,bearish,26133.5,26139.0,26136.25
2025-11-03 00:00:00-05:00,2025-11-03 09:00:00-05:00,5,bullish,26191.75,26206.25,26199.0
2025-11-03 00:00:00-05:00,2025-11-03 09:35:00-05:00,5,bearish,26188.0,26225.75,26206.875
2025-11-03 00:00:00-05:00,2025-11-03 09:50:00-05:00,5,bearish,26146.25,26150.0,26148.125
2025-11-04 00:00:00-05:00,2025-11-04 09:00:00-05:00,5,bearish,25705.0,25709.25,25707.125
2025-11-04 00:00:00-05:00,2025-11-04 09:10:00-05:00,5,bullish,25705.0,25716.5,25710.75
2025-11-04 00:00:00-05:00,2025-11-04 09:15:00-05:00,5,bullish,25725.75,25726.25,25726.0
2025-11-04 00:00:00-05:00,2025-11-04 09:30:00-05:00,5,bearish,25722.0,25726.0,25724.0
2025-11-04 00:00:00-05:00,2025-11-04 09:40:00-05:00,5,bullish,25722.0,25735.0,25728.5
2025-11-04 00:00:00-05:00,2025-11-04 09:50:00-05:00,5,bullish,25785.0,25848.0,25816.5
2025-11-04 00:00:00-05:00,2025-11-04 09:55:00-05:00,5,bullish,25855.75,25863.75,25859.75
2025-11-05 00:00:00-05:00,2025-11-05 09:45:00-05:00,5,bullish,25563.75,25600.25,25582.0
2025-11-05 00:00:00-05:00,2025-11-05 09:50:00-05:00,5,bullish,25620.25,25650.25,25635.25
2025-11-06 00:00:00-05:00,2025-11-06 09:00:00-05:00,5,bearish,25747.75,25761.5,25754.625
2025-11-06 00:00:00-05:00,2025-11-06 09:05:00-05:00,5,bearish,25726.0,25744.0,25735.0
2025-11-06 00:00:00-05:00,2025-11-06 09:20:00-05:00,5,bearish,25701.75,25704.75,25703.25
2025-11-06 00:00:00-05:00,2025-11-06 09:50:00-05:00,5,bearish,25565.75,25602.5,25584.125
2025-11-06 00:00:00-05:00,2025-11-06 09:55:00-05:00,5,bearish,25513.5,25553.5,25533.5
2025-11-07 00:00:00-05:00,2025-11-07 09:00:00-05:00,5,bearish,25102.75,25109.5,25106.125
2025-11-07 00:00:00-05:00,2025-11-07 09:15:00-05:00,5,bearish,25088.25,25095.5,25091.875
2025-11-07 00:00:00-05:00,2025-11-07 09:30:00-05:00,5,bearish,25061.25,25075.5,25068.375
2025-11-07 00:00:00-05:00,2025-11-07 09:35:00-05:00,5,bearish,24995.0,25045.25,25020.125
2025-11-10 00:00:00-05:00,2025-11-10 09:30:00-05:00,5,bullish,25557.25,25569.0,25563.125
2025-11-10 00:00:00-05:00,2025-11-10 09:35:00-05:00,5,bullish,25591.75,25608.75,25600.25
2025-11-10 00:00:00-05:00,2025-11-10 09:55:00-05:00,5,bullish,25619.25,25620.75,25620.0
2025-11-11 00:00:00-05:00,2025-11-11 09:15:00-05:00,5,bullish,25607.25,25615.75,25611.5
2025-11-11 00:00:00-05:00,2025-11-11 09:55:00-05:00,5,bullish,25587.25,25593.75,25590.5
2025-11-12 00:00:00-05:00,2025-11-12 09:00:00-05:00,5,bearish,25790.0,25799.0,25794.5
2025-11-12 00:00:00-05:00,2025-11-12 09:30:00-05:00,5,bearish,25704.5,25772.0,25738.25
2025-11-12 00:00:00-05:00,2025-11-12 09:40:00-05:00,5,bearish,25657.75,25669.75,25663.75
2025-11-12 00:00:00-05:00,2025-11-12 09:45:00-05:00,5,bearish,25616.0,25637.25,25626.625
2025-11-13 00:00:00-05:00,2025-11-13 09:05:00-05:00,5,bearish,25473.0,25482.0,25477.5
2025-11-13 00:00:00-05:00,2025-11-13 09:30:00-05:00,5,bearish,25444.75,25450.5,25447.625
2025-11-13 00:00:00-05:00,2025-11-13 09:35:00-05:00,5,bearish,25376.0,25426.25,25401.125
2025-11-13 00:00:00-05:00,2025-11-13 09:40:00-05:00,5,bearish,25343.75,25353.5,25348.625
2025-11-13 00:00:00-05:00,2025-11-13 09:50:00-05:00,5,bullish,25343.75,25350.0,25346.875
2025-11-14 00:00:00-05:00,2025-11-14 09:00:00-05:00,5,bullish,24730.0,24734.75,24732.375
2025-11-14 00:00:00-05:00,2025-11-14 09:35:00-05:00,5,bullish,24760.75,24777.25,24769.0
2025-11-14 00:00:00-05:00,2025-11-14 09:40:00-05:00,5,bullish,24818.5,24819.0,24818.75
2025-11-14 00:00:00-05:00,2025-11-14 09:45:00-05:00,5,bullish,24844.75,24859.25,24852.0
2025-11-14 00:00:00-05:00,2025-11-14 09:50:00-05:00,5,bullish,24916.5,24923.5,24920.0
2025-11-17 00:00:00-05:00,2025-11-17 09:30:00-05:00,5,bullish,25033.25,25081.75,25057.5
2025-11-17 00:00:00-05:00,2025-11-17 09:35:00-05:00,5,bullish,25098.5,25142.0,25120.25
2025-11-17 00:00:00-05:00,2025-11-17 09:45:00-05:00,5,bullish,25199.25,25214.5,25206.875
2025-11-18 00:00:00-05:00,2025-11-18 09:45:00-05:00,5,bearish,24644.25,24646.75,24645.5
2025-11-18 00:00:00-05:00,2025-11-18 09:50:00-05:00,5,bearish,24588.0,24615.5,24601.75
2025-11-18 00:00:00-05:00,2025-11-18 09:55:00-05:00,5,bearish,24556.5,24568.0,24562.25
2025-11-19 00:00:00-05:00,2025-11-19 09:05:00-05:00,5,bearish,24642.25,24656.0,24649.125
2025-11-19 00:00:00-05:00,2025-11-19 09:35:00-05:00,5,bullish,24652.0,24660.5,24656.25
2025-11-19 00:00:00-05:00,2025-11-19 09:40:00-05:00,5,bullish,24693.75,24723.25,24708.5
2025-11-19 00:00:00-05:00,2025-11-19 09:50:00-05:00,5,bullish,24779.5,24826.75,24803.125
2025-11-19 00:00:00-05:00,2025-11-19 09:55:00-05:00,5,bullish,24845.0,24880.25,24862.625
2025-11-20 00:00:00-05:00,2025-11-20 09:05:00-05:00,5,bearish,25218.25,25222.5,25220.375
2025-11-21 00:00:00-05:00,2025-11-21 09:15:00-05:00,5,bearish,24217.25,24239.5,24228.375
2025-11-24 00:00:00-05:00,2025-11-24 09:05:00-05:00,5,bullish,24520.75,24541.25,24531.0
2025-11-24 00:00:00-05:00,2025-11-24 09:20:00-05:00,5,bearish,24535.75,24543.0,24539.375
2025-11-24 00:00:00-05:00,2025-11-24 09:30:00-05:00,5,bullish,24535.75,24646.0,24590.875
2025-11-25 00:00:00-05:00,2025-11-25 09:00:00-05:00,5,bearish,24870.25,24876.75,24873.5
2025-11-25 00:00:00-05:00,2025-11-25 09:40:00-05:00,5,bearish,24729.25,24835.5,24782.375
2025-11-25 00:00:00-05:00,2025-11-25 09:50:00-05:00,5,bullish,24729.25,24735.0,24732.125
2025-11-26 00:00:00-05:00,2025-11-26 09:00:00-05:00,5,bearish,25191.75,25200.5,25196.125
2025-11-26 00:00:00-05:00,2025-11-26 09:50:00-05:00,5,bearish,25232.25,25232.75,25232.5
2025-11-26 00:00:00-05:00,2025-11-26 09:55:00-05:00,5,bearish,25200.0,25222.25,25211.125
2025-12-01 00:00:00-05:00,2025-12-01 09:20:00-05:00,5,bearish,25264.5,25266.0,25265.25
2025-12-01 00:00:00-05:00,2025-12-01 09:45:00-05:00,5,bullish,25284.25,25293.0,25288.625
2025-12-01 00:00:00-05:00,2025-12-01 09:50:00-05:00,5,bullish,25330.0,25333.5,25331.75
2025-12-02 00:00:00-05:00,2025-12-02 09:30:00-05:00,5,bullish,25511.0,25520.5,25515.75
2025-12-02 00:00:00-05:00,2025-12-02 09:35:00-05:00,5,bullish,25527.0,25575.75,25551.375
2025-12-03 00:00:00-05:00,2025-12-03 09:00:00-05:00,5,bearish,25535.25,25646.25,25590.75
2025-12-03 00:00:00-05:00,2025-12-03 09:05:00-05:00,5,bearish,25474.0,25512.5,25493.25
2025-12-04 00:00:00-05:00,2025-12-04 09:00:00-05:00,5,bullish,25636.25,25666.75,25651.5
2025-12-04 00:00:00-05:00,2025-12-04 09:05:00-05:00,5,bullish,25684.5,25706.25,25695.375
2025-12-04 00:00:00-05:00,2025-12-04 09:30:00-05:00,5,bearish,25637.0,25689.25,25663.125
2025-12-05 00:00:00-05:00,2025-12-05 09:05:00-05:00,5,bullish,25631.5,25638.0,25634.75
2025-12-05 00:00:00-05:00,2025-12-05 09:25:00-05:00,5,bullish,25656.5,25676.5,25666.5
2025-12-05 00:00:00-05:00,2025-12-05 09:30:00-05:00,5,bullish,25684.25,25730.0,25707.125
2025-12-05 00:00:00-05:00,2025-12-05 09:50:00-05:00,5,bullish,25753.5,25766.5,25760.0
2025-12-08 00:00:00-05:00,2025-12-08 09:00:00-05:00,5,bullish,25814.5,25816.5,25815.5
2025-12-10 00:00:00-05:00,2025-12-10 09:00:00-05:00,5,bearish,25663.25,25671.5,25667.375
2025-12-10 00:00:00-05:00,2025-12-10 09:15:00-05:00,5,bearish,25657.25,25657.5,25657.375
2025-12-11 00:00:00-05:00,2025-12-11 09:10:00-05:00,5,bullish,25654.5,25662.5,25658.5
2025-12-11 00:00:00-05:00,2025-12-11 09:25:00-05:00,5,bearish,25649.75,25659.0,25654.375
2025-12-11 00:00:00-05:00,2025-12-11 09:30:00-05:00,5,bearish,25630.0,25642.25,25636.125
2025-12-11 00:00:00-05:00,2025-12-11 09:45:00-05:00,5,bearish,25502.25,25555.75,25529.0
2025-12-11 00:00:00-05:00,2025-12-11 09:50:00-05:00,5,bearish,25463.0,25483.5,25473.25
2025-12-12 00:00:00-05:00,2025-12-12 09:10:00-05:00,5,bearish,25605.0,25608.75,25606.875
2025-12-12 00:00:00-05:00,2025-12-12 09:25:00-05:00,5,bearish,25587.5,25592.25,25589.875
2025-12-15 00:00:00-05:00,2025-12-15 09:30:00-05:00,5,bearish,25369.0,25371.75,25370.375
2025-12-15 00:00:00-05:00,2025-12-15 09:55:00-05:00,5,bearish,25229.25,25237.75,25233.5
2025-12-17 00:00:00-05:00,2025-12-17 09:10:00-05:00,5,bearish,25202.0,25219.75,25210.875
2025-12-17 00:00:00-05:00,2025-12-17 09:30:00-05:00,5,bearish,25165.75,25175.0,25170.375
2025-12-17 00:00:00-05:00,2025-12-17 09:35:00-05:00,5,bearish,25114.5,25152.5,25133.5
2025-12-18 00:00:00-05:00,2025-12-18 09:05:00-05:00,5,bullish,25018.5,25019.5,25019.0
2025-12-18 00:00:00-05:00,2025-12-18 09:35:00-05:00,5,bearish,24994.0,25025.25,25009.625
2025-12-19 00:00:00-05:00,2025-12-19 09:10:00-05:00,5,bullish,25093.5,25100.0,25096.75
2025-12-19 00:00:00-05:00,2025-12-19 09:15:00-05:00,5,bullish,25101.0,25110.0,25105.5
2025-12-22 00:00:00-05:00,2025-12-22 09:00:00-05:00,5,bullish,25754.5,25758.75,25756.625
2025-12-22 00:00:00-05:00,2025-12-22 09:30:00-05:00,5,bearish,25727.25,25766.0,25746.625
2025-12-22 00:00:00-05:00,2025-12-22 09:50:00-05:00,5,bullish,25733.0,25739.0,25736.0
2025-12-23 00:00:00-05:00,2025-12-23 09:30:00-05:00,5,bullish,25649.5,25700.25,25674.875
2025-12-23 00:00:00-05:00,2025-12-23 09:50:00-05:00,5,bearish,25707.75,25720.75,25714.25
2025-12-23 00:00:00-05:00,2025-12-23 09:55:00-05:00,5,bearish,25696.0,25700.0,25698.0
2025-12-24 00:00:00-05:00,2025-12-24 09:15:00-05:00,5,bearish,25816.0,25817.5,25816.75
2025-12-26 00:00:00-05:00,2025-12-26 09:10:00-05:00,5,bullish,25897.25,25902.25,25899.75
2025-12-26 00:00:00-05:00,2025-12-26 09:50:00-05:00,5,bearish,25891.5,25909.25,25900.375
2025-12-29 00:00:00-05:00,2025-12-29 09:30:00-05:00,5,bullish,25712.75,25718.0,25715.375
2025-12-29 00:00:00-05:00,2025-12-29 09:35:00-05:00,5,bullish,25726.75,25779.5,25753.125
2025-12-29 00:00:00-05:00,2025-12-29 09:45:00-05:00,5,bearish,25760.5,25779.5,25770.0
2025-12-30 00:00:00-05:00,2025-12-30 09:20:00-05:00,5,bearish,25708.5,25714.0,25711.25
2025-12-30 00:00:00-05:00,2025-12-30 09:45:00-05:00,5,bullish,25706.0,25725.75,25715.875
2025-12-30 00:00:00-05:00,2025-12-30 09:50:00-05:00,5,bullish,25738.0,25742.5,25740.25
2025-12-31 00:00:00-05:00,2025-12-31 09:10:00-05:00,5,bearish,25702.75,25703.0,25702.875
2025-12-31 00:00:00-05:00,2025-12-31 09:25:00-05:00,5,bearish,25692.25,25693.75,25693.0
2025-12-31 00:00:00-05:00,2025-12-31 09:35:00-05:00,5,bearish,25632.75,25651.0,25641.875
2026-01-02 00:00:00-05:00,2026-01-02 09:10:00-05:00,5,bearish,25682.25,25687.0,25684.625
2026-01-02 00:00:00-05:00,2026-01-02 09:45:00-05:00,5,bullish,25696.75,25730.5,25713.625
2026-01-05 00:00:00-05:00,2026-01-05 09:00:00-05:00,5,bullish,25591.5,25592.75,25592.125
2026-01-05 00:00:00-05:00,2026-01-05 09:15:00-05:00,5,bullish,25612.75,25614.75,25613.75
2026-01-05 00:00:00-05:00,2026-01-05 09:30:00-05:00,5,bearish,25607.0,25617.0,25612.0
2026-01-06 00:00:00-05:00,2026-01-06 09:00:00-05:00,5,bearish,25612.0,25612.75,25612.375
2026-01-06 00:00:00-05:00,2026-01-06 09:25:00-05:00,5,bullish,25618.0,25631.5,25624.75
2026-01-06 00:00:00-05:00,2026-01-06 09:45:00-05:00,5,bullish,25666.25,25706.75,25686.5
2026-01-06 00:00:00-05:00,2026-01-06 09:50:00-05:00,5,bullish,25719.0,25724.75,25721.875
2026-01-07 00:00:00-05:00,2026-01-07 09:00:00-05:00,5,bearish,25776.5,25783.0,25779.75
2026-01-07 00:00:00-05:00,2026-01-07 09:30:00-05:00,5,bullish,25791.5,25797.25,25794.375
2026-01-07 00:00:00-05:00,2026-01-07 09:40:00-05:00,5,bullish,25836.0,25840.5,25838.25
2026-01-08 00:00:00-05:00,2026-01-08 09:15:00-05:00,5,bearish,25791.25,25793.0,25792.125
2026-01-08 00:00:00-05:00,2026-01-08 09:30:00-05:00,5,bearish,25729.75,25774.0,25751.875
2026-01-08 00:00:00-05:00,2026-01-08 09:40:00-05:00,5,bearish,25676.25,25676.5,25676.375
2026-01-08 00:00:00-05:00,2026-01-08 09:55:00-05:00,5,bearish,25615.0,25618.5,25616.75
2026-01-09 00:00:00-05:00,2026-01-09 09:05:00-05:00,5,bearish,25803.25,25803.5,25803.375
2026-01-09 00:00:00-05:00,2026-01-09 09:10:00-05:00,5,bearish,25773.5,25792.5,25783.0
2026-01-09 00:00:00-05:00,2026-01-09 09:15:00-05:00,5,bearish,25736.5,25752.75,25744.625
2026-01-09 00:00:00-05:00,2026-01-09 09:35:00-05:00,5,bullish,25715.25,25730.75,25723.0
2026-01-12 00:00:00-05:00,2026-01-12 09:30:00-05:00,5,bullish,25750.75,25844.5,25797.625
2026-01-12 00:00:00-05:00,2026-01-12 09:50:00-05:00,5,bullish,25875.0,25890.0,25882.5
2026-01-14 00:00:00-05:00,2026-01-14 09:40:00-05:00,5,bearish,25674.25,25688.25,25681.25
2026-01-14 00:00:00-05:00,2026-01-14 09:55:00-05:00,5,bearish,25589.5,25610.0,25599.75
2026-01-15 00:00:00-05:00,2026-01-15 09:00:00-05:00,5,bullish,25902.0,25906.0,25904.0
2026-01-15 00:00:00-05:00,2026-01-15 09:20:00-05:00,5,bullish,25915.25,25922.5,25918.875
2026-01-15 00:00:00-05:00,2026-01-15 09:30:00-05:00,5,bearish,25897.0,25922.5,25909.75
2026-01-16 00:00:00-05:00,2026-01-16 09:15:00-05:00,5,bullish,25842.0,25842.25,25842.125
2026-01-16 00:00:00-05:00,2026-01-16 09:50:00-05:00,5,bearish,25787.25,25807.0,25797.125
2026-01-16 00:00:00-05:00,2026-01-16 09:55:00-05:00,5,bearish,25753.0,25775.0,25764.0
2026-01-19 00:00:00-05:00,2026-01-19 09:15:00-05:00,5,bearish,25299.5,25305.0,25302.25
2026-01-19 00:00:00-05:00,2026-01-19 09:30:00-05:00,5,bearish,25267.0,25281.5,25274.25
2026-01-19 00:00:00-05:00,2026-01-19 09:50:00-05:00,5,bullish,25266.0,25286.75,25276.375
2026-01-19 00:00:00-05:00,2026-01-19 09:55:00-05:00,5,bullish,25291.75,25311.75,25301.75
2026-01-20 00:00:00-05:00,2026-01-20 09:25:00-05:00,5,bullish,25224.5,25232.5,25228.5
2026-01-20 00:00:00-05:00,2026-01-20 09:30:00-05:00,5,bullish,25253.5,25276.0,25264.75
2026-01-21 00:00:00-05:00,2026-01-21 09:10:00-05:00,5,bullish,25162.75,25181.0,25171.875
2026-01-21 00:00:00-05:00,2026-01-21 09:45:00-05:00,5,bullish,25206.25,25228.5,25217.375
2026-01-21 00:00:00-05:00,2026-01-21 09:50:00-05:00,5,bullish,25244.25,25276.0,25260.125
2026-01-21 00:00:00-05:00,2026-01-21 09:55:00-05:00,5,bullish,25290.0,25313.5,25301.75
2026-01-22 00:00:00-05:00,2026-01-22 09:00:00-05:00,5,bearish,25716.0,25718.75,25717.375
2026-01-22 00:00:00-05:00,2026-01-22 09:30:00-05:00,5,bearish,25694.5,25715.5,25705.0
2026-01-23 00:00:00-05:00,2026-01-23 09:55:00-05:00,5,bullish,25632.0,25662.5,25647.25
2026-01-26 00:00:00-05:00,2026-01-26 09:00:00-05:00,5,bullish,25722.75,25723.75,25723.25
2026-01-26 00:00:00-05:00,2026-01-26 09:30:00-05:00,5,bullish,25749.75,25767.5,25758.625
2026-01-26 00:00:00-05:00,2026-01-26 09:40:00-05:00,5,bullish,25798.0,25800.75,25799.375
2026-01-27 00:00:00-05:00,2026-01-27 09:30:00-05:00,5,bearish,25972.0,25979.0,25975.5
2026-01-27 00:00:00-05:00,2026-01-27 09:50:00-05:00,5,bullish,25990.5,26036.0,26013.25
2026-01-28 00:00:00-05:00,2026-01-28 09:05:00-05:00,5,bearish,26257.5,26264.25,26260.875
2026-01-29 00:00:00-05:00,2026-01-29 09:00:00-05:00,5,bearish,26174.25,26188.25,26181.25
2026-01-29 00:00:00-05:00,2026-01-29 09:30:00-05:00,5,bearish,26100.75,26131.75,26116.25
2026-01-29 00:00:00-05:00,2026-01-29 09:35:00-05:00,5,bearish,26038.5,26082.5,26060.5
2026-01-29 00:00:00-05:00,2026-01-29 09:55:00-05:00,5,bearish,25868.5,25904.0,25886.25
2026-02-02 00:00:00-05:00,2026-02-02 09:25:00-05:00,5,bullish,25539.25,25540.25,25539.75
2026-02-02 00:00:00-05:00,2026-02-02 09:30:00-05:00,5,bullish,25549.25,25619.0,25584.125
2026-02-02 00:00:00-05:00,2026-02-02 09:35:00-05:00,5,bullish,25668.75,25682.25,25675.5
2026-02-02 00:00:00-05:00,2026-02-02 09:45:00-05:00,5,bullish,25734.0,25743.5,25738.75
2026-02-03 00:00:00-05:00,2026-02-03 09:30:00-05:00,5,bearish,25893.5,25926.75,25910.125
2026-02-03 00:00:00-05:00,2026-02-03 09:50:00-05:00,5,bearish,25728.0,25741.0,25734.5
2026-02-03 00:00:00-05:00,2026-02-03 09:55:00-05:00,5,bearish,25647.25,25719.0,25683.125
2026-02-04 00:00:00-05:00,2026-02-04 09:00:00-05:00,5,bearish,25346.25,25355.75,25351.0
2026-02-04 00:00:00-05:00,2026-02-04 09:20:00-05:00,5,bullish,25352.5,25355.75,25354.125
2026-02-04 00:00:00-05:00,2026-02-04 09:55:00-05:00,5,bearish,25197.0,25243.25,25220.125
2026-02-05 00:00:00-05:00,2026-02-05 09:10:00-05:00,5,bearish,24779.5,24790.25,24784.875
2026-02-05 00:00:00-05:00,2026-02-05 09:15:00-05:00,5,bearish,24762.0,24762.5,24762.25
2026-02-05 00:00:00-05:00,2026-02-05 09:35:00-05:00,5,bullish,24815.0,24842.0,24828.5
2026-02-05 00:00:00-05:00,2026-02-05 09:55:00-05:00,5,bearish,24805.5,24843.0,24824.25
2026-02-06 00:00:00-05:00,2026-02-06 09:30:00-05:00,5,bullish,24793.75,24818.0,24805.875
2026-02-06 00:00:00-05:00,2026-02-06 09:55:00-05:00,5,bearish,24863.75,24906.25,24885.0
2026-02-09 00:00:00-05:00,2026-02-09 09:35:00-05:00,5,bullish,25075.25,25107.0,25091.125
2026-02-10 00:00:00-05:00,2026-02-10 09:15:00-05:00,5,bullish,25386.0,25388.25,25387.125
2026-02-10 00:00:00-05:00,2026-02-10 09:35:00-05:00,5,bearish,25334.75,25346.25,25340.5
2026-02-10 00:00:00-05:00,2026-02-10 09:50:00-05:00,5,bullish,25315.0,25358.25,25336.625
2026-02-10 00:00:00-05:00,2026-02-10 09:55:00-05:00,5,bullish,25368.75,25380.0,25374.375
2026-02-11 00:00:00-05:00,2026-02-11 09:05:00-05:00,5,bearish,25422.75,25425.5,25424.125
2026-02-11 00:00:00-05:00,2026-02-11 09:55:00-05:00,5,bearish,25342.75,25352.25,25347.5
2026-02-12 00:00:00-05:00,2026-02-12 09:00:00-05:00,5,bearish,25386.75,25392.0,25389.375
2026-02-12 00:00:00-05:00,2026-02-12 09:40:00-05:00,5,bearish,25324.25,25334.0,25329.125
2026-02-12 00:00:00-05:00,2026-02-12 09:45:00-05:00,5,bearish,25293.25,25303.75,25298.5
2026-02-13 00:00:00-05:00,2026-02-13 09:05:00-05:00,5,bearish,24754.5,24778.25,24766.375
2026-02-16 00:00:00-05:00,2026-02-16 09:00:00-05:00,5,bearish,24833.0,24844.0,24838.5
2026-02-16 00:00:00-05:00,2026-02-16 09:05:00-05:00,5,bearish,24818.75,24825.25,24822.0
2026-02-16 00:00:00-05:00,2026-02-16 09:10:00-05:00,5,bearish,24792.25,24816.25,24804.25
2026-02-16 00:00:00-05:00,2026-02-16 09:50:00-05:00,5,bullish,24731.5,24753.25,24742.375
2026-02-16 00:00:00-05:00,2026-02-16 09:55:00-05:00,5,bullish,24759.0,24767.25,24763.125
2026-02-17 00:00:00-05:00,2026-02-17 09:30:00-05:00,5,bullish,24659.25,24742.25,24700.75
2026-02-17 00:00:00-05:00,2026-02-17 09:40:00-05:00,5,bearish,24711.5,24742.25,24726.875
2026-02-17 00:00:00-05:00,2026-02-17 09:45:00-05:00,5,bearish,24678.5,24685.75,24682.125
2026-02-17 00:00:00-05:00,2026-02-17 09:50:00-05:00,5,bearish,24547.0,24621.0,24584.0
2026-02-18 00:00:00-05:00,2026-02-18 09:50:00-05:00,5,bullish,24879.75,24883.75,24881.75
2026-02-18 00:00:00-05:00,2026-02-18 09:55:00-05:00,5,bullish,24895.0,24937.0,24916.0
2026-02-19 00:00:00-05:00,2026-02-19 09:00:00-05:00,5,bearish,24843.25,24851.0,24847.125
2026-02-19 00:00:00-05:00,2026-02-19 09:15:00-05:00,5,bullish,24853.75,24864.25,24859.0
2026-02-19 00:00:00-05:00,2026-02-19 09:50:00-05:00,5,bullish,24851.5,24859.75,24855.625
2026-02-20 00:00:00-05:00,2026-02-20 09:05:00-05:00,5,bearish,24758.5,24760.0,24759.25
2026-02-20 00:00:00-05:00,2026-02-20 09:10:00-05:00,5,bearish,24738.75,24755.5,24747.125
2026-02-20 00:00:00-05:00,2026-02-20 09:15:00-05:00,5,bearish,24722.0,24728.0,24725.0
2026-02-20 00:00:00-05:00,2026-02-20 09:30:00-05:00,5,bullish,24735.0,24793.0,24764.0
2026-02-20 00:00:00-05:00,2026-02-20 09:35:00-05:00,5,bullish,24819.5,24844.0,24831.75
2026-02-20 00:00:00-05:00,2026-02-20 09:40:00-05:00,5,bullish,24890.75,24891.75,24891.25
2026-02-23 00:00:00-05:00,2026-02-23 09:25:00-05:00,5,bullish,24956.25,24970.25,24963.25
2026-02-23 00:00:00-05:00,2026-02-23 09:40:00-05:00,5,bearish,24923.75,24965.75,24944.75
2026-02-24 00:00:00-05:00,2026-02-24 09:00:00-05:00,5,bearish,24869.25,24875.75,24872.5
2026-02-24 00:00:00-05:00,2026-02-24 09:10:00-05:00,5,bearish,24854.5,24856.5,24855.5
2026-02-24 00:00:00-05:00,2026-02-24 09:15:00-05:00,5,bearish,24841.5,24844.75,24843.125
2026-02-24 00:00:00-05:00,2026-02-24 09:25:00-05:00,5,bearish,24825.75,24826.5,24826.125
2026-02-24 00:00:00-05:00,2026-02-24 09:40:00-05:00,5,bullish,24815.75,24904.5,24860.125
2026-02-24 00:00:00-05:00,2026-02-24 09:55:00-05:00,5,bearish,24878.5,24901.25,24889.875
2026-02-25 00:00:00-05:00,2026-02-25 09:15:00-05:00,5,bearish,25153.25,25155.25,25154.25
2026-02-25 00:00:00-05:00,2026-02-25 09:25:00-05:00,5,bullish,25153.25,25156.75,25155.0
2026-02-25 00:00:00-05:00,2026-02-25 09:30:00-05:00,5,bullish,25164.75,25217.25,25191.0
2026-02-25 00:00:00-05:00,2026-02-25 09:40:00-05:00,5,bullish,25255.0,25270.75,25262.875
2026-02-25 00:00:00-05:00,2026-02-25 09:45:00-05:00,5,bullish,25279.75,25315.0,25297.375
2026-02-26 00:00:00-05:00,2026-02-26 09:05:00-05:00,5,bearish,25379.75,25382.25,25381.0
2026-02-26 00:00:00-05:00,2026-02-26 09:25:00-05:00,5,bearish,25342.0,25358.0,25350.0
2026-02-26 00:00:00-05:00,2026-02-26 09:30:00-05:00,5,bearish,25295.5,25340.0,25317.75
2026-02-27 00:00:00-05:00,2026-02-27 09:30:00-05:00,5,bullish,24835.25,24840.25,24837.75
2026-03-02 00:00:00-05:00,2026-03-02 09:30:00-05:00,5,bullish,24649.5,24795.25,24722.375
2026-03-04 00:00:00-05:00,2026-03-04 09:20:00-05:00,5,bearish,24880.5,24880.75,24880.625
2026-03-05 00:00:00-05:00,2026-03-05 09:30:00-05:00,5,bullish,25002.25,25066.5,25034.375
2026-03-05 00:00:00-05:00,2026-03-05 09:55:00-05:00,5,bullish,25144.75,25165.0,25154.875
2026-03-09 00:00:00-04:00,2026-03-09 09:35:00-04:00,5,bearish,24409.5,24420.0,24414.75
2026-03-10 00:00:00-04:00,2026-03-10 09:20:00-04:00,5,bullish,24983.5,24984.25,24983.875
2026-03-10 00:00:00-04:00,2026-03-10 09:55:00-04:00,5,bearish,24977.25,24992.25,24984.75
2026-03-11 00:00:00-04:00,2026-03-11 09:00:00-04:00,5,bullish,24958.75,24969.0,24963.875
2026-03-11 00:00:00-04:00,2026-03-11 09:15:00-04:00,5,bullish,24982.25,24988.75,24985.5
2026-03-11 00:00:00-04:00,2026-03-11 09:20:00-04:00,5,bullish,24994.0,25013.75,25003.875
2026-03-11 00:00:00-04:00,2026-03-11 09:25:00-04:00,5,bullish,25020.25,25035.0,25027.625
2026-03-11 00:00:00-04:00,2026-03-11 09:30:00-04:00,5,bullish,25036.0,25070.0,25053.0
2026-03-11 00:00:00-04:00,2026-03-11 09:55:00-04:00,5,bullish,25077.0,25087.25,25082.125
2026-03-12 00:00:00-04:00,2026-03-12 09:10:00-04:00,5,bearish,24813.25,24833.75,24823.5
2026-03-12 00:00:00-04:00,2026-03-12 09:15:00-04:00,5,bearish,24794.5,24800.0,24797.25
2026-03-12 00:00:00-04:00,2026-03-12 09:40:00-04:00,5,bearish,24765.0,24796.75,24780.875
2026-03-13 00:00:00-04:00,2026-03-13 09:40:00-04:00,5,bullish,24694.75,24755.0,24724.875
2026-03-16 00:00:00-04:00,2026-03-16 09:30:00-04:00,5,bullish,24663.25,24674.0,24668.625
2026-03-17 00:00:00-04:00,2026-03-17 09:00:00-04:00,5,bullish,24719.5,24720.0,24719.75
2026-03-17 00:00:00-04:00,2026-03-17 09:05:00-04:00,5,bullish,24733.5,24745.25,24739.375
2026-03-17 00:00:00-04:00,2026-03-17 09:10:00-04:00,5,bullish,24748.5,24750.75,24749.625
2026-03-17 00:00:00-04:00,2026-03-17 09:15:00-04:00,5,bullish,24758.25,24776.0,24767.125
2026-03-17 00:00:00-04:00,2026-03-17 09:30:00-04:00,5,bullish,24809.0,24826.0,24817.5
2026-03-17 00:00:00-04:00,2026-03-17 09:45:00-04:00,5,bullish,24859.0,24861.5,24860.25
2026-03-18 00:00:00-04:00,2026-03-18 09:20:00-04:00,5,bullish,24691.75,24694.0,24692.875
2026-03-19 00:00:00-04:00,2026-03-19 09:00:00-04:00,5,bearish,24225.75,24227.25,24226.5
2026-03-19 00:00:00-04:00,2026-03-19 09:15:00-04:00,5,bullish,24213.0,24214.5,24213.75
2026-03-19 00:00:00-04:00,2026-03-19 09:25:00-04:00,5,bearish,24214.0,24214.5,24214.25
2026-03-19 00:00:00-04:00,2026-03-19 09:30:00-04:00,5,bearish,24195.0,24198.0,24196.5
2026-03-19 00:00:00-04:00,2026-03-19 09:50:00-04:00,5,bullish,24246.75,24248.75,24247.75
2026-03-20 00:00:00-04:00,2026-03-20 09:05:00-04:00,5,bearish,24257.0,24271.0,24264.0
2026-03-20 00:00:00-04:00,2026-03-20 09:15:00-04:00,5,bullish,24257.0,24257.75,24257.375
2026-03-23 00:00:00-04:00,2026-03-23 09:25:00-04:00,5,bearish,24521.75,24528.75,24525.25
2026-03-24 00:00:00-04:00,2026-03-24 09:05:00-04:00,5,bearish,24266.5,24270.5,24268.5
2026-03-24 00:00:00-04:00,2026-03-24 09:35:00-04:00,5,bearish,24213.5,24225.75,24219.625
2026-03-24 00:00:00-04:00,2026-03-24 09:55:00-04:00,5,bullish,24191.75,24200.0,24195.875
2026-03-25 00:00:00-04:00,2026-03-25 09:10:00-04:00,5,bearish,24454.5,24456.5,24455.5
2026-03-25 00:00:00-04:00,2026-03-25 09:30:00-04:00,5,bullish,24449.25,24456.25,24452.75
2026-03-25 00:00:00-04:00,2026-03-25 09:45:00-04:00,5,bearish,24420.75,24442.75,24431.75
2026-03-25 00:00:00-04:00,2026-03-25 09:50:00-04:00,5,bearish,24410.75,24414.25,24412.5
2026-03-26 00:00:00-04:00,2026-03-26 09:30:00-04:00,5,bearish,24128.5,24130.75,24129.625
2026-03-26 00:00:00-04:00,2026-03-26 09:40:00-04:00,5,bullish,24128.5,24143.25,24135.875
2026-03-26 00:00:00-04:00,2026-03-26 09:45:00-04:00,5,bullish,24158.5,24161.75,24160.125
2026-03-27 00:00:00-04:00,2026-03-27 09:15:00-04:00,5,bullish,23597.0,23612.25,23604.625
2026-03-27 00:00:00-04:00,2026-03-27 09:20:00-04:00,5,bullish,23619.0,23633.5,23626.25
2026-03-27 00:00:00-04:00,2026-03-27 09:30:00-04:00,5,bearish,23613.75,23633.5,23623.625
2026-03-27 00:00:00-04:00,2026-03-27 09:50:00-04:00,5,bearish,23526.25,23588.25,23557.25
2026-03-27 00:00:00-04:00,2026-03-27 09:55:00-04:00,5,bearish,23520.0,23520.5,23520.25
2026-03-30 00:00:00-04:00,2026-03-30 09:30:00-04:00,5,bearish,23467.75,23496.75,23482.25
2026-03-30 00:00:00-04:00,2026-03-30 09:35:00-04:00,5,bearish,23425.5,23457.0,23441.25
2026-03-30 00:00:00-04:00,2026-03-30 09:40:00-04:00,5,bearish,23405.75,23410.5,23408.125
2026-03-30 00:00:00-04:00,2026-03-30 09:50:00-04:00,5,bearish,23349.0,23352.75,23350.875
2026-03-30 00:00:00-04:00,2026-03-30 09:55:00-04:00,5,bearish,23341.25,23342.75,23342.0
2026-03-31 00:00:00-04:00,2026-03-31 09:30:00-04:00,5,bullish,23399.0,23402.75,23400.875
2026-03-31 00:00:00-04:00,2026-03-31 09:45:00-04:00,5,bullish,23470.0,23499.25,23484.625
2026-04-01 00:00:00-04:00,2026-04-01 09:10:00-04:00,5,bullish,24055.5,24061.0,24058.25
2026-04-01 00:00:00-04:00,2026-04-01 09:30:00-04:00,5,bullish,24101.5,24135.75,24118.625
2026-04-01 00:00:00-04:00,2026-04-01 09:40:00-04:00,5,bearish,24123.0,24135.75,24129.375
2026-04-02 00:00:00-04:00,2026-04-02 09:25:00-04:00,5,bullish,23748.75,23762.75,23755.75
2026-04-02 00:00:00-04:00,2026-04-02 09:35:00-04:00,5,bearish,23739.75,23762.75,23751.25
2026-04-02 00:00:00-04:00,2026-04-02 09:45:00-04:00,5,bullish,23739.75,23760.5,23750.125
2026-04-02 00:00:00-04:00,2026-04-02 09:50:00-04:00,5,bullish,23792.5,23836.25,23814.375
2026-04-02 00:00:00-04:00,2026-04-02 09:55:00-04:00,5,bullish,23863.75,23864.75,23864.25
2026-04-06 00:00:00-04:00,2026-04-06 09:45:00-04:00,5,bullish,24347.5,24355.75,24351.625
2026-04-07 00:00:00-04:00,2026-04-07 09:55:00-04:00,5,bearish,24129.5,24139.0,24134.25
2026-04-08 00:00:00-04:00,2026-04-08 09:15:00-04:00,5,bearish,25213.75,25222.0,25217.875
2026-04-08 00:00:00-04:00,2026-04-08 09:30:00-04:00,5,bearish,25181.0,25186.5,25183.75
2026-04-08 00:00:00-04:00,2026-04-08 09:35:00-04:00,5,bearish,25131.25,25132.75,25132.0
2026-04-09 00:00:00-04:00,2026-04-09 09:50:00-04:00,5,bearish,25040.75,25061.0,25050.875
2026-04-13 00:00:00-04:00,2026-04-13 09:15:00-04:00,5,bullish,25181.0,25183.0,25182.0
2026-04-13 00:00:00-04:00,2026-04-13 09:20:00-04:00,5,bullish,25190.0,25193.5,25191.75
2026-04-13 00:00:00-04:00,2026-04-13 09:45:00-04:00,5,bullish,25214.75,25229.0,25221.875
2026-04-14 00:00:00-04:00,2026-04-14 09:30:00-04:00,5,bullish,25672.5,25703.5,25688.0
2026-04-14 00:00:00-04:00,2026-04-14 09:55:00-04:00,5,bearish,25734.75,25739.0,25736.875
2026-04-16 00:00:00-04:00,2026-04-16 09:00:00-04:00,5,bullish,26407.25,26413.5,26410.375
2026-04-16 00:00:00-04:00,2026-04-16 09:50:00-04:00,5,bearish,26328.0,26363.0,26345.5
2026-04-17 00:00:00-04:00,2026-04-17 09:05:00-04:00,5,bullish,26744.25,26777.25,26760.75
2026-04-17 00:00:00-04:00,2026-04-17 09:15:00-04:00,5,bearish,26774.5,26777.25,26775.875
2026-04-17 00:00:00-04:00,2026-04-17 09:20:00-04:00,5,bearish,26751.0,26766.5,26758.75
2026-04-17 00:00:00-04:00,2026-04-17 09:25:00-04:00,5,bearish,26720.75,26740.25,26730.5
2026-04-20 00:00:00-04:00,2026-04-20 09:05:00-04:00,5,bullish,26763.75,26766.5,26765.125
2026-04-21 00:00:00-04:00,2026-04-21 09:30:00-04:00,5,bearish,26767.5,26806.0,26786.75
2026-04-21 00:00:00-04:00,2026-04-21 09:50:00-04:00,5,bullish,26790.0,26793.5,26791.75
2026-04-21 00:00:00-04:00,2026-04-21 09:55:00-04:00,5,bullish,26804.0,26821.25,26812.625
2026-04-22 00:00:00-04:00,2026-04-22 09:15:00-04:00,5,bullish,26842.0,26845.25,26843.625
2026-04-22 00:00:00-04:00,2026-04-22 09:30:00-04:00,5,bearish,26851.25,26865.0,26858.125
2026-04-23 00:00:00-04:00,2026-04-23 09:00:00-04:00,5,bullish,27011.5,27015.25,27013.375
2026-04-23 00:00:00-04:00,2026-04-23 09:35:00-04:00,5,bullish,27017.5,27032.75,27025.125
2026-04-23 00:00:00-04:00,2026-04-23 09:55:00-04:00,5,bearish,27029.5,27040.75,27035.125
2026-04-24 00:00:00-04:00,2026-04-24 09:20:00-04:00,5,bearish,27241.75,27243.5,27242.625
2026-04-24 00:00:00-04:00,2026-04-24 09:50:00-04:00,5,bearish,27200.75,27203.75,27202.25
2026-04-28 00:00:00-04:00,2026-04-28 09:05:00-04:00,5,bearish,27142.5,27144.5,27143.5
2026-04-28 00:00:00-04:00,2026-04-28 09:40:00-04:00,5,bullish,27186.0,27205.0,27195.5
2026-04-29 00:00:00-04:00,2026-04-29 09:00:00-04:00,5,bullish,27228.5,27235.0,27231.75
2026-04-29 00:00:00-04:00,2026-04-29 09:15:00-04:00,5,bearish,27226.25,27237.75,27232.0
2026-04-29 00:00:00-04:00,2026-04-29 09:30:00-04:00,5,bearish,27187.0,27200.0,27193.5
2026-04-29 00:00:00-04:00,2026-04-29 09:50:00-04:00,5,bullish,27197.75,27215.25,27206.5
2026-04-30 00:00:00-04:00,2026-04-30 09:10:00-04:00,5,bearish,27513.0,27519.5,27516.25
2026-04-30 00:00:00-04:00,2026-04-30 09:25:00-04:00,5,bearish,27490.75,27498.0,27494.375
2026-04-30 00:00:00-04:00,2026-04-30 09:30:00-04:00,5,bearish,27372.5,27486.5,27429.5
2026-04-30 00:00:00-04:00,2026-04-30 09:50:00-04:00,5,bearish,27262.25,27286.0,27274.125
2025-05-07 00:00:00-04:00,2025-05-07 09:00:00-04:00,15,bearish,19911.75,19926.5,19919.125
2025-05-08 00:00:00-04:00,2025-05-08 09:30:00-04:00,15,bearish,20125.75,20157.5,20141.625
2025-05-12 00:00:00-04:00,2025-05-12 09:30:00-04:00,15,bearish,20851.0,20908.75,20879.875
2025-05-13 00:00:00-04:00,2025-05-13 09:30:00-04:00,15,bullish,21021.75,21045.5,21033.625
2025-05-13 00:00:00-04:00,2025-05-13 09:45:00-04:00,15,bullish,21080.5,21114.5,21097.5
2025-05-19 00:00:00-04:00,2025-05-19 09:30:00-04:00,15,bullish,21204.0,21316.5,21260.25
2025-05-19 00:00:00-04:00,2025-05-19 09:45:00-04:00,15,bullish,21335.0,21347.25,21341.125
2025-05-21 00:00:00-04:00,2025-05-21 09:00:00-04:00,15,bearish,21289.0,21289.75,21289.375
2025-05-21 00:00:00-04:00,2025-05-21 09:30:00-04:00,15,bullish,21289.0,21355.75,21322.375
2025-05-22 00:00:00-04:00,2025-05-22 09:45:00-04:00,15,bullish,21219.5,21261.75,21240.625
2025-05-23 00:00:00-04:00,2025-05-23 09:15:00-04:00,15,bullish,20811.25,20821.5,20816.375
2025-05-27 00:00:00-04:00,2025-05-27 09:45:00-04:00,15,bullish,21284.5,21292.0,21288.25
2025-05-28 00:00:00-04:00,2025-05-28 09:45:00-04:00,15,bearish,21487.75,21490.25,21489.0
2025-05-29 00:00:00-04:00,2025-05-29 09:30:00-04:00,15,bearish,21557.75,21661.5,21609.625
2025-06-02 00:00:00-04:00,2025-06-02 09:30:00-04:00,15,bullish,21291.75,21298.5,21295.125
2025-06-05 00:00:00-04:00,2025-06-05 09:30:00-04:00,15,bearish,21781.25,21790.25,21785.75
2025-06-11 00:00:00-04:00,2025-06-11 09:30:00-04:00,15,bearish,21998.5,22013.25,22005.875
2025-06-12 00:00:00-04:00,2025-06-12 09:30:00-04:00,15,bullish,21841.25,21843.25,21842.25
2025-06-13 00:00:00-04:00,2025-06-13 09:15:00-04:00,15,bullish,21660.0,21663.5,21661.75
2025-06-13 00:00:00-04:00,2025-06-13 09:30:00-04:00,15,bullish,21681.5,21711.75,21696.625
2025-06-16 00:00:00-04:00,2025-06-16 09:30:00-04:00,15,bullish,21822.5,21839.5,21831.0
2025-06-16 00:00:00-04:00,2025-06-16 09:45:00-04:00,15,bullish,21876.0,21919.5,21897.75
2025-06-19 00:00:00-04:00,2025-06-19 09:30:00-04:00,15,bearish,21510.75,21550.0,21530.375
2025-06-19 00:00:00-04:00,2025-06-19 09:45:00-04:00,15,bearish,21497.5,21500.0,21498.75
2025-06-23 00:00:00-04:00,2025-06-23 09:45:00-04:00,15,bullish,21885.5,21925.25,21905.375
2025-06-27 00:00:00-04:00,2025-06-27 09:30:00-04:00,15,bullish,22727.0,22729.0,22728.0
2025-06-27 00:00:00-04:00,2025-06-27 09:45:00-04:00,15,bullish,22743.0,22764.5,22753.75
2025-06-30 00:00:00-04:00,2025-06-30 09:30:00-04:00,15,bearish,22833.25,22868.25,22850.75
2025-07-02 00:00:00-04:00,2025-07-02 09:00:00-04:00,15,bullish,22620.5,22633.0,22626.75
2025-07-02 00:00:00-04:00,2025-07-02 09:30:00-04:00,15,bullish,22657.25,22693.25,22675.25
2025-07-03 00:00:00-04:00,2025-07-03 09:00:00-04:00,15,bullish,22902.75,22903.0,22902.875
2025-07-03 00:00:00-04:00,2025-07-03 09:15:00-04:00,15,bullish,22927.0,22929.75,22928.375
2025-07-03 00:00:00-04:00,2025-07-03 09:30:00-04:00,15,bullish,22939.5,22948.0,22943.75
2025-07-03 00:00:00-04:00,2025-07-03 09:45:00-04:00,15,bullish,22986.0,22995.0,22990.5
2025-07-08 00:00:00-04:00,2025-07-08 09:30:00-04:00,15,bearish,22925.0,22931.0,22928.0
2025-07-09 00:00:00-04:00,2025-07-09 09:15:00-04:00,15,bullish,22961.5,22977.75,22969.625
2025-07-09 00:00:00-04:00,2025-07-09 09:30:00-04:00,15,bullish,22979.5,23055.0,23017.25
2025-07-09 00:00:00-04:00,2025-07-09 09:45:00-04:00,15,bullish,23064.75,23077.25,23071.0
2025-07-10 00:00:00-04:00,2025-07-10 09:30:00-04:00,15,bearish,23033.75,23046.5,23040.125
2025-07-10 00:00:00-04:00,2025-07-10 09:45:00-04:00,15,bearish,22961.25,23022.0,22991.625
2025-07-15 00:00:00-04:00,2025-07-15 09:30:00-04:00,15,bearish,23184.5,23192.5,23188.5
2025-07-16 00:00:00-04:00,2025-07-16 09:30:00-04:00,15,bearish,23032.25,23063.0,23047.625
2025-07-16 00:00:00-04:00,2025-07-16 09:45:00-04:00,15,bearish,23004.0,23004.25,23004.125
2025-07-17 00:00:00-04:00,2025-07-17 09:15:00-04:00,15,bearish,23128.25,23135.25,23131.75
2025-07-17 00:00:00-04:00,2025-07-17 09:45:00-04:00,15,bullish,23128.25,23138.25,23133.25
2025-07-21 00:00:00-04:00,2025-07-21 09:15:00-04:00,15,bullish,23243.25,23255.0,23249.125
2025-07-21 00:00:00-04:00,2025-07-21 09:30:00-04:00,15,bullish,23258.0,23337.75,23297.875
2025-07-21 00:00:00-04:00,2025-07-21 09:45:00-04:00,15,bullish,23348.75,23376.0,23362.375
2025-07-22 00:00:00-04:00,2025-07-22 09:30:00-04:00,15,bearish,23279.25,23328.0,23303.625
2025-07-22 00:00:00-04:00,2025-07-22 09:45:00-04:00,15,bearish,23188.0,23258.75,23223.375
2025-07-23 00:00:00-04:00,2025-07-23 09:30:00-04:00,15,bearish,23210.75,23234.0,23222.375
2025-07-25 00:00:00-04:00,2025-07-25 09:45:00-04:00,15,bullish,23378.5,23383.5,23381.0
2025-07-28 00:00:00-04:00,2025-07-28 09:00:00-04:00,15,bearish,23486.5,23511.25,23498.875
2025-07-29 00:00:00-04:00,2025-07-29 09:15:00-04:00,15,bullish,23589.75,23592.75,23591.25
2025-07-31 00:00:00-04:00,2025-07-31 09:15:00-04:00,15,bearish,23752.25,23791.75,23772.0
2025-07-31 00:00:00-04:00,2025-07-31 09:30:00-04:00,15,bearish,23705.0,23743.0,23724.0
2025-08-01 00:00:00-04:00,2025-08-01 09:30:00-04:00,15,bearish,22929.5,23046.25,22987.875
2025-08-04 00:00:00-04:00,2025-08-04 09:15:00-04:00,15,bullish,23085.5,23088.75,23087.125
2025-08-04 00:00:00-04:00,2025-08-04 09:30:00-04:00,15,bullish,23097.25,23189.5,23143.375
2025-08-04 00:00:00-04:00,2025-08-04 09:45:00-04:00,15,bullish,23197.0,23213.5,23205.25
2025-08-08 00:00:00-04:00,2025-08-08 09:30:00-04:00,15,bullish,23545.0,23604.0,23574.5
2025-08-08 00:00:00-04:00,2025-08-08 09:45:00-04:00,15,bullish,23614.25,23632.0,23623.125
2025-08-12 00:00:00-04:00,2025-08-12 09:00:00-04:00,15,bearish,23743.0,23767.5,23755.25
2025-08-13 00:00:00-04:00,2025-08-13 09:45:00-04:00,15,bearish,24017.75,24028.75,24023.25
2025-08-14 00:00:00-04:00,2025-08-14 09:30:00-04:00,15,bullish,23861.0,23897.75,23879.375
2025-08-15 00:00:00-04:00,2025-08-15 09:30:00-04:00,15,bearish,23854.0,23887.75,23870.875
2025-08-19 00:00:00-04:00,2025-08-19 09:30:00-04:00,15,bearish,23700.0,23740.0,23720.0
2025-08-20 00:00:00-04:00,2025-08-20 09:30:00-04:00,15,bearish,23324.25,23402.5,23363.375
2025-08-20 00:00:00-04:00,2025-08-20 09:45:00-04:00,15,bearish,23214.5,23322.5,23268.5
2025-08-29 00:00:00-04:00,2025-08-29 09:30:00-04:00,15,bearish,23601.0,23648.25,23624.625
2025-08-29 00:00:00-04:00,2025-08-29 09:45:00-04:00,15,bearish,23551.75,23585.25,23568.5
2025-09-02 00:00:00-04:00,2025-09-02 09:30:00-04:00,15,bullish,23129.75,23137.75,23133.75
2025-09-02 00:00:00-04:00,2025-09-02 09:45:00-04:00,15,bullish,23177.5,23196.25,23186.875
2025-09-08 00:00:00-04:00,2025-09-08 09:30:00-04:00,15,bullish,23797.25,23814.0,23805.625
2025-09-10 00:00:00-04:00,2025-09-10 09:30:00-04:00,15,bearish,23955.5,23996.0,23975.75
2025-09-15 00:00:00-04:00,2025-09-15 09:30:00-04:00,15,bullish,24183.25,24204.0,24193.625
2025-09-15 00:00:00-04:00,2025-09-15 09:45:00-04:00,15,bullish,24227.5,24238.0,24232.75
2025-09-16 00:00:00-04:00,2025-09-16 09:30:00-04:00,15,bearish,24326.25,24342.75,24334.5
2025-09-19 00:00:00-04:00,2025-09-19 09:00:00-04:00,15,bullish,24506.5,24516.25,24511.375
2025-09-22 00:00:00-04:00,2025-09-22 09:15:00-04:00,15,bullish,24810.5,24814.25,24812.375
2025-09-22 00:00:00-04:00,2025-09-22 09:30:00-04:00,15,bullish,24822.25,24840.5,24831.375
2025-09-23 00:00:00-04:00,2025-09-23 09:30:00-04:00,15,bearish,24971.5,24996.0,24983.75
2025-09-24 00:00:00-04:00,2025-09-24 09:30:00-04:00,15,bearish,24839.5,24873.0,24856.25
2025-09-25 00:00:00-04:00,2025-09-25 09:30:00-04:00,15,bearish,24522.5,24551.5,24537.0
2025-09-29 00:00:00-04:00,2025-09-29 09:30:00-04:00,15,bullish,24894.0,24913.0,24903.5
2025-09-29 00:00:00-04:00,2025-09-29 09:45:00-04:00,15,bullish,24916.0,24919.5,24917.75
2025-09-30 00:00:00-04:00,2025-09-30 09:00:00-04:00,15,bearish,24829.25,24831.0,24830.125
2025-09-30 00:00:00-04:00,2025-09-30 09:30:00-04:00,15,bearish,24806.5,24812.5,24809.5
2025-10-02 00:00:00-04:00,2025-10-02 09:30:00-04:00,15,bearish,25071.25,25162.25,25116.75
2025-10-03 00:00:00-04:00,2025-10-03 09:45:00-04:00,15,bearish,25110.25,25113.75,25112.0
2025-10-06 00:00:00-04:00,2025-10-06 09:30:00-04:00,15,bearish,25174.25,25187.75,25181.0
2025-10-08 00:00:00-04:00,2025-10-08 09:00:00-04:00,15,bullish,25073.75,25074.75,25074.25
2025-10-08 00:00:00-04:00,2025-10-08 09:30:00-04:00,15,bullish,25100.0,25127.5,25113.75
2025-10-08 00:00:00-04:00,2025-10-08 09:45:00-04:00,15,bullish,25152.75,25174.0,25163.375
2025-10-10 00:00:00-04:00,2025-10-10 09:30:00-04:00,15,bullish,25318.0,25325.75,25321.875
2025-10-13 00:00:00-04:00,2025-10-13 09:45:00-04:00,15,bullish,24842.75,24864.75,24853.75
2025-10-14 00:00:00-04:00,2025-10-14 09:30:00-04:00,15,bearish,24588.25,24604.75,24596.5
2025-10-15 00:00:00-04:00,2025-10-15 09:45:00-04:00,15,bullish,25004.25,25013.25,25008.75
2025-10-20 00:00:00-04:00,2025-10-20 09:30:00-04:00,15,bullish,25151.5,25181.25,25166.375
2025-10-21 00:00:00-04:00,2025-10-21 09:30:00-04:00,15,bearish,25273.5,25275.0,25274.25
2025-10-23 00:00:00-04:00,2025-10-23 09:30:00-04:00,15,bullish,25019.5,25091.25,25055.375
2025-10-23 00:00:00-04:00,2025-10-23 09:45:00-04:00,15,bullish,25092.75,25102.0,25097.375
2025-10-28 00:00:00-04:00,2025-10-28 09:00:00-04:00,15,bullish,26013.5,26034.25,26023.875
2025-10-31 00:00:00-04:00,2025-10-31 09:30:00-04:00,15,bearish,26133.5,26191.25,26162.375
2025-11-03 00:00:00-05:00,2025-11-03 09:00:00-05:00,15,bullish,26191.75,26208.0,26199.875
2025-11-03 00:00:00-05:00,2025-11-03 09:30:00-05:00,15,bearish,26182.5,26208.0,26195.25
2025-11-04 00:00:00-05:00,2025-11-04 09:45:00-05:00,15,bullish,25782.0,25825.5,25803.75
2025-11-05 00:00:00-05:00,2025-11-05 09:00:00-05:00,15,bearish,25569.0,25579.0,25574.0
2025-11-05 00:00:00-05:00,2025-11-05 09:45:00-05:00,15,bullish,25577.25,25642.75,25610.0
2025-11-06 00:00:00-05:00,2025-11-06 09:00:00-05:00,15,bearish,25725.0,25761.5,25743.25
2025-11-06 00:00:00-05:00,2025-11-06 09:15:00-05:00,15,bearish,25684.75,25692.5,25688.625
2025-11-06 00:00:00-05:00,2025-11-06 09:45:00-05:00,15,bearish,25513.5,25585.75,25549.625
2025-11-07 00:00:00-05:00,2025-11-07 09:30:00-05:00,15,bearish,25045.5,25075.5,25060.5
2025-11-10 00:00:00-05:00,2025-11-10 09:30:00-05:00,15,bullish,25557.25,25588.5,25572.875
2025-11-12 00:00:00-05:00,2025-11-12 09:00:00-05:00,15,bearish,25791.0,25792.0,25791.5
2025-11-12 00:00:00-05:00,2025-11-12 09:15:00-05:00,15,bearish,25780.5,25781.5,25781.0
2025-11-12 00:00:00-05:00,2025-11-12 09:30:00-05:00,15,bearish,25657.75,25772.0,25714.875
2025-11-13 00:00:00-05:00,2025-11-13 09:30:00-05:00,15,bearish,25418.0,25450.5,25434.25
2025-11-14 00:00:00-05:00,2025-11-14 09:30:00-05:00,15,bullish,24763.25,24819.0,24791.125
2025-11-14 00:00:00-05:00,2025-11-14 09:45:00-05:00,15,bullish,24844.75,24862.5,24853.625
2025-11-17 00:00:00-05:00,2025-11-17 09:30:00-05:00,15,bullish,25052.5,25151.25,25101.875
2025-11-18 00:00:00-05:00,2025-11-18 09:45:00-05:00,15,bearish,24571.5,24646.75,24609.125
2025-11-19 00:00:00-05:00,2025-11-19 09:00:00-05:00,15,bearish,24648.0,24655.25,24651.625
2025-11-19 00:00:00-05:00,2025-11-19 09:30:00-05:00,15,bullish,24648.0,24723.25,24685.625
2025-11-19 00:00:00-05:00,2025-11-19 09:45:00-05:00,15,bullish,24758.5,24880.25,24819.375
2025-11-24 00:00:00-05:00,2025-11-24 09:30:00-05:00,15,bullish,24570.25,24579.25,24574.75
2025-11-25 00:00:00-05:00,2025-11-25 09:00:00-05:00,15,bearish,24868.0,24873.5,24870.75
2025-11-25 00:00:00-05:00,2025-11-25 09:30:00-05:00,15,bearish,24825.75,24841.5,24833.625
2025-12-01 00:00:00-05:00,2025-12-01 09:45:00-05:00,15,bullish,25319.75,25331.25,25325.5
2025-12-02 00:00:00-05:00,2025-12-02 09:30:00-05:00,15,bullish,25515.25,25562.0,25538.625
2025-12-03 00:00:00-05:00,2025-12-03 09:00:00-05:00,15,bearish,25499.75,25646.25,25573.0
2025-12-04 00:00:00-05:00,2025-12-04 09:00:00-05:00,15,bullish,25644.25,25689.25,25666.75
2025-12-04 00:00:00-05:00,2025-12-04 09:30:00-05:00,15,bearish,25609.0,25689.25,25649.125
2025-12-05 00:00:00-05:00,2025-12-05 09:00:00-05:00,15,bullish,25627.0,25643.0,25635.0
2025-12-05 00:00:00-05:00,2025-12-05 09:15:00-05:00,15,bullish,25652.5,25660.5,25656.5
2025-12-05 00:00:00-05:00,2025-12-05 09:30:00-05:00,15,bullish,25684.25,25707.0,25695.625
2025-12-10 00:00:00-05:00,2025-12-10 09:00:00-05:00,15,bearish,25667.5,25669.25,25668.375
2025-12-11 00:00:00-05:00,2025-12-11 09:30:00-05:00,15,bearish,25591.25,25642.25,25616.75
2025-12-15 00:00:00-05:00,2025-12-15 09:30:00-05:00,15,bearish,25310.5,25371.75,25341.125
2025-12-15 00:00:00-05:00,2025-12-15 09:45:00-05:00,15,bearish,25236.0,25285.75,25260.875
2025-12-17 00:00:00-05:00,2025-12-17 09:30:00-05:00,15,bearish,25115.0,25175.0,25145.0
2025-12-22 00:00:00-05:00,2025-12-22 09:00:00-05:00,15,bullish,25754.5,25757.5,25756.0
2025-12-23 00:00:00-05:00,2025-12-23 09:15:00-05:00,15,bullish,25634.25,25638.0,25636.125
2025-12-23 00:00:00-05:00,2025-12-23 09:30:00-05:00,15,bullish,25649.5,25670.0,25659.75
2025-12-31 00:00:00-05:00,2025-12-31 09:15:00-05:00,15,bearish,25692.25,25698.5,25695.375
2025-12-31 00:00:00-05:00,2025-12-31 09:30:00-05:00,15,bearish,25635.5,25675.5,25655.5
2026-01-05 00:00:00-05:00,2026-01-05 09:00:00-05:00,15,bullish,25591.5,25606.0,25598.75
2026-01-06 00:00:00-05:00,2026-01-06 09:30:00-05:00,15,bullish,25639.75,25661.75,25650.75
2026-01-06 00:00:00-05:00,2026-01-06 09:45:00-05:00,15,bullish,25679.0,25726.25,25702.625
2026-01-07 00:00:00-05:00,2026-01-07 09:30:00-05:00,15,bullish,25791.5,25840.5,25816.0
2026-01-08 00:00:00-05:00,2026-01-08 09:30:00-05:00,15,bearish,25676.25,25774.0,25725.125
2026-01-09 00:00:00-05:00,2026-01-09 09:00:00-05:00,15,bearish,25773.5,25782.75,25778.125
2026-01-12 00:00:00-05:00,2026-01-12 09:30:00-05:00,15,bullish,25750.75,25834.25,25792.5
2026-01-14 00:00:00-05:00,2026-01-14 09:30:00-05:00,15,bearish,25674.25,25734.0,25704.125
2026-01-16 00:00:00-05:00,2026-01-16 09:45:00-05:00,15,bearish,25765.5,25817.5,25791.5
2026-01-19 00:00:00-05:00,2026-01-19 09:00:00-05:00,15,bearish,25314.75,25317.75,25316.25
2026-01-19 00:00:00-05:00,2026-01-19 09:15:00-05:00,15,bearish,25298.0,25305.0,25301.5
2026-01-19 00:00:00-05:00,2026-01-19 09:45:00-05:00,15,bullish,25298.0,25311.75,25304.875
2026-01-20 00:00:00-05:00,2026-01-20 09:30:00-05:00,15,bullish,25253.5,25267.5,25260.5
2026-01-21 00:00:00-05:00,2026-01-21 09:00:00-05:00,15,bullish,25125.75,25165.0,25145.375
2026-01-21 00:00:00-05:00,2026-01-21 09:45:00-05:00,15,bullish,25223.0,25293.0,25258.0
2026-01-22 00:00:00-05:00,2026-01-22 09:30:00-05:00,15,bearish,25659.0,25709.0,25684.0
2026-01-22 00:00:00-05:00,2026-01-22 09:45:00-05:00,15,bearish,25585.25,25612.25,25598.75
2026-01-23 00:00:00-05:00,2026-01-23 09:45:00-05:00,15,bullish,25652.75,25662.5,25657.625
2026-01-26 00:00:00-05:00,2026-01-26 09:30:00-05:00,15,bullish,25749.75,25800.75,25775.25
2026-01-27 00:00:00-05:00,2026-01-27 09:45:00-05:00,15,bullish,26012.5,26022.0,26017.25
2026-01-29 00:00:00-05:00,2026-01-29 09:00:00-05:00,15,bearish,26161.0,26184.25,26172.625
2026-01-29 00:00:00-05:00,2026-01-29 09:30:00-05:00,15,bearish,26008.0,26131.75,26069.875
2026-01-29 00:00:00-05:00,2026-01-29 09:45:00-05:00,15,bearish,25868.5,25946.0,25907.25
2026-02-02 00:00:00-05:00,2026-02-02 09:30:00-05:00,15,bullish,25549.25,25698.25,25623.75
2026-02-03 00:00:00-05:00,2026-02-03 09:00:00-05:00,15,bearish,25957.25,25961.5,25959.375
2026-02-03 00:00:00-05:00,2026-02-03 09:15:00-05:00,15,bearish,25952.5,25953.25,25952.875
2026-02-03 00:00:00-05:00,2026-02-03 09:30:00-05:00,15,bearish,25811.5,25926.75,25869.125
2026-02-03 00:00:00-05:00,2026-02-03 09:45:00-05:00,15,bearish,25647.25,25721.75,25684.5
2026-02-06 00:00:00-05:00,2026-02-06 09:30:00-05:00,15,bullish,24809.25,24847.75,24828.5
2026-02-09 00:00:00-05:00,2026-02-09 09:30:00-05:00,15,bullish,25081.75,25092.25,25087.0
2026-02-10 00:00:00-05:00,2026-02-10 09:00:00-05:00,15,bullish,25374.5,25375.75,25375.125
2026-02-12 00:00:00-05:00,2026-02-12 09:30:00-05:00,15,bearish,25324.25,25346.0,25335.125
2026-02-12 00:00:00-05:00,2026-02-12 09:45:00-05:00,15,bearish,25251.75,25303.75,25277.75
2026-02-16 00:00:00-05:00,2026-02-16 09:00:00-05:00,15,bearish,24792.25,24844.0,24818.125
2026-02-16 00:00:00-05:00,2026-02-16 09:15:00-05:00,15,bearish,24777.0,24782.75,24779.875
2026-02-17 00:00:00-05:00,2026-02-17 09:45:00-05:00,15,bearish,24571.75,24605.75,24588.75
2026-02-18 00:00:00-05:00,2026-02-18 09:45:00-05:00,15,bullish,24868.75,24937.0,24902.875
2026-02-20 00:00:00-05:00,2026-02-20 09:30:00-05:00,15,bullish,24738.75,24845.5,24792.125
2026-02-24 00:00:00-05:00,2026-02-24 09:00:00-05:00,15,bearish,24854.5,24869.5,24862.0
2026-02-24 00:00:00-05:00,2026-02-24 09:30:00-05:00,15,bullish,24854.5,24860.75,24857.625
2026-02-25 00:00:00-05:00,2026-02-25 09:30:00-05:00,15,bullish,25164.75,25270.75,25217.75
2026-02-25 00:00:00-05:00,2026-02-25 09:45:00-05:00,15,bullish,25279.75,25303.5,25291.625
2026-02-26 00:00:00-05:00,2026-02-26 09:15:00-05:00,15,bearish,25342.0,25366.75,25354.375
2026-02-26 00:00:00-05:00,2026-02-26 09:30:00-05:00,15,bearish,25265.5,25340.0,25302.75
2026-02-26 00:00:00-05:00,2026-02-26 09:45:00-05:00,15,bearish,25211.0,25224.75,25217.875
2026-03-02 00:00:00-05:00,2026-03-02 09:30:00-05:00,15,bullish,24649.5,24810.0,24729.75
2026-03-05 00:00:00-05:00,2026-03-05 09:30:00-05:00,15,bullish,25002.25,25035.25,25018.75
2026-03-05 00:00:00-05:00,2026-03-05 09:45:00-05:00,15,bullish,25125.25,25126.0,25125.625
2026-03-09 00:00:00-04:00,2026-03-09 09:00:00-04:00,15,bullish,24383.0,24387.5,24385.25
2026-03-11 00:00:00-04:00,2026-03-11 09:00:00-04:00,15,bullish,24958.75,24960.25,24959.5
2026-03-11 00:00:00-04:00,2026-03-11 09:15:00-04:00,15,bullish,24999.5,25035.0,25017.25
2026-03-13 00:00:00-04:00,2026-03-13 09:30:00-04:00,15,bullish,24684.5,24720.75,24702.625
2026-03-17 00:00:00-04:00,2026-03-17 09:00:00-04:00,15,bullish,24719.5,24750.75,24735.125
2026-03-17 00:00:00-04:00,2026-03-17 09:30:00-04:00,15,bullish,24809.0,24838.25,24823.625
2026-03-19 00:00:00-04:00,2026-03-19 09:45:00-04:00,15,bullish,24239.25,24257.5,24248.375
2026-03-26 00:00:00-04:00,2026-03-26 09:00:00-04:00,15,bullish,24121.5,24125.5,24123.5
2026-03-26 00:00:00-04:00,2026-03-26 09:45:00-04:00,15,bullish,24158.5,24168.25,24163.375
2026-03-30 00:00:00-04:00,2026-03-30 09:30:00-04:00,15,bearish,23405.75,23496.5,23451.125
2026-03-31 00:00:00-04:00,2026-03-31 09:30:00-04:00,15,bullish,23406.0,23416.75,23411.375
2026-03-31 00:00:00-04:00,2026-03-31 09:45:00-04:00,15,bullish,23470.0,23495.25,23482.625
2026-04-02 00:00:00-04:00,2026-04-02 09:45:00-04:00,15,bullish,23819.0,23858.5,23838.75
2026-04-06 00:00:00-04:00,2026-04-06 09:30:00-04:00,15,bullish,24315.25,24326.5,24320.875
2026-04-07 00:00:00-04:00,2026-04-07 09:30:00-04:00,15,bearish,24210.0,24212.75,24211.375
2026-04-07 00:00:00-04:00,2026-04-07 09:45:00-04:00,15,bearish,24129.5,24187.75,24158.625
2026-04-08 00:00:00-04:00,2026-04-08 09:30:00-04:00,15,bearish,25161.25,25186.5,25173.875
2026-04-13 00:00:00-04:00,2026-04-13 09:45:00-04:00,15,bullish,25239.25,25276.0,25257.625
2026-04-14 00:00:00-04:00,2026-04-14 09:30:00-04:00,15,bullish,25682.75,25717.0,25699.875
2026-04-16 00:00:00-04:00,2026-04-16 09:30:00-04:00,15,bearish,26394.75,26397.75,26396.25
2026-04-17 00:00:00-04:00,2026-04-17 09:45:00-04:00,15,bullish,26720.75,26725.75,26723.25
2026-04-29 00:00:00-04:00,2026-04-29 09:15:00-04:00,15,bearish,27218.5,27225.75,27222.125
2026-04-30 00:00:00-04:00,2026-04-30 09:15:00-04:00,15,bearish,27490.75,27497.0,27493.875
2026-04-30 00:00:00-04:00,2026-04-30 09:30:00-04:00,15,bearish,27365.25,27486.5,27425.875
2025-05-08 00:00:00-04:00,2025-05-08 09:00:00-04:00,60,bearish,20124.75,20135.75,20130.25
2025-05-12 00:00:00-04:00,2025-05-12 09:00:00-04:00,60,bearish,20849.5,20906.75,20878.125
2025-05-13 00:00:00-04:00,2025-05-13 09:00:00-04:00,60,bullish,21064.0,21114.5,21089.25
2025-05-19 00:00:00-04:00,2025-05-19 09:00:00-04:00,60,bullish,21219.5,21347.25,21283.375
2025-05-21 00:00:00-04:00,2025-05-21 09:00:00-04:00,60,bullish,21342.25,21362.25,21352.25
2025-05-23 00:00:00-04:00,2025-05-23 09:00:00-04:00,60,bullish,20840.0,20881.0,20860.5
2025-05-28 00:00:00-04:00,2025-05-28 09:00:00-04:00,60,bearish,21487.75,21500.0,21493.875
2025-05-29 00:00:00-04:00,2025-05-29 09:00:00-04:00,60,bearish,21534.0,21620.0,21577.0
2025-06-03 00:00:00-04:00,2025-06-03 09:00:00-04:00,60,bullish,21543.75,21557.5,21550.625
2025-06-16 00:00:00-04:00,2025-06-16 09:00:00-04:00,60,bullish,21842.5,21919.5,21881.0
2025-06-19 00:00:00-04:00,2025-06-19 09:00:00-04:00,60,bearish,21519.0,21527.0,21523.0
2025-06-23 00:00:00-04:00,2025-06-23 09:00:00-04:00,60,bullish,21886.25,21925.25,21905.75
2025-07-02 00:00:00-04:00,2025-07-02 09:00:00-04:00,60,bullish,22685.75,22702.75,22694.25
2025-07-03 00:00:00-04:00,2025-07-03 09:00:00-04:00,60,bullish,22937.5,22995.0,22966.25
2025-07-10 00:00:00-04:00,2025-07-10 09:00:00-04:00,60,bearish,22986.75,23035.0,23010.875
2025-07-11 00:00:00-04:00,2025-07-11 09:00:00-04:00,60,bullish,22920.5,22939.0,22929.75
2025-07-21 00:00:00-04:00,2025-07-21 09:00:00-04:00,60,bullish,23284.0,23376.0,23330.0
2025-07-22 00:00:00-04:00,2025-07-22 09:00:00-04:00,60,bearish,23229.75,23320.0,23274.875
2025-07-23 00:00:00-04:00,2025-07-23 09:00:00-04:00,60,bearish,23204.0,23230.5,23217.25
2025-07-31 00:00:00-04:00,2025-07-31 09:00:00-04:00,60,bearish,23700.0,23755.75,23727.875
2025-08-01 00:00:00-04:00,2025-08-01 09:00:00-04:00,60,bearish,23022.5,23060.25,23041.375
2025-08-04 00:00:00-04:00,2025-08-04 09:00:00-04:00,60,bullish,23092.0,23194.0,23143.0
2025-08-08 00:00:00-04:00,2025-08-08 09:00:00-04:00,60,bullish,23576.0,23626.25,23601.125
2025-08-15 00:00:00-04:00,2025-08-15 09:00:00-04:00,60,bearish,23883.25,23884.25,23883.75
2025-08-19 00:00:00-04:00,2025-08-19 09:00:00-04:00,60,bearish,23728.0,23739.25,23733.625
2025-08-20 00:00:00-04:00,2025-08-20 09:00:00-04:00,60,bearish,23214.5,23396.5,23305.5
2025-08-25 00:00:00-04:00,2025-08-25 09:00:00-04:00,60,bullish,23497.75,23504.5,23501.125
2025-08-26 00:00:00-04:00,2025-08-26 09:00:00-04:00,60,bullish,23480.0,23482.0,23481.0
2025-08-29 00:00:00-04:00,2025-08-29 09:00:00-04:00,60,bearish,23551.75,23621.0,23586.375
2025-09-08 00:00:00-04:00,2025-09-08 09:00:00-04:00,60,bullish,23779.25,23806.25,23792.75
2025-09-15 00:00:00-04:00,2025-09-15 09:00:00-04:00,60,bullish,24175.0,24221.0,24198.0
2025-09-16 00:00:00-04:00,2025-09-16 09:00:00-04:00,60,bearish,24318.25,24340.25,24329.25
2025-09-17 00:00:00-04:00,2025-09-17 09:00:00-04:00,60,bearish,24240.0,24258.5,24249.25
2025-09-22 00:00:00-04:00,2025-09-22 09:00:00-04:00,60,bullish,24806.25,24854.75,24830.5
2025-09-23 00:00:00-04:00,2025-09-23 09:00:00-04:00,60,bearish,24975.0,24983.25,24979.125
2025-09-24 00:00:00-04:00,2025-09-24 09:00:00-04:00,60,bearish,24841.0,24869.25,24855.125
2025-09-29 00:00:00-04:00,2025-09-29 09:00:00-04:00,60,bullish,24909.5,24917.25,24913.375
2025-10-02 00:00:00-04:00,2025-10-02 09:00:00-04:00,60,bearish,25091.75,25143.25,25117.5
2025-10-08 00:00:00-04:00,2025-10-08 09:00:00-04:00,60,bullish,25089.5,25172.75,25131.125
2025-10-09 00:00:00-04:00,2025-10-09 09:00:00-04:00,60,bearish,25289.0,25310.5,25299.75
2025-10-20 00:00:00-04:00,2025-10-20 09:00:00-04:00,60,bullish,25132.5,25210.25,25171.375
2025-10-23 00:00:00-04:00,2025-10-23 09:00:00-04:00,60,bullish,25011.75,25083.75,25047.75
2025-10-31 00:00:00-04:00,2025-10-31 09:00:00-04:00,60,bearish,26181.5,26204.0,26192.75
2025-11-05 00:00:00-05:00,2025-11-05 09:00:00-05:00,60,bullish,25595.75,25618.5,25607.125
2025-11-06 00:00:00-05:00,2025-11-06 09:00:00-05:00,60,bearish,25544.0,25761.5,25652.75
2025-11-07 00:00:00-05:00,2025-11-07 09:00:00-05:00,60,bearish,25045.0,25066.5,25055.75
2025-11-12 00:00:00-05:00,2025-11-12 09:00:00-05:00,60,bearish,25659.75,25786.75,25723.25
2025-11-14 00:00:00-05:00,2025-11-14 09:00:00-05:00,60,bullish,24766.5,24862.5,24814.5
2025-11-18 00:00:00-05:00,2025-11-18 09:00:00-05:00,60,bearish,24610.25,24694.25,24652.25
2025-11-19 00:00:00-05:00,2025-11-19 09:00:00-05:00,60,bullish,24709.75,24747.25,24728.5
2025-11-24 00:00:00-05:00,2025-11-24 09:00:00-05:00,60,bullish,24564.25,24664.0,24614.125
2025-12-02 00:00:00-05:00,2025-12-02 09:00:00-05:00,60,bullish,25514.75,25528.0,25521.375
2025-12-03 00:00:00-05:00,2025-12-03 09:00:00-05:00,60,bearish,25605.25,25640.0,25622.625
2025-12-05 00:00:00-05:00,2025-12-05 09:00:00-05:00,60,bullish,25710.0,25716.5,25713.25
2025-12-08 00:00:00-05:00,2025-12-08 09:00:00-05:00,60,bearish,25778.5,25784.75,25781.625
2025-12-11 00:00:00-05:00,2025-12-11 09:00:00-05:00,60,bearish,25629.25,25632.25,25630.75
2025-12-15 00:00:00-05:00,2025-12-15 09:00:00-05:00,60,bearish,25236.0,25336.25,25286.125
2025-12-17 00:00:00-05:00,2025-12-17 09:00:00-05:00,60,bearish,25112.0,25154.0,25133.0
2025-12-31 00:00:00-05:00,2025-12-31 09:00:00-05:00,60,bearish,25618.0,25622.5,25620.25
2026-01-06 00:00:00-05:00,2026-01-06 09:00:00-05:00,60,bullish,25652.75,25673.0,25662.875
2026-01-07 00:00:00-05:00,2026-01-07 09:00:00-05:00,60,bullish,25793.75,25809.0,25801.375
2026-01-08 00:00:00-05:00,2026-01-08 09:00:00-05:00,60,bearish,25713.5,25757.0,25735.25
2026-01-12 00:00:00-05:00,2026-01-12 09:00:00-05:00,60,bullish,25762.75,25863.5,25813.125
2026-01-14 00:00:00-05:00,2026-01-14 09:00:00-05:00,60,bearish,25695.0,25732.5,25713.75
2026-01-16 00:00:00-05:00,2026-01-16 09:00:00-05:00,60,bearish,25765.5,25801.75,25783.625
2026-01-21 00:00:00-05:00,2026-01-21 09:00:00-05:00,60,bullish,25125.75,25293.0,25209.375
2026-01-22 00:00:00-05:00,2026-01-22 09:00:00-05:00,60,bearish,25658.75,25677.5,25668.125
2026-01-23 00:00:00-05:00,2026-01-23 09:00:00-05:00,60,bullish,25635.75,25662.5,25649.125
2026-01-26 00:00:00-05:00,2026-01-26 09:00:00-05:00,60,bullish,25722.75,25803.0,25762.875
2026-01-27 00:00:00-05:00,2026-01-27 09:00:00-05:00,60,bullish,26018.25,26022.0,26020.125
2026-01-29 00:00:00-05:00,2026-01-29 09:00:00-05:00,60,bearish,25868.5,26150.75,26009.625
2026-02-02 00:00:00-05:00,2026-02-02 09:00:00-05:00,60,bullish,25540.0,25714.0,25627.0
2026-02-03 00:00:00-05:00,2026-02-03 09:00:00-05:00,60,bearish,25647.25,25961.5,25804.375
2026-02-04 00:00:00-05:00,2026-02-04 09:00:00-05:00,60,bearish,25305.75,25342.25,25324.0
2026-02-12 00:00:00-05:00,2026-02-12 09:00:00-05:00,60,bearish,25260.25,25320.0,25290.125
2026-02-16 00:00:00-05:00,2026-02-16 09:00:00-05:00,60,bearish,24797.5,24844.0,24820.75
2026-02-18 00:00:00-05:00,2026-02-18 09:00:00-05:00,60,bullish,24921.75,24937.0,24929.375
2026-02-25 00:00:00-05:00,2026-02-25 09:00:00-05:00,60,bullish,25166.0,25264.75,25215.375
2026-02-26 00:00:00-05:00,2026-02-26 09:00:00-05:00,60,bearish,25211.0,25360.75,25285.875
2026-03-02 00:00:00-05:00,2026-03-02 09:00:00-05:00,60,bullish,24739.75,24803.0,24771.375
2026-03-12 00:00:00-04:00,2026-03-12 09:00:00-04:00,60,bearish,24750.0,24801.0,24775.5
2026-03-17 00:00:00-04:00,2026-03-17 09:00:00-04:00,60,bullish,24724.5,24778.5,24751.5
2026-03-27 00:00:00-04:00,2026-03-27 09:00:00-04:00,60,bearish,23558.75,23596.75,23577.75
2026-03-30 00:00:00-04:00,2026-03-30 09:00:00-04:00,60,bearish,23383.0,23435.5,23409.25
2026-04-02 00:00:00-04:00,2026-04-02 09:00:00-04:00,60,bullish,23757.75,23858.5,23808.125
2026-04-08 00:00:00-04:00,2026-04-08 09:00:00-04:00,60,bearish,25107.0,25154.5,25130.75
2026-04-13 00:00:00-04:00,2026-04-13 09:00:00-04:00,60,bullish,25180.0,25245.0,25212.5
2026-04-15 00:00:00-04:00,2026-04-15 09:00:00-04:00,60,bullish,26007.5,26047.25,26027.375
2026-04-30 00:00:00-04:00,2026-04-30 09:00:00-04:00,60,bearish,27376.25,27437.5,27406.875
