today,prior,today_h1_frac,today_h1_price,prior_m5_frac,prior_m5_price,dist_pts,tol_pts,h1_range,days_back
2026-03-05,2026-03-04,-0.25,24906.5,0.75,24908.125,1.625,2.25,225.0,1
2026-03-05,2026-03-04,0.0,24962.75,1.25,24962.875,0.125,2.25,225.0,1
2026-03-05,2026-03-04,0.25,25019.0,1.75,25017.625,1.375,2.25,225.0,1
2026-03-09,2026-03-06,2.0,24737.5,1.25,24737.3125,0.1875,2.1225,212.25,3
2026-03-10,2026-03-04,-0.5,24880.0,0.5,24880.75,0.75,1.345,134.5,6
2026-03-10,2026-03-05,1.75,25182.625,1.5,25182.625,0.0,1.345,134.5,5
2026-03-11,2026-03-04,-1.0,24771.5,-0.5,24771.25,0.25,1.72,172.0,7
2026-03-11,2026-03-05,0.25,24986.5,-0.5,24987.125,0.625,1.72,172.0,6
2026-03-11,2026-03-05,1.25,25158.5,1.25,25158.1875,0.3125,1.72,172.0,6
2026-03-11,2026-03-10,0.75,25072.5,1.25,25071.875,0.625,1.72,172.0,1
2026-03-12,2026-03-04,0.75,24797.1875,-0.25,24798.625,1.4375,2.2225,222.25,8
2026-03-12,2026-03-04,1.0,24852.75,0.25,24853.375,0.625,2.2225,222.25,8
2026-03-12,2026-03-04,1.25,24908.3125,0.75,24908.125,0.1875,2.2225,222.25,8
2026-03-12,2026-03-04,1.5,24963.875,1.25,24962.875,1.0,2.2225,222.25,8
2026-03-12,2026-03-04,1.75,25019.4375,1.75,25017.625,1.8125,2.2225,222.25,8
2026-03-12,2026-03-05,1.5,24963.875,-0.75,24962.6875,1.1875,2.2225,222.25,7
2026-03-12,2026-03-06,-0.25,24574.9375,-0.75,24574.8125,0.125,2.2225,222.25,6
2026-03-12,2026-03-06,0.75,24797.1875,2.0,24798.25,1.0625,2.2225,222.25,6
2026-03-12,2026-03-10,1.5,24963.875,-0.5,24964.25,0.375,2.2225,222.25,2
2026-03-12,2026-03-11,1.75,25019.4375,-0.25,25020.0625,0.625,2.2225,222.25,1
2026-03-13,2026-03-04,1.25,24853.8125,0.25,24853.375,0.4375,1.9425000000000001,194.25,9
2026-03-13,2026-03-06,0.75,24756.6875,1.5,24757.625,0.9375,1.9425000000000001,194.25,7
2026-03-13,2026-03-12,0.0,24611.0,-0.75,24609.3125,1.6875,1.9425000000000001,194.25,1
2026-03-13,2026-03-12,1.25,24853.8125,2.0,24854.75,0.9375,1.9425000000000001,194.25,1
2026-03-16,2026-03-04,1.25,24770.5,-0.5,24771.25,0.75,1.18,118.0,12
2026-03-16,2026-03-13,1.75,24829.5,1.5,24830.25,0.75,1.18,118.0,3
2026-03-17,2026-03-04,-1.0,24742.0,-0.75,24743.875,1.875,1.875,187.5,13
2026-03-17,2026-03-04,-0.25,24882.625,0.5,24880.75,1.875,1.875,187.5,13
2026-03-17,2026-03-10,0.75,25070.125,1.25,25071.875,1.75,1.875,187.5,7
2026-03-17,2026-03-10,1.0,25117.0,2.0,25118.0,1.0,1.875,187.5,7
2026-03-17,2026-03-12,-1.0,24742.0,0.75,24743.1875,1.1875,1.875,187.5,5
2026-03-17,2026-03-12,-0.75,24788.875,1.25,24787.8125,1.0625,1.875,187.5,5
2026-03-17,2026-03-13,-1.0,24742.0,-0.25,24742.75,0.75,1.875,187.5,4
2026-03-18,2026-03-05,2.0,25132.5,1.0,25133.75,1.25,1.3425,134.25,13
2026-03-18,2026-03-10,0.75,24964.6875,-0.5,24964.25,0.4375,1.3425,134.25,8
2026-03-18,2026-03-11,1.5,25065.375,0.5,25066.375,1.0,1.3425,134.25,7
2026-03-18,2026-03-13,-1.0,24729.75,-0.5,24730.25,0.5,1.3425,134.25,5
2026-03-18,2026-03-13,-0.25,24830.4375,1.5,24830.25,0.1875,1.3425,134.25,5
2026-03-18,2026-03-17,2.0,25132.5,1.25,25132.375,0.125,1.3425,134.25,1
2026-03-19,2026-03-04,2.0,24715.75,-1.0,24716.5,0.75,1.945,194.5,15
2026-03-19,2026-03-06,2.0,24715.75,1.0,24717.0,1.25,1.945,194.5,13
2026-03-19,2026-03-09,0.0,24326.75,-0.25,24325.0625,1.6875,1.945,194.5,10
2026-03-19,2026-03-16,1.5,24618.5,-0.75,24619.5,1.0,1.945,194.5,3
2026-03-19,2026-03-16,1.75,24667.125,0.0,24669.0,1.875,1.945,194.5,3
2026-03-20,2026-03-09,0.25,24341.6875,0.0,24344.0,2.3125,2.4775,247.75,11
2026-03-20,2026-03-12,1.25,24589.4375,-1.0,24587.0,2.4375,2.4775,247.75,8
2026-03-20,2026-03-16,1.5,24651.375,-0.25,24652.5,1.125,2.4775,247.75,4
2026-03-20,2026-03-19,0.25,24341.6875,-0.75,24342.4375,0.75,2.4775,247.75,1
2026-03-20,2026-03-19,1.0,24527.5,2.0,24526.0,1.5,2.4775,247.75,1
2026-03-23,2026-03-06,0.75,24594.125,-0.5,24595.125,1.0,2.1550000000000002,215.5,17
2026-03-23,2026-03-06,1.5,24755.75,1.5,24757.625,1.875,2.1550000000000002,215.5,17
2026-03-23,2026-03-09,-0.5,24324.75,-0.25,24325.0625,0.3125,2.1550000000000002,215.5,14
2026-03-23,2026-03-12,1.75,24809.625,1.5,24810.125,0.5,2.1550000000000002,215.5,11
2026-03-23,2026-03-13,1.5,24755.75,0.0,24755.25,0.5,2.1550000000000002,215.5,10
2026-03-23,2026-03-16,1.25,24701.875,0.5,24702.0,0.125,2.1550000000000002,215.5,7
2026-03-23,2026-03-19,-0.5,24324.75,-1.0,24325.75,1.0,2.1550000000000002,215.5,4
2026-03-23,2026-03-20,0.25,24486.375,1.25,24486.0,0.375,2.1550000000000002,215.5,3
2026-03-24,2026-03-09,1.25,24363.375,0.25,24362.9375,0.4375,1.835,183.5,15
2026-03-24,2026-03-19,1.5,24409.25,0.25,24409.1875,0.0625,1.835,183.5,5
2026-03-24,2026-03-20,1.75,24455.125,0.75,24454.0,1.125,1.835,183.5,4
2026-03-24,2026-03-20,2.0,24501.0,1.5,24502.0,1.0,1.835,183.5,4
2026-03-25,2026-03-09,0.25,24402.0625,0.75,24400.8125,1.25,1.6525,165.25,16
2026-03-25,2026-03-12,1.5,24608.625,-0.75,24609.3125,0.6875,1.6525,165.25,13
2026-03-25,2026-03-19,0.0,24360.75,-0.5,24359.125,1.625,1.6525,165.25,6
2026-03-25,2026-03-19,0.5,24443.375,0.75,24442.5625,0.8125,1.6525,165.25,6
2026-03-25,2026-03-19,1.0,24526.0,2.0,24526.0,0.0,1.6525,165.25,6
2026-03-25,2026-03-20,0.75,24484.6875,1.25,24486.0,1.3125,1.6525,165.25,5
2026-03-26,2026-03-09,2.0,24402.5,0.75,24400.8125,1.6875,1.6925000000000001,169.25,17
2026-03-26,2026-03-19,1.75,24360.1875,-0.5,24359.125,1.0625,1.6925000000000001,169.25,7
2026-03-26,2026-03-24,0.75,24190.9375,0.5,24190.75,0.1875,1.6925000000000001,169.25,2
2026-03-26,2026-03-25,2.0,24402.5,-0.25,24401.6875,0.8125,1.6925000000000001,169.25,1
2026-03-30,2026-03-27,1.5,23661.0,1.25,23661.875,0.875,2.455,245.5,3
2026-03-31,2026-03-27,1.0,23575.0,-0.25,23574.125,0.875,2.18,218.0,4
2026-03-31,2026-03-30,-0.25,23302.5,-1.0,23300.5,2.0,2.18,218.0,1
2026-04-01,2026-03-24,0.25,24075.6875,-1.0,24076.75,1.0625,1.5875000000000001,158.75,8
2026-04-01,2026-03-24,0.5,24115.375,-0.5,24114.75,0.625,1.5875000000000001,158.75,8
2026-04-01,2026-03-26,0.75,24155.0625,0.25,24156.375,1.3125,1.5875000000000001,158.75,6
2026-04-01,2026-03-26,1.0,24194.75,1.0,24195.0,0.25,1.5875000000000001,158.75,6
2026-04-01,2026-03-26,1.25,24234.4375,1.75,24233.625,0.8125,1.5875000000000001,158.75,6
2026-04-02,2026-03-27,0.0,23678.0,1.5,23676.5,1.5,2.3025,230.25,6
2026-04-02,2026-03-31,-1.0,23447.75,0.25,23446.1875,1.5625,2.3025,230.25,2
2026-04-02,2026-03-31,-0.75,23505.3125,0.75,23504.5625,0.75,2.3025,230.25,2
2026-04-02,2026-03-31,-0.5,23562.875,1.25,23562.9375,0.0625,2.3025,230.25,2
2026-04-02,2026-03-31,-0.25,23620.4375,1.75,23621.3125,0.875,2.3025,230.25,2
2026-04-02,2026-04-01,2.0,24138.5,1.25,24139.0625,0.5625,2.3025,230.25,1
2026-04-06,2026-03-09,0.25,24288.5,-0.75,24287.1875,1.3125,1.71,171.0,28
2026-04-06,2026-03-12,2.0,24587.75,-1.0,24587.0,0.75,1.71,171.0,25
2026-04-06,2026-03-19,1.25,24459.5,1.0,24459.25,0.25,1.71,171.0,18
2026-04-06,2026-03-20,0.75,24374.0,-0.5,24374.0,0.0,1.71,171.0,17
2026-04-06,2026-03-20,1.5,24502.25,1.5,24502.0,0.25,1.71,171.0,17
2026-04-06,2026-03-23,1.0,24416.75,-0.75,24418.1875,1.4375,1.71,171.0,14
2026-04-06,2026-03-25,0.75,24374.0,-0.75,24375.5625,1.5625,1.71,171.0,12
2026-04-06,2026-03-26,-0.75,24117.5,-0.5,24117.75,0.25,1.71,171.0,11
2026-04-06,2026-03-26,0.0,24245.75,2.0,24246.5,0.75,1.71,171.0,11
2026-04-06,2026-04-01,-1.0,24074.75,0.25,24074.8125,0.0625,1.71,171.0,5
2026-04-07,2026-03-09,1.0,24308.0,-0.5,24306.125,1.875,1.9000000000000001,190.0,29
2026-04-07,2026-03-25,1.5,24403.0,-0.25,24401.6875,1.3125,1.9000000000000001,190.0,13
2026-04-07,2026-03-26,0.0,24118.0,-0.5,24117.75,0.25,1.9000000000000001,190.0,12
2026-04-07,2026-04-06,1.25,24355.5,0.5,24355.125,0.375,1.9000000000000001,190.0,1
2026-04-08,2026-03-04,-0.25,25017.5625,1.75,25017.625,0.0625,1.8575,185.75,35
2026-04-08,2026-03-05,0.25,25110.4375,0.75,25109.3125,1.125,1.8575,185.75,34
2026-04-08,2026-03-05,0.5,25156.875,1.25,25158.1875,1.3125,1.8575,185.75,34
2026-04-08,2026-03-18,-0.75,24924.6875,-0.5,24922.875,1.8125,1.8575,185.75,21
2026-04-09,2026-03-05,0.75,25085.0,0.5,25084.875,0.125,1.06,106.0,35
2026-04-09,2026-03-10,-0.25,24979.0,-0.25,24979.625,0.625,1.06,106.0,30
2026-04-09,2026-03-11,0.0,25005.5,-0.5,25004.625,0.875,1.06,106.0,29
2026-04-10,2026-03-05,-0.75,25231.4375,2.0,25231.5,0.0625,0.7875,78.75,36
2026-04-13,2026-03-10,-0.75,25041.375,0.75,25041.125,0.25,1.5350000000000001,153.5,34
2026-04-13,2026-03-10,-0.25,25118.125,2.0,25118.0,0.125,1.5350000000000001,153.5,34
2026-04-13,2026-03-17,-0.75,25041.375,-0.25,25040.125,1.25,1.5350000000000001,153.5,27
2026-04-13,2026-03-17,-0.25,25118.125,1.0,25117.0,1.125,1.5350000000000001,153.5,27
2026-04-13,2026-04-08,-0.5,25079.75,-0.25,25081.25,1.5,1.5350000000000001,153.5,5
2026-04-20,2026-04-17,-0.75,26631.75,0.0,26632.25,0.5,1.12,112.0,3
2026-04-21,2026-04-20,0.25,26754.8125,0.75,26755.3125,0.5,1.1225,112.25,1
2026-04-22,2026-04-21,-1.0,26730.25,-0.25,26730.9375,0.6875,0.8125,81.25,1
2026-04-24,2026-04-23,-1.0,26993.75,-0.75,26992.5,1.25,1.365,136.5,1
2026-04-27,2026-04-24,-1.0,27162.0,-1.0,27163.0,1.0,1.365,136.5,3
2026-04-28,2026-04-23,-0.5,26976.375,-1.0,26976.75,0.375,1.8375000000000001,183.75,5
2026-04-28,2026-04-23,-0.25,27022.3125,-0.25,27024.0,1.6875,1.8375000000000001,183.75,5
2026-04-28,2026-04-24,0.75,27206.0625,0.0,27204.5,1.5625,1.8375000000000001,183.75,4
2026-04-28,2026-04-27,1.75,27389.8125,1.0,27388.25,1.5625,1.8375000000000001,183.75,1
2026-04-28,2026-04-27,2.0,27435.75,1.75,27435.6875,0.0625,1.8375000000000001,183.75,1
2026-04-29,2026-04-28,1.0,27251.25,1.0,27252.0,0.75,1.27,127.0,1
2026-04-30,2026-04-22,-1.0,26866.0,0.75,26866.0,0.0,3.37,337.0,8
2026-04-30,2026-04-23,-0.25,27118.75,1.25,27118.5,0.25,3.37,337.0,7
2026-04-30,2026-04-24,0.0,27203.0,0.0,27204.5,1.5,3.37,337.0,6
2026-04-30,2026-04-24,0.25,27287.25,2.0,27287.5,0.25,3.37,337.0,6
2026-04-30,2026-04-27,0.5,27371.5,0.75,27372.4375,0.9375,3.37,337.0,3
2026-04-30,2026-04-28,0.0,27203.0,0.0,27205.0,2.0,3.37,337.0,2
2026-04-30,2026-04-28,0.25,27287.25,1.75,27287.25,0.0,3.37,337.0,2
2026-05-01,2026-04-24,-1.0,27275.75,1.75,27277.125,1.375,3.0,300.0,7
2026-05-01,2026-04-27,-1.0,27275.75,-0.75,27277.5625,1.8125,3.0,300.0,4
2026-05-01,2026-04-28,-1.0,27275.75,1.5,27275.5,0.25,3.0,300.0,3
2026-05-01,2026-04-30,-0.5,27425.75,1.75,27424.5,1.25,3.0,300.0,1
